Dauphin Island,30.2525,-88.1438,1003.000000,662.000000
Gulf Shores,30.2759,-87.7013,1016.000000,662.000000
Orange Beach,30.2941,-87.5851,1019.000000,661.000000
Bon Secour,30.3222,-87.7271,1015.000000,660.000000
Perdido Beach,30.3554,-87.5036,1021.000000,659.000000
Elberta,30.3855,-87.5888,1019.000000,658.000000
Foley,30.3983,-87.6649,1017.000000,658.000000
Magnolia Springs,30.4003,-87.7748,1014.000000,658.000000
Lillian,30.4122,-87.432,1023.000000,657.000000
Bayou La Batre,30.4126,-88.261,1000.000000,657.000000
Grand Bay,30.4717,-88.345,998.000000,655.000000
Summerdale,30.4783,-87.6904,1016.000000,655.000000
Point Clear,30.4902,-87.9105,1010.000000,654.000000
Belle Fontaine,30.492,-88.1131,1004.000000,654.000000
Fairhope,30.5217,-87.8815,1011.000000,653.000000
Theodore,30.5408,-88.1884,1002.000000,653.000000
Silverhill,30.5455,-87.7505,1014.000000,653.000000
Robertsdale,30.5534,-87.7023,1016.000000,652.000000
Tillmans Corner,30.5818,-88.2128,1001.000000,651.000000
Daphne,30.6286,-87.8866,1010.000000,650.000000
Mobile,30.6783,-88.1162,1004.000000,648.000000
Loxley,30.6813,-87.7418,1015.000000,648.000000
Spanish Fort,30.7257,-87.8601,1011.000000,646.000000
Stapleton,30.7394,-87.7943,1013.000000,646.000000
Chickasaw,30.7714,-88.0793,1005.000000,645.000000
Prichard,30.7735,-88.1301,1004.000000,645.000000
Semmes,30.7941,-88.2358,1001.000000,644.000000
Saraland,30.8478,-88.1004,1004.000000,642.000000
Satsuma,30.8577,-88.0632,1005.000000,642.000000
Creola,30.8903,-88.01,1007.000000,641.000000
Bay Minette,30.893,-87.7912,1013.000000,641.000000
Chunchula,30.9237,-88.2072,1001.000000,640.000000
Axis,30.9296,-88.0179,1007.000000,640.000000
Stockton,30.9946,-87.86,1011.000000,637.000000
Gulfcrest,30.9925,-88.2399,1000.000000,637.000000
Perdido,31.0033,-87.6324,1018.000000,637.000000
Flomaton,31.0127,-87.2541,1028.000000,637.000000
Lockhart,31.0128,-86.3505,1054.000000,637.000000
Black,31.0102,-85.7428,1071.000000,637.000000
Florala,31.0176,-86.3138,1055.000000,637.000000
Bucks,31.017,-88.0249,1007.000000,637.000000
Pollard,31.0236,-87.1736,1031.000000,636.000000
Eunola,31.0326,-85.8409,1068.000000,636.000000
Madrid,31.0356,-85.3992,1081.000000,636.000000
Geneva,31.0437,-85.8763,1067.000000,636.000000
Riverview,31.0587,-87.0709,1033.000000,635.000000
Cottonwood,31.0552,-85.3007,1083.000000,635.000000
Movico,31.0628,-88.0266,1007.000000,635.000000
East Brewton,31.0906,-87.0556,1034.000000,634.000000
Mount Vernon,31.0889,-88.0137,1007.000000,634.000000
Atmore,31.0927,-87.4763,1022.000000,634.000000
Citronelle,31.0952,-88.2468,1000.000000,634.000000
Brewton,31.1111,-87.0737,1033.000000,634.000000
Hartford,31.1055,-85.6916,1072.000000,634.000000
Samson,31.1124,-86.0462,1062.000000,633.000000
Slocomb,31.1103,-85.5954,1075.000000,633.000000
Rehobeth,31.1242,-85.4382,1080.000000,633.000000
Malvern,31.1428,-85.521,1077.000000,632.000000
Gordon,31.1436,-85.0925,1089.000000,632.000000
Calvert,31.154,-88.0169,1007.000000,632.000000
Coffee Springs,31.1664,-85.9102,1066.000000,632.000000
Taylor,31.1658,-85.4697,1079.000000,631.000000
Fairford,31.178,-88.0728,1005.000000,631.000000
Avon,31.1799,-85.2802,1084.000000,631.000000
Ashford,31.1858,-85.2359,1085.000000,631.000000
Malcolm,31.1945,-88.0016,1007.000000,631.000000
Cowarts,31.2041,-85.3062,1083.000000,630.000000
Kinston,31.22,-86.1705,1059.000000,630.000000
Deer Park,31.2198,-88.3226,998.000000,630.000000
Onycha,31.2246,-86.2785,1056.000000,630.000000
Carolina,31.2337,-86.5227,1049.000000,629.000000
Horn Hill,31.2382,-86.3211,1055.000000,629.000000
Dothan,31.2335,-85.4069,1081.000000,629.000000
Libertyville,31.2428,-86.46,1051.000000,629.000000
Clayhatchee,31.2434,-85.7136,1072.000000,629.000000
Vinegar Bend,31.2594,-88.3712,997.000000,628.000000
Webb,31.2572,-85.2896,1084.000000,628.000000
McIntosh,31.2649,-88.0284,1006.000000,628.000000
Opp,31.2848,-86.257,1056.000000,628.000000
Daleville,31.2915,-85.7117,1072.000000,627.000000
Castleberry,31.3001,-87.027,1035.000000,627.000000
Sanford,31.3006,-86.3975,1053.000000,627.000000
Kinsey,31.2926,-85.3353,1083.000000,627.000000
Babbie,31.3022,-86.3229,1055.000000,627.000000
Uriah,31.3073,-87.4992,1021.000000,627.000000
Grimes,31.2999,-85.4502,1079.000000,627.000000
Columbia,31.2968,-85.1103,1089.000000,627.000000
Andalusia,31.3101,-86.4781,1050.000000,627.000000
Level Plains,31.3071,-85.7687,1070.000000,627.000000
Napier Field,31.3149,-85.4549,1079.000000,626.000000
Midland City,31.3157,-85.4937,1078.000000,626.000000
Pinckard,31.3173,-85.543,1077.000000,626.000000
Enterprise,31.3276,-85.8459,1068.000000,626.000000
Carlton,31.343,-87.8378,1012.000000,626.000000
Fort Rucker,31.3428,-85.7154,1072.000000,625.000000
Newton,31.3423,-85.5893,1075.000000,625.000000
Fruitdale,31.3429,-88.4109,996.000000,625.000000
River Falls,31.3524,-86.5412,1048.000000,625.000000
Heath,31.3579,-86.4673,1051.000000,625.000000
Headland,31.3501,-85.3523,1082.000000,625.000000
Tibbie,31.3628,-88.2471,1000.000000,625.000000
Megargel,31.3781,-87.4307,1023.000000,624.000000
New Brockton,31.3784,-85.9228,1066.000000,624.000000
Red Level,31.4055,-86.6084,1047.000000,624.000000
Rockville,31.4059,-87.8442,1012.000000,623.000000
Repton,31.4097,-87.2393,1029.000000,623.000000
Gantt,31.4092,-86.4842,1050.000000,623.000000
Elba,31.4172,-86.0759,1062.000000,623.000000
Haleburg,31.4099,-85.1381,1088.000000,623.000000
Excel,31.4264,-87.3433,1026.000000,623.000000
Newville,31.4206,-85.3367,1083.000000,623.000000
Evergreen,31.4342,-86.9723,1036.000000,623.000000
Frisco City,31.4353,-87.4037,1024.000000,623.000000
Ozark,31.4508,-85.6473,1074.000000,622.000000
Chatom,31.4691,-88.246,1000.000000,621.000000
Hobson,31.4836,-88.1513,1003.000000,621.000000
Leroy,31.4952,-87.969,1008.000000,620.000000
Dozier,31.5031,-86.3694,1053.000000,620.000000
Monroeville,31.5162,-87.3279,1026.000000,620.000000
Jackson,31.5318,-87.8915,1010.000000,619.000000
McKenzie,31.5428,-86.7246,1043.000000,619.000000
St. Stephens,31.5474,-88.0555,1006.000000,619.000000
Abbeville,31.5664,-85.2528,1085.000000,618.000000
Peterman,31.5837,-87.2631,1028.000000,618.000000
Brantley,31.5822,-86.2569,1056.000000,618.000000
Ariton,31.5978,-85.7131,1072.000000,617.000000
Millry,31.6256,-88.3191,998.000000,616.000000
Georgiana,31.6391,-86.7468,1043.000000,616.000000
Whatley,31.6463,-87.7108,1015.000000,615.000000
Glenwood,31.6675,-86.173,1059.000000,615.000000
Blue Springs,31.6635,-85.5035,1078.000000,615.000000
Grove Hill,31.7006,-87.7748,1014.000000,614.000000
Clio,31.7085,-85.6109,1075.000000,613.000000
Cullomburg,31.7131,-88.2917,999.000000,613.000000
Luverne,31.7186,-86.2687,1056.000000,613.000000
Goshen,31.7182,-86.1242,1060.000000,613.000000
Brundidge,31.7182,-85.8177,1069.000000,613.000000
Rutledge,31.724,-86.302,1055.000000,613.000000
Beatrice,31.7332,-87.209,1030.000000,612.000000
Coffeeville,31.7666,-88.0861,1005.000000,611.000000
Silas,31.7678,-88.3258,998.000000,611.000000
Bakerhill,31.7769,-85.2955,1084.000000,611.000000
Louisville,31.781,-85.5583,1076.000000,611.000000
Fulton,31.7916,-87.7397,1015.000000,610.000000
Troy,31.8021,-85.9665,1065.000000,610.000000
Banks,31.8132,-85.8364,1068.000000,610.000000
Vredenburgh,31.8237,-87.3178,1026.000000,609.000000
Greenville,31.8437,-86.6379,1046.000000,609.000000
Petrey,31.8495,-86.2057,1058.000000,608.000000
Pine Apple,31.8721,-86.9891,1036.000000,608.000000
Gilbertown,31.8758,-88.3195,998.000000,607.000000
Clayton,31.8822,-85.4604,1079.000000,607.000000
Thomasville,31.9111,-87.7419,1014.000000,606.000000
Toxey,31.9107,-88.3091,998.000000,606.000000
Oak Hill,31.9216,-87.0852,1033.000000,606.000000
Eufaula,31.9102,-85.1505,1088.000000,606.000000
Yellow Bluff,31.9622,-87.4808,1022.000000,605.000000
Fort Deposit,31.9863,-86.5664,1048.000000,604.000000
Pine Hill,31.9858,-87.5875,1019.000000,604.000000
Needham,31.987,-88.3366,998.000000,604.000000
Camden,32.0007,-87.2967,1027.000000,603.000000
Putnam,32.0181,-88.0331,1006.000000,603.000000
Boykin,32.0701,-87.2914,1027.000000,601.000000
Midway,32.0764,-85.5244,1077.000000,601.000000
Butler,32.0965,-88.2108,1001.000000,600.000000
Sweet Water,32.1046,-87.8619,1011.000000,600.000000
Nanafalia,32.1114,-87.9957,1007.000000,600.000000
Union Springs,32.1395,-85.7141,1072.000000,599.000000
Gordonville,32.1489,-86.6994,1044.000000,598.000000
Mosses,32.1801,-86.6888,1044.000000,597.000000
Hayneville,32.1822,-86.5787,1047.000000,597.000000
Lisman,32.1792,-88.3002,999.000000,597.000000
Pennington,32.1994,-88.0494,1006.000000,597.000000
Hurtsboro,32.2401,-85.4147,1080.000000,595.000000
Myrtlewood,32.2521,-87.9492,1009.000000,595.000000
Thomaston,32.2683,-87.6237,1018.000000,594.000000
Lowndesboro,32.2764,-86.6108,1047.000000,594.000000
Pike Road,32.2934,-86.0902,1061.000000,593.000000
White Hall,32.2993,-86.7148,1044.000000,593.000000
Linden,32.3001,-87.7926,1013.000000,593.000000
Orrville,32.3068,-87.2454,1029.000000,593.000000
Benton,32.3078,-86.818,1041.000000,593.000000
Providence,32.3424,-87.7762,1014.000000,592.000000
Montgomery,32.3473,-86.2666,1056.000000,592.000000
Dayton,32.3509,-87.6416,1017.000000,592.000000
Selmont-West Selmont,32.3784,-87.0074,1035.000000,591.000000
Shorter,32.4076,-85.9412,1065.000000,590.000000
Selma,32.4166,-87.0336,1035.000000,589.000000
Autaugaville,32.432,-86.6579,1045.000000,589.000000
Emerald Mountain,32.4396,-86.0857,1061.000000,588.000000
Tuskegee,32.4395,-85.7139,1072.000000,588.000000
Cuba,32.441,-88.3755,997.000000,588.000000
Uniontown,32.449,-87.4958,1021.000000,588.000000
Franklin,32.4514,-85.7864,1070.000000,588.000000
Faunsdale,32.4576,-87.5938,1019.000000,588.000000
Prattville,32.4605,-86.4588,1051.000000,588.000000
Bellamy,32.4582,-88.1277,1004.000000,588.000000
Phenix City,32.4588,-85.0251,1091.000000,587.000000
Ladonia,32.4609,-85.0877,1090.000000,587.000000
Redland,32.4754,-86.1375,1060.000000,587.000000
Valley Grande,32.4862,-87.0305,1035.000000,587.000000
Coosada,32.4983,-86.3279,1055.000000,587.000000
Demopolis,32.498,-87.8298,1012.000000,587.000000
Blue Ridge,32.501,-86.1839,1059.000000,586.000000
Millbrook,32.5028,-86.3737,1053.000000,586.000000
York,32.4998,-88.2938,999.000000,586.000000
Tallassee,32.5314,-85.8902,1067.000000,585.000000
Smiths Station,32.5284,-85.096,1089.000000,585.000000
Wetumpka,32.5407,-86.2052,1058.000000,585.000000
Elmore,32.5552,-86.3425,1054.000000,585.000000
Notasulga,32.5569,-85.6695,1073.000000,584.000000
Pine Level,32.5797,-86.4529,1051.000000,584.000000
Reeltown,32.5788,-85.8189,1069.000000,584.000000
Deatsville,32.5863,-86.3918,1053.000000,584.000000
Newbern,32.592,-87.5331,1020.000000,583.000000
Livingston,32.5982,-88.1891,1002.000000,583.000000
Loachapoka,32.6049,-85.5948,1075.000000,583.000000
Auburn,32.6087,-85.4899,1078.000000,583.000000
Marion,32.6318,-87.3172,1027.000000,582.000000
Holtville,32.6314,-86.3268,1055.000000,582.000000
Eclectic,32.6387,-86.0386,1063.000000,582.000000
Forkland,32.6489,-87.8671,1011.000000,581.000000
Billingsley,32.661,-86.7087,1044.000000,581.000000
Opelika,32.6612,-85.3769,1081.000000,581.000000
Marbury,32.6793,-86.4607,1051.000000,580.000000
Epes,32.6906,-88.1405,1003.000000,580.000000
Greensboro,32.7014,-87.595,1019.000000,580.000000
Emelle,32.7287,-88.3165,998.000000,579.000000
Waverly,32.7333,-85.5761,1076.000000,578.000000
Boligee,32.7699,-88.0264,1006.000000,577.000000
Maplesville,32.7867,-86.8783,1039.000000,577.000000
Cusseta,32.7877,-85.3057,1084.000000,576.000000
Camp Hill,32.8002,-85.6536,1074.000000,576.000000
Gainesville,32.8149,-88.1608,1003.000000,576.000000
Valley,32.8088,-85.1809,1087.000000,576.000000
Our Town,32.8304,-85.9687,1065.000000,575.000000
Dadeville,32.8326,-85.7675,1070.000000,575.000000
Clanton,32.844,-86.623,1046.000000,575.000000
Eutaw,32.8436,-87.8987,1010.000000,575.000000
Huguley,32.8431,-85.2397,1085.000000,575.000000
Lanett,32.8571,-85.2081,1086.000000,574.000000
Geiger,32.8698,-88.313,998.000000,574.000000
Hissop,32.8746,-86.1159,1061.000000,574.000000
Akron,32.8785,-87.7429,1014.000000,574.000000
Ray,32.879,-86.035,1063.000000,574.000000
Jacksons' Gap,32.8831,-85.815,1069.000000,573.000000
Rockford,32.8896,-86.215,1058.000000,573.000000
La Fayette,32.8997,-85.4007,1081.000000,573.000000
Thorsby,32.917,-86.7203,1043.000000,572.000000
Alexander City,32.9242,-85.9361,1066.000000,572.000000
Brent,32.9421,-87.1753,1031.000000,572.000000
Panola,32.9478,-88.2674,1000.000000,571.000000
Centreville,32.9597,-87.1334,1032.000000,571.000000
Jemison,32.9696,-86.7339,1043.000000,571.000000
Kellyton,32.9791,-86.0358,1063.000000,570.000000
Union,32.9938,-87.9071,1010.000000,570.000000
Fredonia,32.9861,-85.2912,1084.000000,570.000000
Moundville,32.9968,-87.6272,1018.000000,570.000000
Penton,33.009,-85.4722,1079.000000,569.000000
Five Points,33.0173,-85.3516,1082.000000,569.000000
Weogufka,33.0267,-86.3169,1055.000000,569.000000
New Site,33.0283,-85.7801,1070.000000,568.000000
Hackneyville,33.0567,-85.9312,1066.000000,568.000000
Daviston,33.0556,-85.6371,1074.000000,567.000000
Goodwater,33.0608,-86.0516,1062.000000,567.000000
Stewartville,33.0725,-86.2658,1056.000000,567.000000
Wilton,33.0813,-86.8799,1039.000000,567.000000
Goldville,33.0841,-85.7831,1070.000000,567.000000
Standing Rock,33.0863,-85.2449,1085.000000,566.000000
Abanda,33.0926,-85.5253,1077.000000,566.000000
Shelby,33.1068,-86.5825,1047.000000,566.000000
West Blocton,33.1186,-87.1253,1032.000000,566.000000
Talladega Springs,33.1191,-86.4421,1051.000000,566.000000
Hollins,33.1213,-86.129,1060.000000,565.000000
Montevallo,33.1246,-86.8476,1040.000000,565.000000
Calera,33.1249,-86.745,1043.000000,565.000000
Aliceville,33.1237,-88.1594,1003.000000,565.000000
Wadley,33.1239,-85.5683,1076.000000,565.000000
Memphis,33.1369,-88.3008,999.000000,565.000000
McMullen,33.1481,-88.1757,1002.000000,564.000000
Roanoke,33.1454,-85.3694,1082.000000,564.000000
Coaling,33.1641,-87.3534,1025.000000,564.000000
Fayetteville,33.1643,-86.4411,1051.000000,564.000000
Rock Mills,33.1563,-85.2861,1084.000000,564.000000
Vance,33.1745,-87.2313,1029.000000,564.000000
Sylacauga,33.1778,-86.2606,1056.000000,564.000000
Cottondale,33.1922,-87.4544,1023.000000,563.000000
Columbiana,33.193,-86.6115,1047.000000,563.000000
Oak Grove,33.1928,-86.3036,1055.000000,563.000000
Mignon,33.1948,-86.2651,1056.000000,563.000000
Millerville,33.1926,-85.9303,1066.000000,563.000000
Woodstock,33.2193,-87.1489,1031.000000,562.000000
Brantleyville,33.2196,-86.882,1039.000000,562.000000
Alabaster,33.2198,-86.8225,1041.000000,562.000000
Holt,33.2302,-87.4827,1022.000000,562.000000
Tuscaloosa,33.2348,-87.5267,1021.000000,562.000000
Wilsonville,33.2351,-86.4882,1050.000000,562.000000
Pickensville,33.2336,-88.2743,999.000000,562.000000
Brookwood,33.2397,-87.3277,1026.000000,562.000000
Coker,33.2446,-87.6799,1016.000000,561.000000
Northport,33.2589,-87.5984,1019.000000,561.000000
Bon Air,33.2621,-86.3319,1054.000000,561.000000
Carrollton,33.2619,-88.0951,1004.000000,561.000000
Ashland,33.2704,-85.8337,1069.000000,560.000000
Lake View,33.2802,-87.1258,1032.000000,560.000000
Helena,33.2845,-86.8756,1039.000000,560.000000
Childersburg,33.2961,-86.3457,1054.000000,560.000000
Pelham,33.3114,-86.7573,1042.000000,559.000000
Wedowee,33.3077,-85.4864,1078.000000,559.000000
Lineville,33.313,-85.7508,1071.000000,559.000000
Harpersville,33.3184,-86.4287,1052.000000,559.000000
Gordo,33.322,-87.904,1010.000000,559.000000
Chelsea,33.3255,-86.6299,1046.000000,559.000000
Indian Springs Village,33.3591,-86.7493,1043.000000,557.000000
North Johns,33.368,-87.1008,1033.000000,557.000000
Westover,33.3685,-86.5346,1049.000000,557.000000
Bessemer,33.3709,-86.9713,1036.000000,557.000000
Hoover,33.3754,-86.8064,1041.000000,557.000000
Reform,33.3788,-88.0173,1007.000000,557.000000
Woodland,33.3756,-85.3975,1081.000000,557.000000
Vincent,33.3848,-86.4086,1052.000000,557.000000
Waldo,33.3892,-86.036,1063.000000,556.000000
Meadowbrook,33.3932,-86.7041,1044.000000,556.000000
Highland Lakes,33.397,-86.6497,1045.000000,556.000000
Macedonia,33.4031,-88.2392,1000.000000,556.000000
Ethelsville,33.4141,-88.2161,1001.000000,555.000000
Hueytown,33.4237,-87.022,1035.000000,555.000000
Lipscomb,33.4261,-86.926,1038.000000,555.000000
Morrison Crossroads,33.4198,-85.4903,1078.000000,555.000000
Shoal Creek,33.4328,-86.6071,1047.000000,555.000000
Talladega,33.4329,-86.0976,1061.000000,555.000000
Brook Highland,33.4359,-86.6849,1044.000000,555.000000
Brighton,33.4393,-86.9454,1037.000000,555.000000
Sterrett,33.449,-86.4645,1051.000000,554.000000
Vestavia Hills,33.4518,-86.7438,1043.000000,554.000000
Delta,33.447,-85.6746,1073.000000,554.000000
Midfield,33.4552,-86.9226,1038.000000,554.000000
Vandiver,33.4601,-86.5251,1049.000000,554.000000
Homewood,33.4617,-86.8092,1041.000000,554.000000
Graham,33.4552,-85.3231,1083.000000,554.000000
Concord,33.4674,-87.0392,1034.000000,554.000000
Fairfield,33.4747,-86.9194,1038.000000,554.000000
Rock Creek,33.4772,-87.0812,1033.000000,553.000000
Mountain Brook,33.4871,-86.74,1043.000000,553.000000
Pleasant Grove,33.4936,-86.9782,1036.000000,553.000000
Dunnavant,33.5006,-86.538,1049.000000,553.000000
McDonald Chapel,33.5189,-86.9385,1037.000000,552.000000
Birmingham,33.5277,-86.7987,1041.000000,552.000000
Edgewater,33.5286,-86.9574,1037.000000,552.000000
Sylvan Springs,33.5287,-87.0312,1035.000000,552.000000
Munford,33.5259,-85.9554,1065.000000,552.000000
Hollis Crossroads,33.5231,-85.6437,1074.000000,552.000000
Ranburne,33.5259,-85.339,1083.000000,551.000000
Minor,33.5389,-86.9402,1037.000000,551.000000
Leeds,33.5429,-86.5636,1048.000000,551.000000
Irondale,33.544,-86.6599,1045.000000,551.000000
Maytown,33.5489,-86.9999,1035.000000,551.000000
Mulga,33.5534,-86.9735,1036.000000,551.000000
Pell City,33.5609,-86.2669,1056.000000,551.000000
Millport,33.5586,-88.0817,1005.000000,551.000000
Forestdale,33.5737,-86.9002,1038.000000,550.000000
Kennedy,33.5809,-87.9862,1008.000000,550.000000
Tarrant,33.5945,-86.7684,1042.000000,550.000000
Lincoln,33.5935,-86.1371,1060.000000,549.000000
Moody,33.5986,-86.4963,1050.000000,549.000000
Oxford,33.5967,-85.8687,1068.000000,549.000000
Adamsville,33.6063,-86.9745,1036.000000,549.000000
Fultondale,33.6177,-86.8015,1041.000000,549.000000
Riverside,33.6171,-86.2042,1058.000000,549.000000
Hobson City,33.6148,-85.8561,1068.000000,549.000000
Brookside,33.638,-86.9014,1038.000000,548.000000
Trussville,33.6404,-86.5819,1047.000000,548.000000
Center Point,33.6446,-86.6851,1044.000000,548.000000
Cardiff,33.6472,-86.9307,1037.000000,548.000000
Grayson Valley,33.6469,-86.6414,1046.000000,548.000000
West Jefferson,33.652,-87.0569,1034.000000,548.000000
Belk,33.6516,-87.9286,1009.000000,547.000000
Heflin,33.6471,-85.5698,1076.000000,547.000000
West End-Cobb Town,33.6526,-85.8742,1067.000000,547.000000
Graysville,33.6583,-86.9674,1036.000000,547.000000
Berry,33.6623,-87.6079,1018.000000,547.000000
Gardendale,33.6678,-86.8069,1041.000000,547.000000
Margaret,33.6735,-86.468,1051.000000,547.000000
Choccolocco,33.6683,-85.7129,1072.000000,547.000000
Anniston,33.6712,-85.8136,1069.000000,547.000000
Mount Olive,33.6778,-86.8726,1039.000000,547.000000
Argo,33.6961,-86.5066,1049.000000,546.000000
Fayette,33.6943,-87.8307,1012.000000,546.000000
Clay,33.6976,-86.607,1047.000000,546.000000
Odenville,33.6987,-86.4225,1052.000000,546.000000
Pinson,33.7057,-86.6674,1045.000000,546.000000
Oakman,33.7141,-87.389,1024.000000,545.000000
Saks,33.7118,-85.8536,1068.000000,545.000000
Dora,33.7292,-87.085,1033.000000,545.000000
Parrish,33.7323,-87.2802,1028.000000,545.000000
Fruithurst,33.7297,-85.4312,1080.000000,545.000000
Morris,33.7467,-86.8037,1041.000000,544.000000
Ragland,33.7469,-86.1384,1060.000000,544.000000
Sumiton,33.7503,-87.0483,1034.000000,544.000000
Cordova,33.7613,-87.1925,1030.000000,544.000000
Vernon,33.7588,-88.1143,1004.000000,544.000000
Springville,33.7643,-86.4749,1050.000000,544.000000
Weaver,33.7602,-85.8117,1069.000000,544.000000
White Plains,33.7603,-85.688,1073.000000,544.000000
Alexandria,33.7675,-85.8792,1067.000000,543.000000
Kimberly,33.776,-86.7968,1041.000000,543.000000
Ohatchee,33.7877,-86.028,1063.000000,543.000000
Jacksonville,33.8088,-85.7545,1071.000000,542.000000
Warrior,33.8153,-86.8153,1041.000000,542.000000
Trafford,33.8194,-86.7467,1043.000000,542.000000
County Line,33.821,-86.7198,1043.000000,542.000000
Sipsey,33.8225,-87.0834,1033.000000,542.000000
Ashville,33.8331,-86.2698,1056.000000,541.000000
Jasper,33.8503,-87.2708,1028.000000,541.000000
Edwardsville,33.8411,-85.4523,1079.000000,541.000000
Nances Creek,33.8588,-85.6733,1073.000000,540.000000
Smoke Rise,33.8789,-86.824,1040.000000,540.000000
Hayden,33.8822,-86.7839,1042.000000,540.000000
Highland Lake,33.8876,-86.4244,1052.000000,540.000000
Glen Allen,33.8922,-87.7328,1015.000000,539.000000
Carbon Hill,33.8944,-87.5224,1021.000000,539.000000
Locust Fork,33.8957,-86.6301,1046.000000,539.000000
Sulligent,33.8912,-88.1266,1004.000000,539.000000
Kansas,33.9029,-87.5568,1020.000000,539.000000
Southside,33.9007,-86.0238,1063.000000,539.000000
Allgood,33.9064,-86.5178,1049.000000,539.000000
Eldridge,33.922,-87.6201,1018.000000,538.000000
Piedmont,33.9268,-85.6148,1075.000000,538.000000
Winfield,33.9334,-87.7962,1013.000000,538.000000
Rainbow City,33.9337,-86.0922,1061.000000,538.000000
Steele,33.937,-86.2004,1058.000000,538.000000
Beaverton,33.9354,-88.0218,1006.000000,538.000000
Oneonta,33.9392,-86.4929,1050.000000,538.000000
Colony,33.9413,-86.9016,1038.000000,538.000000
Gu-Win,33.9443,-87.8704,1011.000000,538.000000
Glencoe,33.9449,-85.9319,1066.000000,537.000000
Nectar,33.9686,-86.6346,1046.000000,537.000000
Spring Garden,33.973,-85.5558,1076.000000,536.000000
Guin,33.9832,-87.9023,1010.000000,536.000000
Nauvoo,33.9873,-87.4876,1022.000000,536.000000
Rosa,33.9885,-86.5037,1050.000000,536.000000
Hokes Bluff,33.9902,-85.8639,1068.000000,536.000000
Cleveland,33.9965,-86.5671,1048.000000,536.000000
Twin,33.9978,-87.8497,1011.000000,536.000000
Gallant,34.0013,-86.2304,1057.000000,536.000000
Attalla,34.0049,-86.104,1061.000000,536.000000
Gadsden,34.009,-86.0156,1063.000000,535.000000
Garden City,34.0152,-86.752,1043.000000,535.000000
Ballplay,34.0179,-85.7853,1070.000000,535.000000
Brilliant,34.0256,-87.7691,1014.000000,535.000000
Altoona,34.031,-86.3181,1055.000000,535.000000
Detroit,34.0274,-88.1678,1002.000000,535.000000
Tidmore Bend,34.0324,-85.9254,1066.000000,535.000000
Ivalee,34.0372,-86.1472,1060.000000,534.000000
Dodge City,34.0453,-86.8837,1039.000000,534.000000
Lynn,34.0548,-87.5555,1020.000000,534.000000
Ridgeville,34.0569,-86.1029,1061.000000,534.000000
Hanceville,34.0634,-86.7651,1042.000000,534.000000
Walnut Grove,34.0641,-86.2863,1056.000000,534.000000
Egypt,34.0759,-86.1651,1059.000000,533.000000
Reece City,34.0772,-86.0345,1063.000000,533.000000
Susan Moore,34.0799,-86.4234,1052.000000,533.000000
Blountsville,34.0814,-86.5867,1047.000000,533.000000
Coats Bend,34.0774,-85.8742,1067.000000,533.000000
Arley,34.0886,-87.2074,1030.000000,533.000000
Natural Bridge,34.0904,-87.6014,1018.000000,533.000000
Good Hope,34.1098,-86.8651,1039.000000,532.000000
Bristow Cove,34.1092,-86.241,1057.000000,532.000000
Lookout Mountain,34.1091,-85.9585,1065.000000,532.000000
Carlisle-Rockledge,34.114,-86.1191,1060.000000,532.000000
Snead,34.1162,-86.3901,1053.000000,532.000000
Hamilton,34.1346,-87.9755,1008.000000,531.000000
New Union,34.1422,-86.2218,1058.000000,531.000000
Double Springs,34.1502,-87.3912,1024.000000,531.000000
Centre,34.1551,-85.6699,1073.000000,530.000000
Holly Pond,34.1696,-86.6125,1046.000000,530.000000
Whitesboro,34.1682,-86.0572,1062.000000,530.000000
Douglas,34.1705,-86.3224,1055.000000,530.000000
Cullman,34.1777,-86.8407,1040.000000,530.000000
Sardis City,34.1749,-86.1125,1061.000000,530.000000
East Point,34.1859,-86.7927,1041.000000,529.000000
Berlin,34.1868,-86.7442,1043.000000,529.000000
Leesburg,34.1839,-85.775,1070.000000,529.000000
Boaz,34.1985,-86.1529,1060.000000,529.000000
Addison,34.2017,-87.1765,1030.000000,529.000000
Cedar Bluff,34.2217,-85.5877,1076.000000,528.000000
Haleyville,34.2331,-87.6175,1018.000000,528.000000
South Vinemont,34.2348,-86.8642,1039.000000,528.000000
Sand Rock,34.2308,-85.7712,1070.000000,528.000000
West Point,34.2401,-86.9626,1037.000000,528.000000
Fairview,34.2477,-86.6843,1044.000000,527.000000
Baileyton,34.2609,-86.6082,1047.000000,527.000000
Albertville,34.2634,-86.2107,1058.000000,527.000000
Bear Creek,34.2651,-87.7164,1015.000000,527.000000
Hackleburg,34.2693,-87.8303,1012.000000,527.000000
Collinsville,34.267,-85.8652,1068.000000,527.000000
Gaylesville,34.2681,-85.5586,1076.000000,526.000000
Crossville,34.2853,-85.9997,1064.000000,526.000000
Joppa,34.2982,-86.5506,1048.000000,526.000000
Eva,34.3274,-86.7614,1042.000000,525.000000
Arab,34.3309,-86.4991,1050.000000,525.000000
Hodges,34.334,-87.9299,1009.000000,524.000000
Phil Campbell,34.3519,-87.7062,1015.000000,524.000000
Geraldine,34.3577,-86.0037,1064.000000,524.000000
Guntersville,34.367,-86.2638,1056.000000,523.000000
Broomtown,34.3657,-85.5322,1077.000000,523.000000
Falkville,34.3793,-86.9086,1038.000000,523.000000
Vina,34.3757,-88.0602,1005.000000,523.000000
Spruce Pine,34.3928,-87.7294,1015.000000,522.000000
Union Grove,34.4025,-86.4483,1051.000000,522.000000
Hartselle,34.4391,-86.94,1037.000000,521.000000
Red Bay,34.4358,-88.1362,1003.000000,521.000000
Fyffe,34.4496,-85.9049,1067.000000,520.000000
Pine Ridge,34.449,-85.7808,1070.000000,520.000000
Fort Payne,34.4557,-85.6965,1073.000000,520.000000
Somerville,34.4676,-86.7935,1041.000000,520.000000
Shiloh,34.4638,-85.878,1067.000000,520.000000
Belgreen,34.4767,-87.8653,1011.000000,520.000000
Moulton,34.4843,-87.2831,1027.000000,519.000000
Rainsville,34.4939,-85.8435,1068.000000,519.000000
Russellville,34.5056,-87.7282,1015.000000,519.000000
Grant,34.5189,-86.2492,1057.000000,518.000000
Priceville,34.5247,-86.8855,1039.000000,518.000000
Powell,34.5325,-85.8979,1067.000000,518.000000
New Hope,34.537,-86.4128,1052.000000,518.000000
Langston,34.5374,-86.0899,1061.000000,517.000000
Hatton,34.561,-87.4136,1024.000000,517.000000
Valley Head,34.5575,-85.6214,1075.000000,517.000000
Sylvania,34.5619,-85.8046,1069.000000,517.000000
Decatur,34.573,-86.9906,1036.000000,516.000000
Mentone,34.5663,-85.5842,1076.000000,516.000000
Hammondville,34.5685,-85.6397,1074.000000,516.000000
Owens Cross Roads,34.5845,-86.4574,1051.000000,516.000000
Section,34.5816,-85.9849,1064.000000,516.000000
Triana,34.5904,-86.7418,1043.000000,516.000000
Littleville,34.5951,-87.6719,1016.000000,516.000000
Trinity,34.6012,-87.0818,1033.000000,515.000000
Dutton,34.6062,-85.9119,1066.000000,515.000000
Mooresville,34.627,-86.8799,1039.000000,515.000000
Woodville,34.6256,-86.2792,1056.000000,515.000000
Henagar,34.631,-85.7405,1071.000000,514.000000
Hillsboro,34.6408,-87.1837,1030.000000,514.000000
Scottsboro,34.6438,-86.0491,1062.000000,514.000000
Paint Rock,34.6602,-86.3307,1054.000000,513.000000
Courtland,34.6703,-87.3262,1026.000000,513.000000
Town Creek,34.6718,-87.4063,1024.000000,513.000000
North Courtland,34.6788,-87.3083,1027.000000,513.000000
Redstone Arsenal,34.6843,-86.647,1046.000000,513.000000
Pisgah,34.6844,-85.846,1068.000000,512.000000
Leighton,34.6941,-87.5282,1020.000000,512.000000
Huntsville,34.6988,-86.6412,1046.000000,512.000000
Gurley,34.7072,-86.3768,1053.000000,512.000000
Ider,34.7022,-85.6691,1073.000000,512.000000
Madison,34.7114,-86.7626,1042.000000,512.000000
Tuscumbia,34.7204,-87.7035,1016.000000,511.000000
Hollywood,34.719,-85.965,1065.000000,511.000000
Pleasant Groves,34.735,-86.2054,1058.000000,511.000000
Muscle Shoals,34.7436,-87.6344,1017.000000,511.000000
Sheffield,34.757,-87.6977,1016.000000,510.000000
Cherokee,34.7577,-87.967,1008.000000,510.000000
Athens,34.7847,-86.951,1037.000000,509.000000
Skyline,34.7987,-86.1229,1060.000000,509.000000
Rogersville,34.8251,-87.2821,1027.000000,508.000000
Florence,34.8303,-87.6654,1017.000000,508.000000
Moores Mill,34.8491,-86.5222,1049.000000,507.000000
Stevenson,34.8487,-85.8437,1068.000000,507.000000
Harvest,34.8558,-86.7521,1043.000000,507.000000
Killen,34.8607,-87.5269,1021.000000,507.000000
St. Florian,34.8714,-87.6224,1018.000000,506.000000
Meridianville,34.8729,-86.5722,1048.000000,506.000000
Underwood-Petersville,34.877,-87.6975,1016.000000,506.000000
New Market,34.8892,-86.4226,1052.000000,506.000000
Hytop,34.8965,-86.088,1061.000000,505.000000
Anderson,34.9147,-87.2716,1028.000000,505.000000
Waterloo,34.9173,-88.0654,1005.000000,505.000000
Hazel Green,34.9237,-86.5671,1048.000000,505.000000
Elkmont,34.9289,-86.9765,1036.000000,504.000000
Bridgeport,34.9495,-85.7243,1072.000000,503.000000
Lexington,34.9652,-87.3735,1025.000000,503.000000
Ardmore,34.9847,-86.8373,1040.000000,502.000000
Lester,34.9877,-87.1515,1031.000000,502.000000
