Keokuk,40.4095,-91.403,921.000000,318.000000
Montrose,40.5258,-91.4158,921.000000,314.000000
Athelstan,40.5727,-94.5426,833.000000,313.000000
Pleasanton,40.5825,-93.743,855.000000,313.000000
Lineville,40.587,-93.5232,861.000000,313.000000
Braddyville,40.5806,-95.0312,819.000000,312.000000
Blanchard,40.5808,-95.2215,814.000000,312.000000
Redding,40.6068,-94.3863,837.000000,312.000000
Lamoni,40.6202,-93.9307,850.000000,311.000000
Mount Sterling,40.6198,-91.9326,906.000000,311.000000
Blockton,40.6168,-94.4779,834.000000,311.000000
Northboro,40.608,-95.2937,811.000000,311.000000
Cincinnati,40.6309,-92.9222,878.000000,311.000000
Fort Madison,40.6207,-91.3509,923.000000,311.000000
Hamburg,40.6061,-95.6545,801.000000,311.000000
Clio,40.636,-93.4514,863.000000,311.000000
College Springs,40.6213,-95.1212,816.000000,311.000000
Davis City,40.6401,-93.8126,853.000000,311.000000
Farmington,40.6389,-91.7391,912.000000,311.000000
Cantril,40.6428,-92.0686,902.000000,311.000000
Exline,40.649,-92.8432,881.000000,311.000000
Donnellson,40.6453,-91.5641,917.000000,310.000000
Delphos,40.6632,-94.3403,838.000000,310.000000
Milton,40.6712,-92.1621,900.000000,310.000000
Shambaugh,40.6574,-95.0353,819.000000,310.000000
Franklin,40.6668,-91.5119,918.000000,310.000000
Coin,40.6561,-95.2349,813.000000,310.000000
Maloy,40.6732,-94.4119,836.000000,310.000000
Seymour,40.6824,-93.1212,873.000000,310.000000
Bedford,40.6711,-94.724,828.000000,309.000000
Numa,40.6854,-92.98,877.000000,309.000000
Moulton,40.6854,-92.6765,885.000000,309.000000
Pulaski,40.6929,-92.2738,897.000000,309.000000
Bonaparte,40.7013,-91.8004,910.000000,309.000000
Allerton,40.7077,-93.3689,866.000000,309.000000
Benton,40.7041,-94.3612,838.000000,309.000000
Kellerton,40.7103,-94.0503,847.000000,308.000000
Riverton,40.6867,-95.5686,804.000000,308.000000
Mount Ayr,40.7141,-94.2376,841.000000,308.000000
West Point,40.7145,-91.4527,920.000000,308.000000
Centerville,40.7294,-92.8718,880.000000,308.000000
Keosauqua,40.7347,-91.9605,905.000000,308.000000
Leon,40.7407,-93.7546,855.000000,307.000000
Decatur City,40.7424,-93.8327,853.000000,307.000000
Farragut,40.72,-95.4807,806.000000,307.000000
Promise City,40.7473,-93.1498,872.000000,307.000000
New Market,40.7324,-94.9005,823.000000,307.000000
Bloomfield,40.7487,-92.4173,893.000000,307.000000
Denmark,40.7385,-91.3381,923.000000,307.000000
Plano,40.7554,-93.0469,875.000000,307.000000
Yorktown,40.7354,-95.1544,815.000000,307.000000
Clarinda,40.738,-95.034,819.000000,307.000000
Corydon,40.7574,-93.3174,867.000000,307.000000
Conway,40.7492,-94.62,831.000000,307.000000
Gravity,40.7601,-94.7435,827.000000,306.000000
Sidney,40.7459,-95.6443,802.000000,306.000000
St. Paul,40.7678,-91.5164,918.000000,306.000000
Mystic,40.7792,-92.9446,878.000000,306.000000
Udell,40.7801,-92.7427,883.000000,306.000000
Shenandoah,40.7583,-95.372,809.000000,306.000000
Percival,40.7512,-95.8131,797.000000,306.000000
Houghton,40.7836,-91.6104,915.000000,306.000000
Drakesville,40.7984,-92.4814,891.000000,306.000000
Rathbun,40.8017,-92.8871,879.000000,305.000000
Clearfield,40.8025,-94.4826,834.000000,305.000000
Beaconsfield,40.8076,-94.0507,847.000000,305.000000
Sharpsburg,40.8029,-94.6405,830.000000,305.000000
Diagonal,40.8105,-94.3421,838.000000,305.000000
Unionville,40.8182,-92.6958,885.000000,305.000000
Burlington,40.8072,-91.1247,929.000000,305.000000
Grand River,40.819,-93.9634,849.000000,305.000000
Leando,40.8221,-92.0805,902.000000,305.000000
Anderson,40.7983,-95.6086,803.000000,305.000000
Garden Grove,40.8264,-93.6073,859.000000,305.000000
West Burlington,40.8215,-91.1755,928.000000,304.000000
Middletown,40.8279,-91.2622,925.000000,304.000000
Hillsboro,40.8374,-91.7113,912.000000,304.000000
Ellston,40.8405,-94.1088,845.000000,304.000000
Douds,40.8438,-92.0764,902.000000,304.000000
Millerton,40.8494,-93.3057,868.000000,304.000000
Thurman,40.8202,-95.7488,799.000000,304.000000
Essex,40.8327,-95.3038,811.000000,304.000000
Sun Valley Lake,40.8512,-94.0685,846.000000,304.000000
Tingley,40.8528,-94.196,842.000000,304.000000
Salem,40.852,-91.6206,915.000000,303.000000
Humeston,40.861,-93.4973,862.000000,303.000000
Stockport,40.8573,-91.8334,909.000000,303.000000
Hepburn,40.8476,-95.0167,819.000000,303.000000
Floris,40.864,-92.3322,895.000000,303.000000
Beaverdale,40.8537,-91.2077,927.000000,303.000000
Danville,40.86,-91.3146,924.000000,303.000000
Van Wert,40.871,-93.7918,854.000000,303.000000
Le Roy,40.8784,-93.5924,859.000000,303.000000
Birmingham,40.8777,-91.9472,906.000000,303.000000
Moravia,40.8918,-92.8191,881.000000,302.000000
Lenox,40.883,-94.5583,832.000000,302.000000
Weldon,40.8973,-93.7355,855.000000,302.000000
Randolph,40.8734,-95.5647,804.000000,302.000000
Imogene,40.879,-95.4275,808.000000,302.000000
Shannon City,40.8992,-94.2639,841.000000,302.000000
Bartlett,40.8853,-95.7947,797.000000,301.000000
Eldon,40.9176,-92.2177,898.000000,301.000000
Tabor,40.8949,-95.6737,801.000000,301.000000
Derby,40.9303,-93.4565,863.000000,301.000000
New London,40.923,-91.4012,921.000000,301.000000
Coburg,40.9188,-95.2656,812.000000,301.000000
Villisca,40.9298,-94.9819,820.000000,301.000000
Nodaway,40.9366,-94.8954,823.000000,300.000000
Arispe,40.948,-94.2192,842.000000,300.000000
Libertyville,40.9583,-92.0502,903.000000,300.000000
Blakesburg,40.962,-92.6348,886.000000,300.000000
Kent,40.9536,-94.4611,835.000000,300.000000
Mount Pleasant,40.9625,-91.5452,917.000000,300.000000
Westwood,40.9648,-91.6266,915.000000,300.000000
Melrose,40.979,-93.0508,875.000000,299.000000
Russell,40.9801,-93.2005,870.000000,299.000000
Rome,40.9821,-91.6816,913.000000,299.000000
Batavia,40.9951,-92.1674,900.000000,299.000000
Agency,40.9975,-92.3072,896.000000,299.000000
Stanton,40.981,-95.1029,817.000000,299.000000
Lockridge,40.9936,-91.7492,911.000000,299.000000
Corning,40.9929,-94.7395,827.000000,299.000000
Fairfield,41.0061,-91.9669,905.000000,298.000000
Woodburn,41.0109,-93.5963,859.000000,298.000000
Chariton,41.0176,-93.3095,867.000000,298.000000
Ottumwa,41.0196,-92.4186,892.000000,298.000000
Mediapolis,41.0078,-91.1636,928.000000,298.000000
Albia,41.0272,-92.8039,882.000000,298.000000
Osceola,41.0302,-93.7829,854.000000,298.000000
Malvern,41.004,-95.5842,803.000000,298.000000
Lucas,41.0322,-93.4611,863.000000,298.000000
Thayer,41.029,-94.0497,847.000000,298.000000
Afton,41.0276,-94.1954,843.000000,298.000000
Prescott,41.0238,-94.613,831.000000,298.000000
Red Oak,41.0141,-95.2248,814.000000,298.000000
Emerson,41.018,-95.4028,809.000000,297.000000
Murray,41.0413,-93.9489,849.000000,297.000000
Cromwell,41.0404,-94.4618,835.000000,297.000000
Pacific Junction,41.018,-95.7995,797.000000,297.000000
Hastings,41.0251,-95.4948,806.000000,297.000000
Maharishi Vedic City,41.0542,-92.0142,904.000000,297.000000
Carbon,41.0497,-94.824,825.000000,297.000000
Creston,41.0597,-94.365,838.000000,296.000000
Mount Union,41.0576,-91.3914,921.000000,296.000000
Glenwood,41.0446,-95.7408,799.000000,296.000000
Chillicothe,41.086,-92.5303,889.000000,296.000000
Williamson,41.0883,-93.2568,869.000000,296.000000
Morning Sun,41.0942,-91.2506,925.000000,295.000000
Oakville,41.0982,-91.0436,931.000000,295.000000
Lorimor,41.1268,-94.0571,846.000000,294.000000
Lovilia,41.1348,-92.9082,879.000000,294.000000
Packwood,41.1327,-92.0825,902.000000,294.000000
Winfield,41.1259,-91.4382,920.000000,294.000000
Silver City,41.1114,-95.6381,802.000000,294.000000
Kirkville,41.1422,-92.5036,890.000000,294.000000
Olds,41.1344,-91.5443,917.000000,294.000000
Pleasant Plain,41.1472,-91.8597,908.000000,294.000000
Wayland,41.1484,-91.6575,914.000000,293.000000
Eddyville,41.1591,-92.6297,887.000000,293.000000
Grant,41.1427,-94.985,820.000000,293.000000
Henderson,41.14,-95.4309,808.000000,293.000000
Elliott,41.1494,-95.1629,815.000000,293.000000
Hamilton,41.1702,-92.9041,879.000000,293.000000
Coppock,41.1635,-91.7151,912.000000,293.000000
Mineola,41.1414,-95.6948,800.000000,293.000000
Hedrick,41.1712,-92.3079,896.000000,293.000000
Brighton,41.1747,-91.8212,909.000000,293.000000
Martinsburg,41.1786,-92.2519,897.000000,293.000000
Marysville,41.1827,-92.9537,877.000000,293.000000
New Virginia,41.1817,-93.7311,856.000000,293.000000
Richland,41.1856,-91.996,904.000000,292.000000
Lacona,41.1901,-93.3851,865.000000,292.000000
Wapello,41.1771,-91.1881,927.000000,292.000000
Ollie,41.1991,-92.0923,902.000000,292.000000
Bussey,41.2057,-92.8843,879.000000,292.000000
Orient,41.2033,-94.4178,836.000000,292.000000
Truro,41.2098,-93.8467,852.000000,292.000000
Fremont,41.2126,-92.4342,892.000000,291.000000
Macedonia,41.1923,-95.4266,808.000000,291.000000
Macksburg,41.2147,-94.1851,843.000000,291.000000
Crawfordsville,41.2139,-91.5367,917.000000,291.000000
Melcher-Dallas,41.2275,-93.2411,869.000000,291.000000
East Peru,41.227,-93.9295,850.000000,291.000000
Griswold,41.2343,-95.1392,816.000000,290.000000
Bridgewater,41.2472,-94.669,829.000000,290.000000
Carson,41.2357,-95.4198,808.000000,290.000000
Treynor,41.232,-95.6064,803.000000,290.000000
Massena,41.2506,-94.7698,826.000000,290.000000
Hayesville,41.2646,-92.2477,897.000000,290.000000
Columbus City,41.2594,-91.3746,922.000000,290.000000
Council Bluffs,41.2369,-95.8517,796.000000,290.000000
Beacon,41.2747,-92.6814,885.000000,289.000000
University Park,41.2857,-92.6149,887.000000,289.000000
Keomah Village,41.2868,-92.5369,889.000000,289.000000
Cumberland,41.2731,-94.8707,824.000000,289.000000
Milo,41.2892,-93.4406,864.000000,289.000000
Columbus Junction,41.2787,-91.3651,922.000000,289.000000
St. Charles,41.288,-93.8075,853.000000,289.000000
Grandview,41.2772,-91.1875,927.000000,289.000000
Oskaloosa,41.2922,-92.6403,886.000000,289.000000
Fredonia,41.2844,-91.3397,923.000000,289.000000
Ainsworth,41.29,-91.5545,917.000000,289.000000
Fontanelle,41.29,-94.5602,832.000000,289.000000
Cotter,41.294,-91.4658,919.000000,288.000000
Washington,41.2982,-91.6928,913.000000,288.000000
St. Marys,41.3076,-93.7338,856.000000,288.000000
Greenfield,41.3056,-94.4592,835.000000,288.000000
Harvey,41.3179,-92.9227,878.000000,288.000000
Knoxville,41.3188,-93.1024,873.000000,288.000000
Rose Hill,41.3203,-92.4637,891.000000,288.000000
Delta,41.3226,-92.3304,895.000000,288.000000
Carter Lake,41.2884,-95.9171,794.000000,288.000000
Lewis,41.3065,-95.0843,818.000000,288.000000
Oakland,41.3114,-95.3951,809.000000,287.000000
Sigourney,41.3341,-92.2045,898.000000,287.000000
Leighton,41.3387,-92.7865,882.000000,287.000000
Letts,41.3299,-91.2356,926.000000,287.000000
West Chester,41.34,-91.8169,909.000000,287.000000
Winterset,41.3457,-94.0137,848.000000,287.000000
Patterson,41.3485,-93.8771,851.000000,287.000000
Bevington,41.3596,-93.7904,854.000000,286.000000
Fruitland,41.3475,-91.1288,929.000000,286.000000
McClelland,41.3315,-95.6815,801.000000,286.000000
Indianola,41.3629,-93.5652,860.000000,286.000000
Ackworth,41.3642,-93.4723,863.000000,286.000000
Harper,41.3637,-92.0509,903.000000,286.000000
Keota,41.3651,-91.9533,906.000000,286.000000
Sandyville,41.3709,-93.3862,865.000000,286.000000
Weston,41.342,-95.7448,799.000000,286.000000
Martensdale,41.3738,-93.7387,855.000000,286.000000
Pleasantville,41.3864,-93.2727,868.000000,286.000000
Conesville,41.3796,-91.3486,923.000000,285.000000
Crescent,41.3653,-95.859,796.000000,285.000000
What Cheer,41.3998,-92.3546,894.000000,285.000000
Pella,41.4051,-92.9177,878.000000,285.000000
Bentley,41.3756,-95.6225,802.000000,285.000000
Underwood,41.3808,-95.682,801.000000,285.000000
Atlantic,41.3957,-95.0138,820.000000,285.000000
Spring Hill,41.4122,-93.65,858.000000,285.000000
Wiota,41.401,-94.8875,823.000000,285.000000
Hancock,41.3924,-95.3636,810.000000,285.000000
Muscatine,41.4196,-91.068,930.000000,284.000000
Webster,41.4379,-92.1715,899.000000,284.000000
South English,41.4521,-92.0905,902.000000,283.000000
Keswick,41.4547,-92.2382,898.000000,283.000000
Thornburg,41.4554,-92.3328,895.000000,283.000000
Anita,41.4438,-94.7658,827.000000,283.000000
Hartford,41.4577,-93.4038,865.000000,283.000000
Kinross,41.4589,-91.9873,905.000000,283.000000
Swan,41.4675,-93.3096,867.000000,283.000000
Marne,41.4489,-95.1108,817.000000,283.000000
New Sharon,41.4701,-92.6509,886.000000,283.000000
Wellman,41.4693,-91.8354,909.000000,283.000000
Neola,41.4498,-95.6173,803.000000,282.000000
Gibson,41.4803,-92.3922,893.000000,282.000000
Buffalo,41.4666,-90.717,940.000000,282.000000
Cumming,41.4876,-93.7594,855.000000,282.000000
Norwalk,41.4895,-93.6913,857.000000,282.000000
Nichols,41.4797,-91.308,924.000000,282.000000
Kalona,41.4874,-91.7018,913.000000,282.000000
Lone Tree,41.4859,-91.4267,920.000000,282.000000
Minden,41.4689,-95.5412,805.000000,282.000000
Riverside,41.4894,-91.5558,917.000000,282.000000
Earlham,41.4945,-94.1222,845.000000,282.000000
Avoca,41.4829,-95.3372,810.000000,282.000000
Stuart,41.5003,-94.3187,839.000000,282.000000
Barnes City,41.5071,-92.4696,891.000000,282.000000
Walnut,41.4895,-95.2197,814.000000,281.000000
Adair,41.5004,-94.6434,830.000000,281.000000
Carlisle,41.5116,-93.4949,862.000000,281.000000
Runnells,41.5141,-93.3604,866.000000,281.000000
Casey,41.5075,-94.5213,833.000000,281.000000
Monroe,41.5189,-93.1038,873.000000,281.000000
North English,41.5168,-92.0777,902.000000,281.000000
Dexter,41.5154,-94.2276,842.000000,281.000000
Van Meter,41.5207,-93.9454,850.000000,281.000000
Menlo,41.5222,-94.4043,837.000000,281.000000
Blue Grass,41.5096,-90.7649,939.000000,281.000000
Shelby,41.5067,-95.4506,807.000000,281.000000
De Soto,41.5364,-94.0098,848.000000,280.000000
West Des Moines,41.5522,-93.7805,854.000000,280.000000
Diamondhead Lake,41.5489,-94.2593,841.000000,280.000000
Brayton,41.5448,-94.9303,822.000000,280.000000
Riverdale,41.5371,-90.4637,947.000000,280.000000
Hills,41.5569,-91.536,917.000000,280.000000
Lynnville,41.5729,-92.7869,882.000000,279.000000
Des Moines,41.5725,-93.6105,859.000000,279.000000
Millersburg,41.5733,-92.1593,900.000000,279.000000
Sully,41.578,-92.8467,880.000000,279.000000
Frytown,41.5719,-91.7321,912.000000,279.000000
Reasnor,41.5789,-93.0229,875.000000,279.000000
Searsboro,41.5792,-92.7042,884.000000,279.000000
Davenport,41.5563,-90.6052,943.000000,279.000000
Deep River,41.5812,-92.3732,894.000000,279.000000
Panorama Park,41.5556,-90.4537,948.000000,279.000000
Montezuma,41.5833,-92.5274,889.000000,279.000000
West Liberty,41.5727,-91.2622,925.000000,279.000000
Atalissa,41.5715,-91.1665,928.000000,279.000000
Pleasant Hill,41.5868,-93.4952,862.000000,279.000000
Parnell,41.5837,-92.0046,904.000000,279.000000
Bettendorf,41.5656,-90.4764,947.000000,279.000000
Missouri Valley,41.5574,-95.9028,795.000000,279.000000
Prairie City,41.5954,-93.2393,869.000000,279.000000
Redfield,41.5904,-94.1963,843.000000,279.000000
California Junction,41.5601,-95.9947,792.000000,278.000000
Corley,41.5776,-95.3308,811.000000,278.000000
Waukee,41.5984,-93.8872,851.000000,278.000000
Windsor Heights,41.6043,-93.7128,856.000000,278.000000
Wilton,41.5898,-91.0271,932.000000,278.000000
Persia,41.5786,-95.5705,804.000000,278.000000
Exira,41.592,-94.8811,823.000000,278.000000
Stockton,41.5909,-90.8566,936.000000,278.000000
Elk Horn,41.593,-95.0615,818.000000,278.000000
Adel,41.6121,-94.0129,848.000000,278.000000
Clive,41.6147,-93.798,854.000000,278.000000
Durant,41.6011,-90.9137,935.000000,278.000000
Tennant,41.5941,-95.4449,807.000000,278.000000
Walcott,41.5989,-90.7745,939.000000,278.000000
Le Claire,41.5963,-90.3687,950.000000,278.000000
Urbandale,41.639,-93.7813,854.000000,277.000000
Kimballton,41.6271,-95.0749,818.000000,277.000000
Altoona,41.6481,-93.4784,863.000000,277.000000
Linden,41.6427,-94.27,840.000000,277.000000
Guernsey,41.6492,-92.343,895.000000,277.000000
Modale,41.6182,-96.012,801.000000,276.000000
University Heights,41.6551,-91.5589,917.000000,276.000000
Eldridge,41.639,-90.5809,944.000000,276.000000
Iowa City,41.6559,-91.5303,917.000000,276.000000
Jacksonville,41.6452,-95.1516,816.000000,276.000000
Mitchellville,41.668,-93.3629,866.000000,276.000000
Maysville,41.6498,-90.7183,940.000000,276.000000
Williamsburg,41.6683,-92.0103,904.000000,276.000000
Harlan,41.6496,-95.3268,811.000000,276.000000
Portsmouth,41.6504,-95.5193,805.000000,276.000000
West Branch,41.6662,-91.3442,923.000000,276.000000
Logan,41.6453,-95.7917,798.000000,276.000000
Colfax,41.68,-93.2386,869.000000,276.000000
Grimes,41.6776,-93.7946,854.000000,276.000000
Saylorville,41.6809,-93.6279,859.000000,276.000000
Guthrie Center,41.6781,-94.499,834.000000,275.000000
Johnston,41.6857,-93.7173,856.000000,275.000000
Rochester,41.6747,-91.1509,928.000000,275.000000
Dallas Center,41.6854,-93.9816,849.000000,275.000000
Newton,41.6964,-93.0402,875.000000,275.000000
Panora,41.691,-94.3636,838.000000,275.000000
Bondurant,41.6986,-93.4551,863.000000,275.000000
Lambs Grove,41.7008,-93.0793,874.000000,275.000000
Princeton,41.6744,-90.3573,950.000000,275.000000
Coralville,41.699,-91.5967,916.000000,275.000000
Malcom,41.7076,-92.5575,889.000000,275.000000
Tiffin,41.7067,-91.6582,914.000000,275.000000
Donahue,41.6915,-90.6746,941.000000,275.000000
Long Grove,41.6922,-90.5803,944.000000,274.000000
Kellogg,41.7181,-92.9071,879.000000,274.000000
Park View,41.6922,-90.5393,945.000000,274.000000
Oakland Acres,41.7204,-92.8211,881.000000,274.000000
Magnolia,41.6922,-95.8741,795.000000,274.000000
Lake Panorama,41.7198,-94.4025,837.000000,274.000000
Oxford,41.7228,-91.7911,910.000000,274.000000
Ankeny,41.7285,-93.6033,859.000000,274.000000
Valeria,41.7298,-93.3256,867.000000,274.000000
Conroy,41.7267,-91.9986,904.000000,274.000000
Brooklyn,41.7314,-92.4453,892.000000,274.000000
Victor,41.7306,-92.2947,896.000000,274.000000
Audubon,41.7181,-94.9286,822.000000,274.000000
New Liberty,41.716,-90.8778,936.000000,274.000000
Grinnell,41.7361,-92.7244,884.000000,274.000000
Westphalia,41.7192,-95.3937,809.000000,274.000000
Mondamin,41.7101,-96.0215,800.000000,273.000000
Kirkman,41.7281,-95.2673,812.000000,273.000000
North Liberty,41.7438,-91.611,915.000000,273.000000
Panama,41.7263,-95.4754,807.000000,273.000000
Bennett,41.74,-90.9734,933.000000,273.000000
Ladora,41.7557,-92.1859,899.000000,273.000000
Minburn,41.7575,-94.0284,847.000000,273.000000
Dixon,41.7422,-90.7824,938.000000,273.000000
Granger,41.7616,-93.8234,853.000000,273.000000
Woodbine,41.7346,-95.7067,800.000000,273.000000
Mingo,41.7662,-93.2825,868.000000,273.000000
Homestead,41.7627,-91.8731,908.000000,273.000000
McCausland,41.7435,-90.4461,948.000000,273.000000
South Amana,41.7704,-91.96,905.000000,272.000000
Polk City,41.7773,-93.7132,856.000000,272.000000
Yale,41.7754,-94.3572,838.000000,272.000000
Tipton,41.7701,-91.1283,929.000000,272.000000
Hartwick,41.7861,-92.3453,895.000000,272.000000
Elkhart,41.7939,-93.524,861.000000,272.000000
Middle Amana,41.7945,-91.901,907.000000,272.000000
Marengo,41.7961,-92.0675,902.000000,272.000000
Earling,41.7761,-95.4189,808.000000,272.000000
High Amana,41.8011,-91.9419,906.000000,271.000000
Amana,41.8025,-91.8741,908.000000,271.000000
Irwin,41.7902,-95.2068,814.000000,271.000000
West Amana,41.8082,-91.9652,905.000000,271.000000
East Amana,41.8071,-91.8498,908.000000,271.000000
Solon,41.8055,-91.4961,918.000000,271.000000
Alleman,41.8158,-93.6094,859.000000,271.000000
Holiday Lake,41.8174,-92.4496,892.000000,271.000000
Camanche,41.7928,-90.2766,953.000000,271.000000
Baxter,41.8252,-93.1525,872.000000,271.000000
Low Moor,41.8023,-90.3542,950.000000,271.000000
River Sioux,41.8024,-96.0479,800.000000,270.000000
Perry,41.8387,-94.0937,845.000000,270.000000
Little Sioux,41.8082,-96.0274,800.000000,270.000000
Grand Mound,41.8232,-90.6502,942.000000,270.000000
Calamus,41.8265,-90.76,939.000000,270.000000
DeWitt,41.8227,-90.5448,945.000000,270.000000
Defiance,41.8254,-95.3404,810.000000,270.000000
Dawson,41.8431,-94.2203,842.000000,270.000000
Swisher,41.8442,-91.6938,913.000000,270.000000
Jamaica,41.8452,-94.307,839.000000,270.000000
Wheatland,41.8329,-90.8379,937.000000,270.000000
Shueyville,41.8462,-91.6512,914.000000,270.000000
Bagley,41.8464,-94.4303,836.000000,270.000000
Bouton,41.8511,-94.0106,848.000000,270.000000
Woodward,41.8527,-93.9208,850.000000,270.000000
Gray,41.8418,-94.9859,820.000000,270.000000
Bayard,41.852,-94.5578,832.000000,270.000000
Sheldahl,41.8643,-93.6966,857.000000,269.000000
Pisgah,41.8304,-95.9264,794.000000,269.000000
Clinton,41.8434,-90.2408,954.000000,269.000000
Lowden,41.8589,-90.9229,934.000000,269.000000
Madrid,41.8757,-93.8205,853.000000,269.000000
Gilman,41.8788,-92.7881,882.000000,269.000000
Dunlap,41.8526,-95.6006,803.000000,269.000000
Slater,41.8807,-93.6912,857.000000,269.000000
Ely,41.8753,-91.585,916.000000,269.000000
Laurel,41.8841,-92.9222,878.000000,269.000000
Walford,41.8796,-91.8308,909.000000,269.000000
Coon Rapids,41.8748,-94.6785,829.000000,269.000000
Maxwell,41.8914,-93.3961,865.000000,269.000000
Belle Plaine,41.8954,-92.2751,896.000000,268.000000
Watkins,41.8932,-91.9849,905.000000,268.000000
Huxley,41.8963,-93.5914,860.000000,268.000000
Cambridge,41.9001,-93.536,861.000000,268.000000
Clarence,41.8857,-91.0578,931.000000,268.000000
Collins,41.902,-93.3083,867.000000,268.000000
Norway,41.9021,-91.9227,906.000000,268.000000
Stanwood,41.8927,-91.1488,928.000000,268.000000
Luzerne,41.9054,-92.1804,899.000000,268.000000
Blairstown,41.9059,-92.0821,902.000000,268.000000
Manilla,41.8923,-95.2347,813.000000,268.000000
Mechanicsville,41.9056,-91.2536,925.000000,268.000000
Chelsea,41.9205,-92.3945,893.000000,268.000000
Toronto,41.9029,-90.8627,936.000000,267.000000
Dedham,41.9087,-94.8232,825.000000,267.000000
Manning,41.9092,-95.0642,818.000000,267.000000
Rhodes,41.9279,-93.1837,871.000000,267.000000
Aspinwall,41.9105,-95.135,816.000000,267.000000
Lisbon,41.9205,-91.3917,921.000000,267.000000
Welton,41.9076,-90.5959,944.000000,267.000000
Mount Vernon,41.923,-91.4244,920.000000,267.000000
Templeton,41.9179,-94.9413,822.000000,267.000000
Fairfax,41.9281,-91.7791,910.000000,267.000000
Ferguson,41.9386,-92.863,880.000000,267.000000
Rippey,41.9342,-94.2008,842.000000,267.000000
Melbourne,41.9416,-93.1027,873.000000,267.000000
Buck Grove,41.9178,-95.3951,809.000000,267.000000
Haverhill,41.9442,-92.9606,877.000000,267.000000
Berkley,41.9465,-94.1136,845.000000,266.000000
Kelley,41.951,-93.6656,857.000000,266.000000
Dow City,41.928,-95.4943,806.000000,266.000000
Moorhead,41.9244,-95.8507,796.000000,266.000000
Bertram,41.9512,-91.5376,917.000000,266.000000
Tama,41.9648,-92.5746,888.000000,266.000000
Blencoe,41.9303,-96.0822,799.000000,266.000000
Luther,41.9669,-93.8176,853.000000,266.000000
Cedar Rapids,41.9665,-91.6782,913.000000,266.000000
Arion,41.9482,-95.4623,807.000000,266.000000
Montour,41.9803,-92.715,884.000000,266.000000
Lost Nation,41.9666,-90.8167,937.000000,265.000000
Charlotte,41.9621,-90.4682,947.000000,265.000000
Toledo,41.9902,-92.5803,888.000000,265.000000
Vining,41.991,-92.3876,893.000000,265.000000
Willey,41.9787,-94.8224,825.000000,265.000000
Goose Lake,41.9678,-90.3816,950.000000,265.000000
Newhall,41.9932,-91.9672,905.000000,265.000000
Atkins,41.9943,-91.8585,908.000000,265.000000
Oxford Junction,41.9838,-90.9541,934.000000,265.000000
Keystone,41.9995,-92.1982,899.000000,265.000000
Le Grand,42.0067,-92.7749,882.000000,265.000000
Elberon,42.0055,-92.3161,895.000000,265.000000
Van Horne,42.0083,-92.0897,902.000000,264.000000
Olin,41.9977,-91.1417,928.000000,264.000000
Andover,41.9799,-90.2529,953.000000,264.000000
Colo,42.0145,-93.3186,867.000000,264.000000
State Center,42.0149,-93.1652,872.000000,264.000000
Soldier,41.9842,-95.7802,798.000000,264.000000
Morley,42.006,-91.2459,925.000000,264.000000
Nevada,42.0186,-93.4635,863.000000,264.000000
Halbur,42.0051,-94.972,821.000000,264.000000
Delmar,41.9988,-90.608,943.000000,264.000000
Jefferson,42.0173,-94.3798,837.000000,264.000000
Ames,42.0259,-93.6215,859.000000,264.000000
Scranton,42.0191,-94.549,833.000000,264.000000
Martelle,42.0204,-91.3578,922.000000,264.000000
Marshalltown,42.0341,-92.9067,879.000000,264.000000
Grand Junction,42.033,-94.237,841.000000,264.000000
Denison,42.016,-95.3528,810.000000,264.000000
Beaver,42.0383,-94.14,844.000000,263.000000
Ogden,42.0395,-94.0283,847.000000,263.000000
Ralston,42.0418,-94.6293,830.000000,263.000000
Marion,42.045,-91.5846,916.000000,263.000000
Boone,42.053,-93.877,852.000000,263.000000
Turin,42.0208,-95.966,793.000000,263.000000
Hiawatha,42.0547,-91.6911,913.000000,263.000000
Springville,42.0529,-91.4458,920.000000,263.000000
Onawa,42.0268,-96.0905,798.000000,263.000000
Glidden,42.0576,-94.7267,828.000000,262.000000
Palo,42.0646,-91.8002,910.000000,262.000000
Wyoming,42.0597,-91.0051,932.000000,262.000000
Preston,42.0492,-90.3971,949.000000,262.000000
Miles,42.0481,-90.3133,951.000000,262.000000
Clutier,42.0793,-92.4036,893.000000,262.000000
Vail,42.0599,-95.2003,814.000000,262.000000
Ute,42.05,-95.7058,800.000000,262.000000
Maquoketa,42.0598,-90.6651,942.000000,262.000000
Carroll,42.0699,-94.8647,824.000000,262.000000
Robins,42.0799,-91.6762,913.000000,262.000000
Baldwin,42.0731,-90.8385,937.000000,262.000000
Garwin,42.0935,-92.6791,885.000000,262.000000
Monmouth,42.0751,-90.8822,935.000000,262.000000
Westside,42.0757,-95.1013,817.000000,262.000000
Charter Oak,42.0683,-95.589,804.000000,262.000000
Shellsburg,42.0929,-91.8712,908.000000,262.000000
Spragueville,42.0715,-90.4328,948.000000,261.000000
Sabula,42.0665,-90.1766,955.000000,261.000000
Green Mountain,42.1019,-92.8196,881.000000,261.000000
Arcadia,42.0862,-95.0432,819.000000,261.000000
Gilbert,42.1062,-93.6461,858.000000,261.000000
Castana,42.0732,-95.9105,795.000000,261.000000
Albion,42.1125,-92.9887,876.000000,261.000000
Dana,42.1071,-94.2383,841.000000,261.000000
Clemons,42.1139,-93.1585,872.000000,261.000000
Deloit,42.0971,-95.3175,811.000000,261.000000
Stone City,42.1101,-91.3544,922.000000,261.000000
Anamosa,42.1091,-91.2758,924.000000,261.000000
St. Anthony,42.1239,-93.1978,871.000000,261.000000
Onslow,42.1073,-91.0153,932.000000,261.000000
Fraser,42.1242,-93.9699,849.000000,261.000000
Center Junction,42.1141,-91.0903,930.000000,260.000000
Lidderdale,42.1225,-94.7837,826.000000,260.000000
Garrison,42.1451,-92.1442,900.000000,260.000000
Ricketts,42.1281,-95.5749,804.000000,260.000000
Alburnett,42.1492,-91.621,915.000000,260.000000
Zearing,42.1589,-93.2972,868.000000,259.000000
Whiting,42.1272,-96.1508,797.000000,259.000000
Churdan,42.1539,-94.4786,835.000000,259.000000
Pilot Mound,42.1593,-94.0183,848.000000,259.000000
McCallsburg,42.1648,-93.3907,865.000000,259.000000
Roland,42.1661,-93.5029,862.000000,259.000000
Vinton,42.1631,-92.026,903.000000,259.000000
Paton,42.1642,-94.2551,841.000000,259.000000
Dysart,42.1721,-92.3091,895.000000,259.000000
Andrew,42.1533,-90.5921,944.000000,259.000000
Boxholm,42.1736,-94.1061,845.000000,259.000000
Schleswig,42.1607,-95.4352,808.000000,259.000000
Gladbrook,42.1862,-92.7151,884.000000,259.000000
Story City,42.1866,-93.5864,860.000000,258.000000
Traer,42.1895,-92.4639,891.000000,258.000000
Center Point,42.1844,-91.7795,910.000000,258.000000
Liscomb,42.191,-93.0062,876.000000,258.000000
Springbrook,42.1658,-90.4791,947.000000,258.000000
Lanesboro,42.1827,-94.6921,829.000000,258.000000
Breda,42.184,-94.9751,821.000000,258.000000
Mapleton,42.1671,-95.7904,798.000000,258.000000
Central City,42.2024,-91.5248,917.000000,258.000000
Kiron,42.194,-95.3271,811.000000,257.000000
Beaman,42.2202,-92.8221,881.000000,257.000000
Conrad,42.2234,-92.8741,880.000000,257.000000
Urbana,42.2279,-91.8875,907.000000,257.000000
Randall,42.2372,-93.6026,859.000000,257.000000
Rodney,42.2048,-95.9508,793.000000,257.000000
Union,42.2434,-93.0625,874.000000,257.000000
Monticello,42.2298,-91.1861,927.000000,257.000000
Garden City,42.2455,-93.3953,865.000000,257.000000
Prairieburg,42.2378,-91.4259,920.000000,256.000000
Mount Auburn,42.2573,-92.0939,902.000000,256.000000
Whitten,42.2626,-93.0092,876.000000,256.000000
Lincoln,42.2635,-92.6914,885.000000,256.000000
Auburn,42.2496,-94.8778,824.000000,256.000000
Sloan,42.2319,-96.2257,795.000000,256.000000
Smithland,42.2289,-95.9312,794.000000,256.000000
Harcourt,42.2606,-94.1745,843.000000,256.000000
Dayton,42.2622,-94.0712,846.000000,256.000000
Hornick,42.2305,-96.0971,798.000000,256.000000
Danbury,42.2364,-95.7216,800.000000,256.000000
Stratford,42.2691,-93.9272,850.000000,256.000000
Lohrville,42.2672,-94.5516,833.000000,255.000000
Lake City,42.2676,-94.7311,828.000000,255.000000
New Providence,42.2813,-93.1716,871.000000,255.000000
Gowrie,42.2778,-94.2897,840.000000,255.000000
Farnhamville,42.2768,-94.4078,837.000000,255.000000
Wall Lake,42.2672,-95.0927,818.000000,255.000000
Coggon,42.2783,-91.5304,917.000000,255.000000
Bellevue,42.2625,-90.4319,948.000000,255.000000
Stanhope,42.2889,-93.796,854.000000,255.000000
Walker,42.2873,-91.7809,910.000000,255.000000
Hubbard,42.3055,-93.3019,868.000000,254.000000
Ellsworth,42.3101,-93.5819,860.000000,254.000000
La Porte City,42.3138,-92.1914,899.000000,254.000000
Radcliffe,42.3177,-93.4343,864.000000,254.000000
Oto,42.282,-95.8945,795.000000,254.000000
Cascade,42.3018,-91.0047,932.000000,254.000000
Brandon,42.3151,-92.0031,904.000000,254.000000
La Motte,42.2956,-90.6233,943.000000,254.000000
Zwingle,42.2972,-90.6874,941.000000,254.000000
Lake View,42.3046,-95.0406,819.000000,254.000000
Reinbeck,42.3225,-92.5943,887.000000,254.000000
Yetter,42.3161,-94.8432,825.000000,254.000000
Bernard,42.3133,-90.8319,937.000000,254.000000
Odebolt,42.3118,-95.2542,813.000000,254.000000
Morrison,42.343,-92.6733,885.000000,253.000000
Battle Creek,42.3168,-95.6003,803.000000,253.000000
Salix,42.3158,-96.3035,792.000000,253.000000
Rinard,42.3396,-94.485,835.000000,253.000000
Hopkinton,42.3431,-91.2487,925.000000,253.000000
Arthur,42.3353,-95.3469,810.000000,253.000000
Eldora,42.3605,-93.1013,873.000000,253.000000
Lehigh,42.3575,-94.0535,847.000000,253.000000
Ryan,42.3524,-91.4852,919.000000,253.000000
Grundy Center,42.3637,-92.774,882.000000,253.000000
Callender,42.3616,-94.2955,840.000000,252.000000
Ida Grove,42.3439,-95.4732,807.000000,252.000000
Rowley,42.3685,-91.8443,908.000000,252.000000
Climbing Hill,42.3394,-96.081,799.000000,252.000000
Somers,42.3787,-94.4309,836.000000,252.000000
St. Donatus,42.3624,-90.5422,945.000000,252.000000
Kamrar,42.3898,-93.728,856.000000,252.000000
Holland,42.4002,-92.7988,882.000000,251.000000
Quasqueton,42.3945,-91.7578,911.000000,251.000000
Steamboat Rock,42.4081,-93.0662,874.000000,251.000000
Rockwell City,42.3981,-94.6289,831.000000,251.000000
Worthington,42.3979,-91.1207,929.000000,251.000000
Washburn,42.4112,-92.2685,897.000000,251.000000
Buckeye,42.4195,-93.3758,866.000000,251.000000
Gilbertville,42.4182,-92.214,898.000000,251.000000
Anthon,42.3881,-95.8657,796.000000,250.000000
Otho,42.4222,-94.1493,844.000000,250.000000
Sergeant Bluff,42.3976,-96.3517,791.000000,250.000000
Owasa,42.4319,-93.2047,870.000000,250.000000
Hudson,42.432,-92.4522,891.000000,250.000000
Wellsburg,42.4339,-92.9266,878.000000,250.000000
Lytton,42.4233,-94.8605,824.000000,250.000000
Sac City,42.4217,-94.9979,820.000000,250.000000
Delhi,42.4303,-91.3305,923.000000,250.000000
Bronson,42.409,-96.2113,795.000000,250.000000
Coalville,42.4406,-94.1193,845.000000,250.000000
Moorland,42.4414,-94.2954,840.000000,250.000000
Farley,42.4437,-91.0092,932.000000,249.000000
Dike,42.4641,-92.6255,887.000000,249.000000
Epworth,42.4465,-90.9313,934.000000,249.000000
Webster City,42.4623,-93.8167,853.000000,249.000000
Knierim,42.4561,-94.4559,835.000000,249.000000
Evansdale,42.4635,-92.2764,896.000000,249.000000
Independence,42.4622,-91.9027,907.000000,249.000000
Peosta,42.4477,-90.8446,936.000000,249.000000
Elk Run Heights,42.4662,-92.2501,897.000000,249.000000
Raymond,42.4694,-92.2296,898.000000,249.000000
Duncombe,42.4695,-93.9962,848.000000,249.000000
Winthrop,42.4708,-91.7374,911.000000,249.000000
Jesup,42.4746,-92.0657,902.000000,249.000000
Blairsburg,42.4784,-93.6428,858.000000,249.000000
Early,42.4615,-95.1522,816.000000,249.000000
Delaware,42.4713,-91.339,923.000000,248.000000
Masonville,42.4798,-91.5916,916.000000,248.000000
Twin Lakes,42.4775,-94.6354,830.000000,248.000000
Williams,42.4892,-93.5411,861.000000,248.000000
Jolley,42.4794,-94.7182,828.000000,248.000000
Centralia,42.4723,-90.8362,937.000000,248.000000
Waterloo,42.492,-92.3522,894.000000,248.000000
Earlville,42.4826,-91.27,925.000000,248.000000
Manchester,42.4854,-91.4556,919.000000,248.000000
Cushing,42.465,-95.6757,801.000000,248.000000
Dyersville,42.4817,-91.1176,929.000000,248.000000
Correctionville,42.4774,-95.783,798.000000,248.000000
Lawton,42.4769,-96.1851,796.000000,248.000000
Alden,42.5114,-93.38,866.000000,248.000000
Graf,42.4939,-90.8735,936.000000,247.000000
Barnum,42.5062,-94.3657,838.000000,247.000000
Holstein,42.4869,-95.5429,805.000000,247.000000
Fort Dodge,42.5098,-94.1751,843.000000,247.000000
Iowa Falls,42.519,-93.2662,869.000000,247.000000
Schaller,42.4965,-95.2963,812.000000,247.000000
Cedar Falls,42.5195,-92.4534,891.000000,247.000000
Dubuque,42.5008,-90.7067,940.000000,247.000000
Bankston,42.5074,-90.9613,933.000000,247.000000
Sioux City,42.4959,-96.3901,790.000000,247.000000
Stout,42.527,-92.7116,884.000000,247.000000
Moville,42.49,-96.0679,799.000000,247.000000
Galva,42.5059,-95.4177,808.000000,247.000000
Asbury,42.5119,-90.7795,938.000000,247.000000
Nemaha,42.515,-95.0889,818.000000,247.000000
Manson,42.5284,-94.5401,833.000000,247.000000
Ackley,42.5519,-93.0526,875.000000,246.000000
New Vienna,42.5477,-91.1139,929.000000,246.000000
Pomeroy,42.5519,-94.6778,829.000000,246.000000
Woolstock,42.5648,-93.8433,853.000000,246.000000
New Hartford,42.5682,-92.6213,887.000000,246.000000
Dunkerton,42.5679,-92.1608,900.000000,246.000000
Sageville,42.549,-90.7062,940.000000,245.000000
Parkersburg,42.5739,-92.7785,882.000000,245.000000
Pierson,42.5428,-95.8653,796.000000,245.000000
Aplington,42.5819,-92.8835,879.000000,245.000000
Durango,42.561,-90.7743,938.000000,245.000000
Dundee,42.5799,-91.5461,917.000000,245.000000
Popejoy,42.5938,-93.4278,864.000000,245.000000
Clare,42.5875,-94.3447,839.000000,245.000000
Vincent,42.5917,-94.0198,848.000000,245.000000
Fonda,42.5816,-94.8457,825.000000,245.000000
Greeley,42.5851,-91.3416,923.000000,245.000000
Rickardsville,42.5815,-90.8763,936.000000,244.000000
Lamont,42.5984,-91.6405,914.000000,244.000000
Washta,42.5756,-95.7202,800.000000,244.000000
Holy Cross,42.6011,-90.996,932.000000,244.000000
Badger,42.6142,-94.1446,844.000000,244.000000
Luxemburg,42.6039,-91.0726,930.000000,244.000000
Hazleton,42.6178,-91.9058,907.000000,244.000000
Kingsley,42.5865,-95.9678,793.000000,244.000000
Sherrill,42.6046,-90.7841,938.000000,244.000000
Aurora,42.6194,-91.7295,912.000000,244.000000
Newell,42.6097,-95.004,820.000000,244.000000
Bradford,42.637,-93.2485,869.000000,243.000000
Lakeside,42.6178,-95.1772,815.000000,243.000000
Palmer,42.6299,-94.5984,831.000000,243.000000
Fairbank,42.64,-92.0477,903.000000,243.000000
Janesville,42.6462,-92.4626,891.000000,243.000000
Stanley,42.642,-91.8122,909.000000,243.000000
Colesburg,42.6387,-91.201,926.000000,243.000000
Hinton,42.6212,-96.2978,792.000000,243.000000
Edgewood,42.6443,-91.4017,921.000000,243.000000
Balltown,42.6371,-90.87,936.000000,243.000000
Quimby,42.6292,-95.644,802.000000,243.000000
Dows,42.6593,-93.5012,862.000000,242.000000
Pioneer,42.6535,-94.3909,837.000000,242.000000
Storm Lake,42.6431,-95.1969,815.000000,242.000000
Eagle Grove,42.6664,-93.9026,851.000000,242.000000
Denver,42.669,-92.3342,895.000000,242.000000
Varina,42.6582,-94.8977,823.000000,242.000000
Geneva,42.6748,-93.1298,873.000000,242.000000
Oelwein,42.6715,-91.9133,907.000000,242.000000
Strawberry Point,42.6804,-91.5349,917.000000,241.000000
Thor,42.6881,-94.0496,847.000000,241.000000
Galt,42.693,-93.6051,859.000000,241.000000
Alta,42.6717,-95.3045,812.000000,241.000000
North Buena Vista,42.6776,-90.9585,933.000000,241.000000
Readlyn,42.7038,-92.2249,898.000000,241.000000
Shell Rock,42.7126,-92.5816,888.000000,241.000000
Waverly,42.725,-92.4708,891.000000,240.000000
Dakota City,42.7229,-94.1977,843.000000,240.000000
Humboldt,42.7232,-94.2245,842.000000,240.000000
Coulter,42.733,-93.3701,866.000000,240.000000
Clarion,42.7319,-93.7297,856.000000,240.000000
Gilmore City,42.7269,-94.4369,836.000000,240.000000
Aurelia,42.7131,-95.4368,808.000000,240.000000
Goldfield,42.7356,-93.9181,850.000000,240.000000
Rowan,42.7391,-93.5504,861.000000,240.000000
Hampton,42.742,-93.205,870.000000,240.000000
Osterdock,42.7313,-91.1579,928.000000,240.000000
Pocahontas,42.7371,-94.6661,830.000000,239.000000
Truesdale,42.7292,-95.1835,815.000000,239.000000
Allison,42.752,-92.7957,882.000000,239.000000
Dumont,42.7522,-92.9736,877.000000,239.000000
Merrill,42.7206,-96.2525,794.000000,239.000000
Elkport,42.7411,-91.2751,924.000000,239.000000
Arlington,42.7488,-91.6711,913.000000,239.000000
Garber,42.7445,-91.2617,925.000000,239.000000
Hansell,42.7578,-93.1041,873.000000,239.000000
Latimer,42.7629,-93.3655,866.000000,239.000000
Rutland,42.7614,-94.2952,840.000000,239.000000
Westgate,42.7682,-91.9956,904.000000,239.000000
Bristow,42.7738,-92.9079,879.000000,239.000000
Cherokee,42.7501,-95.5528,805.000000,238.000000
Maynard,42.7739,-91.8775,907.000000,238.000000
Clarksville,42.7799,-92.6679,885.000000,238.000000
Westfield,42.7561,-96.6055,784.000000,238.000000
Albert City,42.7816,-94.9491,822.000000,238.000000
Guttenberg,42.7886,-91.1059,929.000000,238.000000
Alexander,42.8044,-93.4786,863.000000,238.000000
Tripoli,42.8083,-92.2578,897.000000,237.000000
Bradgate,42.8029,-94.4196,836.000000,237.000000
Volga,42.8027,-91.5423,917.000000,237.000000
Hardy,42.8101,-94.0512,847.000000,237.000000
Le Mars,42.7809,-96.1743,796.000000,237.000000
Rolfe,42.8129,-94.5313,833.000000,237.000000
Meriden,42.7945,-95.6341,803.000000,237.000000
Renwick,42.8269,-93.9813,849.000000,237.000000
Aredale,42.8332,-93.0054,876.000000,237.000000
Chapin,42.8354,-93.2223,870.000000,237.000000
Brunsville,42.811,-96.2666,793.000000,236.000000
Cleghorn,42.8125,-95.7127,800.000000,236.000000
Plainfield,42.8446,-92.5357,889.000000,236.000000
Havelock,42.8331,-94.7008,829.000000,236.000000
Rembrandt,42.8257,-95.1656,816.000000,236.000000
Wadena,42.8398,-91.6594,914.000000,236.000000
Fayette,42.8415,-91.8036,910.000000,236.000000
Belmond,42.8466,-93.6084,859.000000,236.000000
Akron,42.8268,-96.5571,785.000000,236.000000
Sumner,42.8498,-92.0971,901.000000,236.000000
Remsen,42.8148,-95.9725,793.000000,236.000000
Marcus,42.8224,-95.8068,798.000000,236.000000
Oyens,42.82,-96.0582,799.000000,236.000000
Laurens,42.8477,-94.8482,825.000000,236.000000
Elkader,42.8572,-91.4024,921.000000,235.000000
Randalia,42.8636,-91.8864,907.000000,235.000000
Livermore,42.868,-94.184,843.000000,235.000000
Bode,42.868,-94.2863,840.000000,235.000000
Marathon,42.8602,-94.9829,821.000000,235.000000
Garnavillo,42.8662,-91.2364,925.000000,235.000000
Frederika,42.8835,-92.3054,896.000000,235.000000
Plover,42.8767,-94.6222,831.000000,235.000000
Larrabee,42.8617,-95.5446,805.000000,235.000000
Sheffield,42.8928,-93.2086,870.000000,235.000000
Greene,42.8967,-92.8041,882.000000,234.000000
Ottosen,42.898,-94.3756,838.000000,234.000000
Sioux Rapids,42.8916,-95.1488,816.000000,234.000000
Lu Verne,42.9092,-94.0836,846.000000,234.000000
Linn Grove,42.8928,-95.2424,814.000000,234.000000
Meservey,42.9157,-93.4734,863.000000,234.000000
Clayton,42.9033,-91.1505,928.000000,234.000000
St. Joseph,42.9123,-94.2308,842.000000,234.000000
Dougherty,42.922,-93.0359,875.000000,234.000000
Goodell,42.9237,-93.614,859.000000,234.000000
Craig,42.8956,-96.3097,792.000000,233.000000
Struble,42.8945,-96.1946,795.000000,233.000000
Kanawha,42.9342,-93.7933,854.000000,233.000000
St. Olaf,42.9269,-91.3879,921.000000,233.000000
Peterson,42.9176,-95.3425,811.000000,233.000000
Hawkeye,42.9378,-91.9504,905.000000,233.000000
Chatsworth,42.9163,-96.5144,786.000000,233.000000
Thornton,42.9442,-93.3871,865.000000,233.000000
Nashua,42.9502,-92.5417,889.000000,233.000000
Mallard,42.9394,-94.6832,829.000000,233.000000
Elgin,42.9553,-91.6356,914.000000,232.000000
Marble Rock,42.9648,-92.8683,880.000000,232.000000
West Union,42.9588,-91.8132,909.000000,232.000000
Webb,42.9497,-95.0129,820.000000,232.000000
Fredericksburg,42.9648,-92.1965,899.000000,232.000000
West Bend,42.9599,-94.4457,836.000000,232.000000
Farmersburg,42.9589,-91.367,922.000000,232.000000
Calumet,42.945,-95.5514,805.000000,232.000000
Swaledale,42.9765,-93.3154,867.000000,232.000000
Rockwell,42.98,-93.1871,871.000000,232.000000
Curlew,42.9795,-94.7377,828.000000,231.000000
Corwith,42.989,-93.9581,849.000000,231.000000
Sutherland,42.9729,-95.4951,806.000000,231.000000
Maurice,42.9664,-96.1824,795.000000,231.000000
Ireton,42.9749,-96.3216,792.000000,231.000000
Clermont,43.0001,-91.6523,914.000000,231.000000
Paullina,42.9799,-95.6836,801.000000,231.000000
Klemme,43.0098,-93.6014,859.000000,231.000000
Irvington,43.0136,-94.196,843.000000,230.000000
Granville,42.9855,-95.875,796.000000,230.000000
Alton,42.9876,-96.0095,800.000000,230.000000
Hawarden,43.0015,-96.4829,787.000000,230.000000
Rossie,43.0137,-95.1886,815.000000,230.000000
Gillett Grove,43.0166,-95.0365,819.000000,230.000000
Rodman,43.0266,-94.5272,834.000000,230.000000
Greenville,43.017,-95.1461,816.000000,230.000000
Ionia,43.0359,-92.4584,891.000000,230.000000
McGregor,43.0247,-91.182,927.000000,230.000000
Orange City,43.0023,-96.0566,799.000000,230.000000
St. Benedict,43.044,-94.0609,847.000000,229.000000
Rockford,43.0524,-92.9477,878.000000,229.000000
Ayrshire,43.0396,-94.8335,825.000000,229.000000
New Hampton,43.0563,-92.3153,895.000000,229.000000
Marquette,43.0443,-91.192,927.000000,229.000000
Waucoma,43.0554,-92.0341,903.000000,229.000000
Bassett,43.0615,-92.5153,890.000000,229.000000
Monona,43.0513,-91.3912,921.000000,229.000000
Charles City,43.0644,-92.6745,885.000000,229.000000
Burchinal,43.0648,-93.2785,868.000000,229.000000
Luana,43.0594,-91.4557,919.000000,229.000000
St. Lucas,43.0667,-91.9342,906.000000,229.000000
Whittemore,43.0634,-94.4251,836.000000,229.000000
Lawler,43.072,-92.1532,900.000000,228.000000
Algona,43.0743,-94.2302,842.000000,228.000000
Royal,43.0644,-95.2837,812.000000,228.000000
Hutchins,43.0878,-93.8865,851.000000,228.000000
Postville,43.084,-91.5683,916.000000,228.000000
Wesley,43.0887,-93.9929,848.000000,228.000000
Cylinder,43.0897,-94.5512,833.000000,228.000000
Britt,43.0975,-93.8032,854.000000,228.000000
Garner,43.1,-93.6026,859.000000,228.000000
Jackson Junction,43.1014,-92.0463,903.000000,227.000000
Duncan,43.1051,-93.7059,856.000000,227.000000
Hospers,43.0722,-95.9039,795.000000,227.000000
Sioux Center,43.0748,-96.1707,796.000000,227.000000
Primghar,43.0864,-95.6209,803.000000,227.000000
North Washington,43.1171,-92.4151,892.000000,227.000000
Castalia,43.1126,-91.677,913.000000,227.000000
Emmetsburg,43.1146,-94.6799,829.000000,227.000000
Rudd,43.1275,-92.9046,879.000000,227.000000
Portland,43.1276,-93.1271,873.000000,227.000000
Floyd,43.1282,-92.7402,883.000000,227.000000
Ventura,43.1283,-93.4621,863.000000,227.000000
Clear Lake,43.1346,-93.374,866.000000,226.000000
Nora Springs,43.1445,-93.0094,876.000000,226.000000
Ruthven,43.13,-94.8984,823.000000,226.000000
Archer,43.1151,-95.7442,800.000000,226.000000
Mason City,43.1487,-93.1998,871.000000,226.000000
Fort Atkinson,43.1442,-91.9344,906.000000,226.000000
Dickens,43.1339,-95.0223,820.000000,226.000000
Ossian,43.1469,-91.7646,911.000000,226.000000
Colwell,43.1577,-92.5911,888.000000,226.000000
Spencer,43.1468,-95.1534,816.000000,225.000000
Hayfield,43.1781,-93.6926,857.000000,225.000000
Everly,43.1619,-95.3198,811.000000,225.000000
Calmar,43.1811,-91.8678,908.000000,225.000000
Miller,43.1864,-93.6076,859.000000,225.000000
Alta Vista,43.1967,-92.417,892.000000,224.000000
Burt,43.1989,-94.2211,842.000000,224.000000
Hartley,43.179,-95.4768,807.000000,224.000000
Rock Falls,43.207,-93.0871,874.000000,224.000000
Spillville,43.2031,-91.9523,905.000000,224.000000
Sanborn,43.1814,-95.6553,802.000000,224.000000
Sheldon,43.1796,-95.8441,797.000000,224.000000
Harpers Ferry,43.2005,-91.1525,928.000000,224.000000
Protivin,43.2168,-92.0891,902.000000,224.000000
Waterville,43.2083,-91.296,924.000000,223.000000
Hull,43.1894,-96.1342,797.000000,223.000000
Crystal Lake,43.223,-93.7927,854.000000,223.000000
Fenton,43.2181,-94.428,836.000000,223.000000
Orchard,43.2273,-92.7751,882.000000,223.000000
Boyden,43.1891,-96.0032,800.000000,223.000000
Lone Rock,43.2208,-94.3255,839.000000,223.000000
Woden,43.2308,-93.9114,851.000000,223.000000
Rock Valley,43.2028,-96.2902,792.000000,223.000000
Titonka,43.2369,-94.0411,847.000000,223.000000
Plymouth,43.2464,-93.1232,873.000000,223.000000
Elma,43.2459,-92.4393,892.000000,223.000000
Graettinger,43.2371,-94.7504,827.000000,222.000000
Forest City,43.257,-93.6365,858.000000,222.000000
Fertile,43.2623,-93.4232,864.000000,222.000000
Fostoria,43.243,-95.155,816.000000,222.000000
Waukon,43.2684,-91.4782,919.000000,222.000000
Hanlontown,43.2809,-93.3789,866.000000,221.000000
Matlock,43.2443,-95.9343,794.000000,221.000000
Osage,43.2826,-92.8114,881.000000,221.000000
New Haven,43.2839,-92.6422,886.000000,221.000000
Manly,43.2881,-93.201,871.000000,221.000000
Bancroft,43.2929,-94.2176,842.000000,221.000000
Ridgeway,43.2971,-91.9924,904.000000,221.000000
Ringsted,43.295,-94.5068,834.000000,221.000000
Decorah,43.3015,-91.7844,910.000000,221.000000
Doon,43.2792,-96.2323,794.000000,220.000000
Melvin,43.2864,-95.6086,803.000000,220.000000
Mitchell,43.3204,-92.8707,880.000000,220.000000
Terril,43.3058,-94.9689,821.000000,220.000000
Grafton,43.3306,-93.0687,874.000000,220.000000
Leland,43.3318,-93.6351,858.000000,220.000000
Wallingford,43.3202,-94.7924,826.000000,220.000000
Inwood,43.3093,-96.4351,788.000000,220.000000
Ashton,43.3089,-95.7925,798.000000,219.000000
Kensett,43.3534,-93.2106,870.000000,219.000000
Milford,43.3335,-95.1474,816.000000,219.000000
Riceville,43.3621,-92.5541,889.000000,219.000000
Joice,43.3648,-93.4581,863.000000,219.000000
West Okoboji,43.3489,-95.1632,816.000000,218.000000
Little Cedar,43.3698,-92.7236,884.000000,218.000000
Thompson,43.3698,-93.7747,855.000000,218.000000
Bolan,43.3735,-93.1085,873.000000,218.000000
Alvord,43.3418,-96.3026,792.000000,218.000000
Lansing,43.3606,-91.2254,926.000000,218.000000
Cresco,43.3718,-92.1164,901.000000,218.000000
St. Ansgar,43.3797,-92.9178,878.000000,218.000000
Arnolds Park,43.3601,-95.1265,817.000000,218.000000
George,43.342,-96.0027,800.000000,218.000000
Lakota,43.3786,-94.0963,846.000000,218.000000
Swea City,43.3832,-94.3111,840.000000,218.000000
Buffalo Center,43.3894,-93.9428,850.000000,218.000000
Wahpeton,43.3742,-95.1744,816.000000,218.000000
Armstrong,43.3945,-94.4834,835.000000,217.000000
Gruver,43.3931,-94.7036,829.000000,217.000000
Okoboji,43.3909,-95.139,817.000000,217.000000
Estherville,43.3998,-94.8343,825.000000,217.000000
Carpenter,43.415,-93.0173,876.000000,217.000000
Lake Mills,43.4169,-93.5321,861.000000,217.000000
Ledyard,43.4206,-94.1585,844.000000,217.000000
Sibley,43.4013,-95.7438,800.000000,216.000000
McIntire,43.436,-92.5937,887.000000,216.000000
Spirit Lake,43.4176,-95.1109,817.000000,216.000000
Stacyville,43.4391,-92.784,882.000000,216.000000
Toeterville,43.4401,-92.8879,879.000000,216.000000
Northwood,43.4441,-93.2166,870.000000,216.000000
Ocheyedan,43.4181,-95.5365,805.000000,216.000000
Superior,43.4337,-94.9466,822.000000,216.000000
Lime Springs,43.4499,-92.2842,896.000000,216.000000
Meyer,43.4618,-92.7011,884.000000,215.000000
Rock Rapids,43.4273,-96.1662,796.000000,215.000000
Burr Oak,43.458,-91.8619,908.000000,215.000000
Harris,43.4435,-95.4371,808.000000,215.000000
Orleans,43.4513,-95.0991,818.000000,215.000000
Lake Park,43.4472,-95.3247,811.000000,215.000000
Lester,43.4403,-96.3315,791.000000,215.000000
Scarville,43.471,-93.6166,859.000000,215.000000
Dolliver,43.4638,-94.6143,831.000000,215.000000
Little Rock,43.4455,-95.8804,796.000000,215.000000
Larchwood,43.4545,-96.4369,788.000000,215.000000
Mona,43.4833,-92.9501,878.000000,215.000000
Rake,43.4806,-93.9202,851.000000,215.000000
Chester,43.4918,-92.3639,894.000000,214.000000
New Albin,43.497,-91.2881,924.000000,214.000000
