Waldron,37.0018,-98.1826,740.000000,434.000000
Hunnewell,37.0041,-97.4077,762.000000,434.000000
Hardtner,37.0143,-98.6492,727.000000,434.000000
Kiowa,37.0174,-98.4848,731.000000,434.000000
Baxter Springs,37.0196,-94.7351,827.000000,433.000000
Elgin,37.0019,-96.2806,794.000000,433.000000
Elkhart,37.0038,-101.8944,635.000000,433.000000
Caldwell,37.0349,-97.6089,756.000000,433.000000
Englewood,37.0405,-99.9876,689.000000,433.000000
Caney,37.014,-95.9316,793.000000,433.000000
Chetopa,37.0376,-95.0926,817.000000,432.000000
Chautauqua,37.0241,-96.1776,797.000000,432.000000
South Haven,37.0495,-97.4013,762.000000,432.000000
Liberal,37.0466,-100.9295,662.000000,432.000000
Lowell,37.0509,-94.7032,828.000000,432.000000
Tyro,37.0375,-95.8212,796.000000,432.000000
Bartlett,37.055,-95.2112,813.000000,432.000000
Coffeyville,37.0518,-95.618,802.000000,432.000000
Bluff City,37.0761,-97.8747,749.000000,431.000000
Edna,37.0587,-95.3592,809.000000,431.000000
Dearing,37.0533,-95.6953,800.000000,431.000000
Parkerfield,37.0678,-96.9957,774.000000,431.000000
Riverton,37.0733,-94.706,828.000000,431.000000
Galena,37.0751,-94.6353,830.000000,431.000000
Arkansas City,37.0726,-97.0385,773.000000,431.000000
Hazelton,37.0894,-98.4015,734.000000,431.000000
Niotaze,37.0678,-96.0147,802.000000,431.000000
Peru,37.0803,-96.0962,799.000000,430.000000
Geuda Springs,37.1116,-97.1504,769.000000,430.000000
Havana,37.0921,-95.9419,793.000000,430.000000
Cedar Vale,37.1061,-96.5018,788.000000,430.000000
Rolla,37.1179,-101.6317,642.000000,429.000000
Anthony,37.1573,-98.0408,744.000000,429.000000
Sedan,37.1284,-96.1849,797.000000,429.000000
Liberty,37.1564,-95.5977,802.000000,428.000000
Columbus,37.1714,-94.8442,824.000000,428.000000
Oswego,37.1673,-95.1122,816.000000,428.000000
Ashland,37.1866,-99.7697,695.000000,428.000000
Hugoton,37.1745,-101.3447,650.000000,428.000000
Protection,37.2004,-99.4808,703.000000,427.000000
Dexter,37.1795,-96.7161,782.000000,427.000000
Freeport,37.1989,-97.8542,749.000000,427.000000
Altamont,37.1876,-95.2897,811.000000,427.000000
Kismet,37.2045,-100.7015,669.000000,427.000000
Mound Valley,37.2071,-95.4048,808.000000,426.000000
Independence,37.2118,-95.7328,799.000000,426.000000
Attica,37.2426,-98.2276,739.000000,426.000000
Labette,37.23,-95.1835,814.000000,426.000000
Sharon,37.2498,-98.4177,733.000000,426.000000
Coldwater,37.2582,-99.3378,707.000000,425.000000
Milan,37.2576,-97.6741,754.000000,425.000000
Mayfield,37.263,-97.5403,758.000000,425.000000
Wellington,37.2622,-97.4282,761.000000,425.000000
Argonia,37.2679,-97.7629,752.000000,425.000000
Plains,37.2642,-100.5898,672.000000,425.000000
Medicine Lodge,37.2851,-98.5812,729.000000,425.000000
Oxford,37.2741,-97.1695,769.000000,424.000000
Harper,37.285,-98.0277,744.000000,424.000000
Danville,37.286,-97.8921,748.000000,424.000000
Meade,37.2836,-100.343,679.000000,424.000000
Winfield,37.274,-96.9499,775.000000,424.000000
Scammon,37.278,-94.823,824.000000,424.000000
Roseland,37.2805,-94.8438,824.000000,424.000000
Cherryvale,37.2694,-95.554,804.000000,424.000000
Richfield,37.2653,-101.7828,638.000000,424.000000
West Mineral,37.2839,-94.9266,821.000000,424.000000
Weir,37.3083,-94.7747,826.000000,423.000000
Elk City,37.2896,-95.9099,794.000000,423.000000
Wilmore,37.3352,-99.2103,711.000000,423.000000
Burden,37.315,-96.7554,781.000000,423.000000
Cambridge,37.3178,-96.6676,783.000000,423.000000
Moscow,37.3251,-101.2069,654.000000,423.000000
Cherokee,37.3451,-94.8215,824.000000,422.000000
Parsons,37.3405,-95.2959,811.000000,422.000000
McCune,37.3539,-95.019,819.000000,422.000000
Grenola,37.3505,-96.4494,789.000000,421.000000
Sun City,37.3785,-98.9165,719.000000,421.000000
Fowler,37.3827,-100.1956,683.000000,421.000000
Moline,37.3637,-96.3025,793.000000,421.000000
Chicopee,37.3834,-94.7443,827.000000,421.000000
Conway Springs,37.3899,-97.643,755.000000,421.000000
Udall,37.3889,-97.1177,770.000000,421.000000
Belle Plaine,37.3934,-97.2796,766.000000,420.000000
Elk Falls,37.3733,-96.1934,796.000000,420.000000
Longton,37.3779,-96.0821,800.000000,420.000000
Pittsburg,37.4129,-94.6984,828.000000,420.000000
Nashville,37.4384,-98.4228,733.000000,419.000000
Zenda,37.4441,-98.282,737.000000,419.000000
Minneola,37.4421,-100.0131,688.000000,419.000000
Milton,37.4432,-97.7694,752.000000,419.000000
Spivey,37.4484,-98.1658,740.000000,419.000000
Satanta,37.4378,-100.988,660.000000,419.000000
Neodesha,37.4242,-95.6849,800.000000,419.000000
Atlanta,37.4358,-96.767,780.000000,419.000000
Norwich,37.4573,-97.8478,750.000000,419.000000
Isabel,37.4672,-98.5515,730.000000,418.000000
Frontenac,37.4583,-94.7018,828.000000,418.000000
Viola,37.4829,-97.6445,755.000000,418.000000
Mulvane,37.4788,-97.2724,766.000000,418.000000
Galesburg,37.4721,-95.3563,809.000000,417.000000
Sublette,37.4822,-100.8465,664.000000,417.000000
Sawyer,37.4984,-98.6829,726.000000,417.000000
Howard,37.4696,-96.2632,795.000000,417.000000
Coats,37.5108,-98.8253,722.000000,417.000000
Thayer,37.4851,-95.4845,806.000000,417.000000
Clearwater,37.5096,-97.4975,759.000000,417.000000
Girard,37.5094,-94.8456,824.000000,416.000000
Douglass,37.5169,-97.0105,773.000000,416.000000
Franklin,37.523,-94.6994,828.000000,416.000000
St. Paul,37.5186,-95.1742,814.000000,416.000000
Bucklin,37.5488,-99.6344,699.000000,416.000000
Copeland,37.5404,-100.6288,671.000000,416.000000
Altoona,37.525,-95.6614,801.000000,415.000000
Arma,37.543,-94.7024,828.000000,415.000000
Latham,37.5356,-96.6427,784.000000,415.000000
Manter,37.5243,-101.8839,635.000000,415.000000
Fredonia,37.5328,-95.8223,796.000000,415.000000
Mulberry,37.5562,-94.6236,830.000000,415.000000
Derby,37.5571,-97.2552,766.000000,415.000000
Haysville,37.5649,-97.3527,764.000000,415.000000
Rose Hill,37.5702,-97.1361,770.000000,414.000000
Mullinville,37.5886,-99.4756,703.000000,414.000000
Erie,37.5717,-95.2418,813.000000,414.000000
Ulysses,37.5774,-101.3549,650.000000,414.000000
Montezuma,37.5923,-100.4502,676.000000,414.000000
Johnson City,37.5703,-101.7447,639.000000,414.000000
New Albany,37.5678,-95.9363,793.000000,414.000000
Greensburg,37.6049,-99.2896,709.000000,414.000000
Earlton,37.5873,-95.4696,806.000000,413.000000
Haviland,37.6174,-99.1059,714.000000,413.000000
Walnut,37.6018,-95.0742,817.000000,413.000000
Oaklawn-Sunview,37.6084,-97.2984,765.000000,413.000000
Cullison,37.6303,-98.9054,720.000000,413.000000
McConnell AFB,37.6249,-97.26,766.000000,413.000000
Ford,37.6366,-99.7538,695.000000,413.000000
Cheney,37.6353,-97.7797,751.000000,413.000000
Fall River,37.6078,-96.0285,801.000000,412.000000
Cunningham,37.6447,-98.4311,733.000000,412.000000
Kingman,37.6476,-98.1161,742.000000,412.000000
Arcadia,37.6409,-94.6239,830.000000,412.000000
Severy,37.6219,-96.2275,795.000000,412.000000
Benedict,37.6269,-95.7436,798.000000,412.000000
Ensign,37.6531,-100.2329,682.000000,412.000000
Garden Plain,37.663,-97.6789,754.000000,412.000000
Goddard,37.6658,-97.5621,758.000000,411.000000
Pratt,37.6764,-98.7451,724.000000,411.000000
Hepler,37.6637,-94.9697,820.000000,411.000000
Chanute,37.6695,-95.4621,806.000000,411.000000
Eastborough,37.6856,-97.2592,766.000000,411.000000
Wichita,37.6896,-97.3442,764.000000,410.000000
Andover,37.6869,-97.1354,770.000000,410.000000
Stark,37.6897,-95.144,815.000000,410.000000
Leon,37.6898,-96.7836,780.000000,410.000000
Augusta,37.6955,-96.9921,774.000000,410.000000
Penalosa,37.7156,-98.3202,736.000000,410.000000
Wilroads Gardens,37.7153,-99.9269,691.000000,410.000000
Coyville,37.6873,-95.8959,794.000000,410.000000
Iuka,37.729,-98.7327,724.000000,410.000000
Fort Dodge,37.7304,-99.937,690.000000,409.000000
Buffalo,37.7091,-95.6969,800.000000,409.000000
Climax,37.7191,-96.224,796.000000,409.000000
Preston,37.7584,-98.5578,729.000000,409.000000
Dodge City,37.761,-100.0183,688.000000,408.000000
Savonburg,37.7489,-95.1429,815.000000,408.000000
Wright,37.7753,-99.8905,692.000000,408.000000
Pretty Prairie,37.78,-98.0224,745.000000,408.000000
Maize,37.7748,-97.462,760.000000,408.000000
Bel Aire,37.7749,-97.2457,767.000000,408.000000
Byers,37.7879,-98.867,721.000000,408.000000
Colwich,37.7818,-97.5362,758.000000,407.000000
Andale,37.7914,-97.6273,756.000000,407.000000
Benton,37.7881,-97.1077,770.000000,407.000000
Turon,37.8075,-98.4277,733.000000,407.000000
Towanda,37.7954,-96.9963,774.000000,407.000000
Elsmore,37.7941,-95.15,815.000000,407.000000
Cimarron,37.8097,-100.3454,679.000000,407.000000
Park City,37.8103,-97.3255,764.000000,406.000000
Toronto,37.7985,-95.9498,792.000000,406.000000
Kechi,37.8234,-97.289,765.000000,406.000000
Humboldt,37.8119,-95.437,807.000000,406.000000
Ingalls,37.8286,-100.4534,676.000000,406.000000
Rosalia,37.8158,-96.625,784.000000,406.000000
El Dorado,37.8209,-96.8614,777.000000,406.000000
Fort Scott,37.8283,-94.7038,828.000000,406.000000
Valley Center,37.8333,-97.3645,763.000000,406.000000
Spearville,37.8481,-99.7548,695.000000,405.000000
Redfield,37.8365,-94.882,823.000000,405.000000
Langdon,37.8532,-98.3241,736.000000,405.000000
Eureka,37.8261,-96.2889,794.000000,405.000000
Uniontown,37.8472,-94.9756,820.000000,405.000000
Mount Hope,37.8735,-97.6619,755.000000,404.000000
Offerle,37.8907,-99.5604,701.000000,404.000000
Bentley,37.8867,-97.5147,759.000000,404.000000
Arlington,37.8963,-98.1781,740.000000,404.000000
Yates Center,37.868,-95.7535,798.000000,404.000000
Haven,37.9016,-97.7831,751.000000,403.000000
Bronson,37.8958,-95.0732,817.000000,403.000000
Kinsley,37.9224,-99.4114,705.000000,403.000000
Sedgwick,37.9157,-97.4215,762.000000,403.000000
Bassett,37.9062,-95.4077,808.000000,403.000000
Moran,37.9165,-95.1715,815.000000,403.000000
Lewis,37.937,-99.2547,710.000000,402.000000
La Harpe,37.9165,-95.3023,811.000000,402.000000
Gas,37.9229,-95.3453,810.000000,402.000000
Piqua,37.922,-95.5375,804.000000,402.000000
Belpre,37.9507,-99.0998,714.000000,402.000000
Yoder,37.9454,-97.8681,749.000000,402.000000
Iola,37.9274,-95.4006,808.000000,402.000000
Potwin,37.9388,-97.0183,773.000000,402.000000
Macksville,37.9572,-98.9688,718.000000,402.000000
Sylvia,37.9589,-98.4085,734.000000,402.000000
Lakin,37.94,-101.2585,653.000000,402.000000
Stafford,37.9624,-98.5995,728.000000,402.000000
Partridge,37.9668,-98.0922,743.000000,401.000000
Abbyville,37.9704,-98.2028,739.000000,401.000000
Plevna,37.9717,-98.3095,736.000000,401.000000
Whitewater,37.9636,-97.146,769.000000,401.000000
Garden City,37.9754,-100.8529,664.000000,401.000000
Syracuse,37.9619,-101.7782,638.000000,401.000000
St. John,38,-98.7611,724.000000,400.000000
Deerfield,37.9818,-101.1331,656.000000,400.000000
Holcomb,37.9864,-100.9937,660.000000,400.000000
Halstead,37.9999,-97.5102,759.000000,400.000000
Hamilton,37.9806,-96.1639,797.000000,400.000000
Virgil,37.9807,-96.0116,802.000000,400.000000
Fulton,38.0098,-94.7196,827.000000,400.000000
Mapleton,38.0155,-94.8834,823.000000,399.000000
Burrton,38.0237,-97.6715,754.000000,399.000000
South Hutchinson,38.0278,-97.9428,747.000000,399.000000
Neosho Falls,38.0058,-95.5556,804.000000,399.000000
Jetmore,38.0304,-99.9101,691.000000,399.000000
Mildred,38.0248,-95.174,814.000000,399.000000
Newton,38.0368,-97.3451,764.000000,399.000000
Cassoday,38.0386,-96.6386,784.000000,398.000000
Elbing,38.0534,-97.1283,770.000000,398.000000
Hutchinson,38.0671,-97.9081,748.000000,398.000000
Prescott,38.0632,-94.6928,828.000000,398.000000
Garfield,38.077,-99.2445,710.000000,398.000000
Coolidge,38.0415,-102.0079,642.000000,398.000000
North Newton,38.0767,-97.3475,764.000000,397.000000
Colony,38.0712,-95.3629,809.000000,397.000000
Kincaid,38.0812,-95.1554,815.000000,397.000000
Lone Elm,38.0796,-95.243,813.000000,397.000000
Hudson,38.1047,-98.6605,726.000000,397.000000
Willowbrook,38.1011,-97.992,745.000000,397.000000
Blue Mound,38.089,-95.01,819.000000,397.000000
Burns,38.0897,-96.8877,777.000000,397.000000
LeRoy,38.0863,-95.6331,801.000000,396.000000
Hanston,38.1231,-99.7127,697.000000,396.000000
Walton,38.1193,-97.2582,766.000000,396.000000
Gridley,38.1006,-95.8827,794.000000,396.000000
Buhler,38.1383,-97.7704,752.000000,395.000000
Mound City,38.1328,-94.8494,824.000000,395.000000
Hesston,38.1403,-97.4272,761.000000,395.000000
Nickerson,38.1489,-98.0883,743.000000,395.000000
Madison,38.1335,-96.1372,798.000000,395.000000
The Highlands,38.1659,-97.9497,747.000000,395.000000
Radium,38.1738,-98.8944,720.000000,394.000000
Seward,38.1778,-98.7943,723.000000,394.000000
Larned,38.1834,-99.1014,714.000000,394.000000
Peabody,38.1683,-97.1043,771.000000,394.000000
Matfield Green,38.1596,-96.5626,786.000000,394.000000
Pleasanton,38.179,-94.7053,828.000000,394.000000
Burdett,38.1935,-99.5264,702.000000,394.000000
Rozel,38.1954,-99.4032,705.000000,394.000000
Welda,38.1746,-95.2914,811.000000,394.000000
Westphalia,38.1818,-95.4908,806.000000,393.000000
Sterling,38.2094,-98.2063,739.000000,393.000000
Moundridge,38.2028,-97.515,759.000000,393.000000
Burlington,38.1932,-95.7452,798.000000,393.000000
Inman,38.2323,-97.7714,752.000000,392.000000
Alden,38.2438,-98.3117,736.000000,392.000000
Goessel,38.2473,-97.3456,764.000000,392.000000
Florence,38.2431,-96.9293,776.000000,392.000000
Pawnee Rock,38.2649,-98.9823,717.000000,391.000000
Raymond,38.2779,-98.414,733.000000,391.000000
Cedar Point,38.2601,-96.8218,779.000000,391.000000
Olpe,38.2569,-96.1726,797.000000,391.000000
New Strawn,38.2622,-95.7423,798.000000,390.000000
Garnett,38.2845,-95.2408,813.000000,390.000000
Parker,38.3285,-94.9899,820.000000,389.000000
Hartford,38.3084,-95.9566,792.000000,389.000000
Harris,38.3206,-95.445,807.000000,389.000000
Lyons,38.3462,-98.2045,739.000000,389.000000
Chase,38.3553,-98.3489,735.000000,388.000000
Ellinwood,38.3574,-98.5837,729.000000,388.000000
Great Bend,38.3593,-98.8016,722.000000,388.000000
La Cygne,38.3479,-94.7613,826.000000,388.000000
Hillsboro,38.3527,-97.1992,768.000000,388.000000
Marion,38.355,-97.0087,773.000000,388.000000
McPherson,38.3714,-97.6605,755.000000,388.000000
Lehigh,38.3745,-97.3022,765.000000,387.000000
Greeley,38.3676,-95.1271,816.000000,387.000000
Linn Valley,38.3758,-94.712,828.000000,387.000000
Windom,38.3842,-97.9102,748.000000,387.000000
Galva,38.3836,-97.538,758.000000,387.000000
Cottonwood Falls,38.3684,-96.5426,786.000000,387.000000
Canton,38.3859,-97.43,761.000000,387.000000
Elmdale,38.3732,-96.6457,784.000000,387.000000
Little River,38.3983,-98.0148,745.000000,387.000000
Neosho Rapids,38.3684,-95.9915,791.000000,387.000000
Strong City,38.3956,-96.537,787.000000,386.000000
Richmond,38.4004,-95.2519,812.000000,386.000000
Waverly,38.3964,-95.6048,802.000000,386.000000
Emporia,38.4028,-96.1924,796.000000,386.000000
Fontana,38.4239,-94.8442,824.000000,386.000000
Bazine,38.4462,-99.693,697.000000,385.000000
Lebo,38.4157,-95.8623,795.000000,385.000000
Albert,38.454,-99.0112,716.000000,385.000000
Ness City,38.454,-99.9047,691.000000,385.000000
Lane,38.4397,-95.0818,817.000000,385.000000
Rush Center,38.4649,-99.3109,708.000000,385.000000
Alexander,38.4694,-99.5529,701.000000,384.000000
Timken,38.4731,-99.1781,712.000000,384.000000
Dighton,38.481,-100.4664,675.000000,384.000000
Scott City,38.479,-100.9032,663.000000,384.000000
Durham,38.4845,-97.2269,767.000000,384.000000
Tribune,38.472,-101.7545,639.000000,383.000000
Leoti,38.4834,-101.3579,650.000000,383.000000
Williamsburg,38.4829,-95.4716,806.000000,383.000000
Princeton,38.4876,-95.2703,812.000000,383.000000
Horace,38.4768,-101.7904,638.000000,383.000000
Marienthal,38.4891,-101.22,654.000000,383.000000
Lincolnville,38.4943,-96.9614,775.000000,383.000000
Olivet,38.4813,-95.7519,798.000000,383.000000
Bushton,38.5124,-98.3959,734.000000,383.000000
Frederick,38.5127,-98.2673,738.000000,383.000000
Olmitz,38.5164,-98.9367,719.000000,383.000000
Hoisington,38.518,-98.7773,723.000000,383.000000
Geneseo,38.517,-98.1545,741.000000,383.000000
Bison,38.5199,-99.1979,711.000000,383.000000
Osawatomie,38.5064,-94.9483,821.000000,383.000000
Claflin,38.5245,-98.5369,730.000000,383.000000
La Crosse,38.5318,-99.3095,708.000000,382.000000
Otis,38.5348,-99.0534,715.000000,382.000000
Melvern,38.5073,-95.6378,801.000000,382.000000
Americus,38.5066,-96.2616,794.000000,382.000000
Reading,38.5191,-95.9572,792.000000,382.000000
Marquette,38.5555,-97.8344,750.000000,381.000000
Roxbury,38.5511,-97.4274,761.000000,381.000000
Tampa,38.5481,-97.1543,769.000000,381.000000
Odin,38.5654,-98.6087,728.000000,381.000000
Rantoul,38.5483,-95.1012,817.000000,381.000000
Lorraine,38.569,-98.3173,736.000000,381.000000
McCracken,38.5821,-99.5684,701.000000,381.000000
Lost Springs,38.5665,-96.9658,774.000000,381.000000
Lindsborg,38.5773,-97.6738,754.000000,381.000000
Holyrood,38.5876,-98.412,733.000000,380.000000
Paola,38.5784,-94.862,823.000000,380.000000
Dunlap,38.5763,-96.3676,791.000000,380.000000
Quenemo,38.5802,-95.5267,805.000000,380.000000
Ramona,38.5979,-97.0638,772.000000,380.000000
Healy,38.603,-100.6176,671.000000,380.000000
Ottawa,38.6,-95.2642,812.000000,379.000000
Louisburg,38.6203,-94.677,829.000000,379.000000
Pomona,38.6099,-95.4523,807.000000,379.000000
Ransom,38.6366,-99.9328,690.000000,379.000000
Susank,38.6407,-98.7745,723.000000,379.000000
Galatia,38.6411,-98.9578,718.000000,379.000000
Lyndon,38.6118,-95.6844,800.000000,379.000000
Brownell,38.6406,-99.7442,696.000000,379.000000
Utica,38.6427,-100.1698,684.000000,378.000000
Liebenthal,38.6545,-99.32,708.000000,378.000000
Wilsey,38.6357,-96.6765,783.000000,378.000000
Osage City,38.6337,-95.8218,796.000000,378.000000
Hillsdale,38.6597,-94.8569,824.000000,378.000000
Bushong,38.6428,-96.2567,795.000000,378.000000
Admire,38.641,-96.102,799.000000,377.000000
Vassar,38.6495,-95.6114,802.000000,377.000000
Falun,38.6747,-97.751,752.000000,377.000000
Assaria,38.6802,-97.604,756.000000,377.000000
Council Grove,38.6623,-96.4917,788.000000,377.000000
Allen,38.6552,-96.1696,797.000000,377.000000
Carlton,38.6867,-97.2931,765.000000,377.000000
Herington,38.6863,-96.8667,777.000000,376.000000
Hope,38.6912,-97.0765,771.000000,376.000000
Kanopolis,38.7081,-98.1581,741.000000,376.000000
Schoenchen,38.713,-99.3324,707.000000,376.000000
Gypsum,38.7058,-97.4266,761.000000,376.000000
Wellsville,38.7166,-95.0806,817.000000,375.000000
Ellsworth,38.7326,-98.2286,739.000000,375.000000
Bucyrus,38.7237,-94.714,828.000000,375.000000
Smolan,38.7383,-97.6845,754.000000,375.000000
Latimer,38.7386,-96.8459,778.000000,375.000000
Spring Hill,38.7565,-94.82,825.000000,374.000000
Brookville,38.7736,-97.8645,749.000000,374.000000
Burlingame,38.7518,-95.8349,796.000000,374.000000
Parkerville,38.7638,-96.6614,783.000000,374.000000
Edgerton,38.7717,-94.9705,820.000000,374.000000
Baldwin City,38.7782,-95.1879,814.000000,373.000000
Overbrook,38.7794,-95.557,804.000000,373.000000
Munjor,38.8089,-99.2674,709.000000,373.000000
Scranton,38.7778,-95.7402,799.000000,373.000000
Woodbine,38.7956,-96.9594,775.000000,373.000000
White City,38.7938,-96.7349,781.000000,373.000000
Salina,38.8137,-97.6143,756.000000,373.000000
Wilson,38.8255,-98.4749,732.000000,372.000000
Harveyville,38.7894,-95.9626,792.000000,372.000000
Gardner,38.8158,-94.93,821.000000,372.000000
Dorrance,38.8469,-98.59,728.000000,372.000000
Carbondale,38.8192,-95.6932,800.000000,372.000000
Victoria,38.8538,-99.1473,713.000000,371.000000
Dwight,38.8449,-96.5921,785.000000,371.000000
Bunker Hill,38.8753,-98.6989,725.000000,371.000000
Gorham,38.8806,-99.0237,716.000000,371.000000
Hays,38.8815,-99.3218,708.000000,371.000000
Russell,38.8878,-98.8513,721.000000,370.000000
New Cambria,38.879,-97.5066,759.000000,370.000000
Alta Vista,38.8628,-96.4889,788.000000,370.000000
Eskridge,38.8595,-96.1049,799.000000,370.000000
Olathe,38.8832,-94.8198,825.000000,370.000000
Overland Park,38.887,-94.687,828.000000,370.000000
Weskan,38.8652,-101.9681,633.000000,370.000000
Enterprise,38.9029,-97.1162,770.000000,369.000000
Leawood,38.9076,-94.6258,830.000000,369.000000
Wakarusa,38.8911,-95.6999,800.000000,369.000000
Sharon Springs,38.8943,-101.7512,639.000000,369.000000
Catharine,38.9302,-99.2144,711.000000,369.000000
Solomon,38.9215,-97.3692,763.000000,369.000000
Russell Springs,38.9128,-101.1757,655.000000,369.000000
Ellis,38.9346,-99.5568,701.000000,369.000000
Abilene,38.9229,-97.2251,767.000000,369.000000
Wallace,38.9127,-101.593,643.000000,368.000000
Auburn,38.9077,-95.8158,796.000000,368.000000
Detroit,38.9358,-97.1247,770.000000,368.000000
Eudora,38.9345,-95.0957,817.000000,368.000000
Gove City,38.9595,-100.4871,675.000000,368.000000
Lenexa,38.9609,-94.8018,825.000000,367.000000
Culver,38.9692,-97.7591,752.000000,367.000000
Lawrence,38.9597,-95.2641,812.000000,367.000000
De Soto,38.9686,-94.9548,821.000000,367.000000
Chapman,38.9746,-97.0236,773.000000,367.000000
Prairie Village,38.9874,-94.6361,830.000000,367.000000
Sylvan Grove,39.0122,-98.3943,734.000000,366.000000
Beverly,39.0138,-97.9755,746.000000,366.000000
Tescott,39.013,-97.8781,749.000000,366.000000
Linwood,39.0019,-95.0363,819.000000,366.000000
Mission Hills,39.0141,-94.6172,830.000000,366.000000
WaKeeney,39.0234,-99.8814,692.000000,366.000000
Shawnee,39.0158,-94.8076,825.000000,365.000000
Merriam,39.0186,-94.6933,828.000000,365.000000
Fairway,39.0245,-94.6287,830.000000,365.000000
Mission,39.027,-94.6568,829.000000,365.000000
Talmage,39.0269,-97.2598,766.000000,365.000000
Bennington,39.0332,-97.5933,757.000000,365.000000
Collyer,39.0375,-100.1183,685.000000,365.000000
Mission Woods,39.0342,-94.6107,831.000000,365.000000
Lincoln Center,39.0429,-98.1468,741.000000,365.000000
Alma,39.0151,-96.2873,794.000000,365.000000
Junction City,39.0271,-96.8496,778.000000,365.000000
Roeland Park,39.0358,-94.6374,830.000000,365.000000
Westwood Hills,39.0389,-94.6097,831.000000,365.000000
Westwood,39.0394,-94.6156,830.000000,365.000000
Lake Quivira,39.0388,-94.7688,826.000000,365.000000
Grandview Plaza,39.0327,-96.793,779.000000,365.000000
Lucas,39.0585,-98.5379,730.000000,364.000000
Lecompton,39.0358,-95.3929,808.000000,364.000000
Topeka,39.0346,-95.6955,800.000000,364.000000
Quinter,39.0666,-100.2347,682.000000,364.000000
Winona,39.0617,-101.2448,653.000000,364.000000
McFarland,39.0545,-96.2381,795.000000,364.000000
Edwardsville,39.0765,-94.8166,825.000000,363.000000
Bonner Springs,39.0817,-94.8776,823.000000,363.000000
Perry,39.0731,-95.3866,809.000000,363.000000
Paxico,39.0689,-96.167,797.000000,363.000000
Manchester,39.0933,-97.3201,764.000000,363.000000
Grantville,39.0807,-95.5569,804.000000,363.000000
Paradise,39.1145,-98.9184,719.000000,363.000000
Luray,39.1151,-98.6922,726.000000,363.000000
Park,39.1117,-100.3616,678.000000,362.000000
Waldo,39.12,-98.7983,723.000000,362.000000
Maple Hill,39.0856,-96.0281,801.000000,362.000000
Grainfield,39.1143,-100.4684,675.000000,362.000000
Tonganoxie,39.1083,-95.0829,817.000000,362.000000
Willard,39.094,-95.9427,793.000000,362.000000
Minneapolis,39.1243,-97.6997,754.000000,362.000000
Fort Riley,39.1111,-96.8138,779.000000,362.000000
Silver Lake,39.0993,-95.8564,795.000000,362.000000
Ogden,39.1127,-96.7028,782.000000,362.000000
Kansas City,39.1234,-94.7443,827.000000,362.000000
Oakley,39.1234,-100.8451,665.000000,362.000000
Grinnell,39.1266,-100.6311,671.000000,362.000000
Basehor,39.1332,-94.9333,821.000000,361.000000
Ada,39.1622,-97.886,748.000000,361.000000
Rossville,39.1358,-95.9496,793.000000,361.000000
Longford,39.1722,-97.3288,764.000000,360.000000
Natoma,39.1884,-99.0242,716.000000,360.000000
Milford,39.1731,-96.9103,776.000000,360.000000
Barnard,39.1892,-98.0443,744.000000,360.000000
Manhattan,39.1886,-96.6046,785.000000,359.000000
McLouth,39.1961,-95.2083,814.000000,359.000000
Meriden,39.1897,-95.5679,803.000000,359.000000
St. George,39.1916,-96.4186,790.000000,359.000000
St. Marys,39.1942,-96.0643,800.000000,359.000000
Zurich,39.2322,-99.4347,705.000000,359.000000
Wakefield,39.2163,-97.0187,773.000000,359.000000
Plainville,39.2341,-99.3009,708.000000,359.000000
Wamego,39.2054,-96.31,793.000000,358.000000
Hunter,39.2349,-98.396,734.000000,358.000000
Oskaloosa,39.2158,-95.3145,811.000000,358.000000
Belvue,39.2165,-96.179,797.000000,358.000000
Palco,39.2532,-99.5634,701.000000,358.000000
Lansing,39.2428,-94.8971,822.000000,358.000000
Oak Hill,39.2466,-97.3428,764.000000,358.000000
Ozawkie,39.2354,-95.4659,806.000000,358.000000
Delia,39.2394,-95.965,792.000000,357.000000
Hoyt,39.2493,-95.7081,800.000000,357.000000
Louisville,39.2499,-96.3145,793.000000,357.000000
Delphos,39.2744,-97.7654,752.000000,357.000000
Riley,39.299,-96.8276,778.000000,356.000000
Damar,39.3192,-99.5844,700.000000,356.000000
Leavenworth,39.3239,-94.924,822.000000,355.000000
Tipton,39.3395,-98.4709,732.000000,355.000000
Emmett,39.3073,-96.0576,800.000000,355.000000
Winchester,39.3226,-95.2687,812.000000,355.000000
Morland,39.349,-100.0743,686.000000,355.000000
Miltonvale,39.3497,-97.4524,761.000000,354.000000
Bogue,39.3595,-99.6874,697.000000,354.000000
Easton,39.345,-95.1171,816.000000,354.000000
Hoxie,39.3558,-100.4397,676.000000,354.000000
Glasco,39.3609,-97.8371,750.000000,354.000000
Valley Falls,39.3408,-95.4612,807.000000,354.000000
Menlo,39.3561,-100.7242,668.000000,354.000000
Hill City,39.3671,-99.8461,693.000000,354.000000
Mayetta,39.3386,-95.7216,799.000000,354.000000
Kanorado,39.3365,-102.0372,641.000000,354.000000
Goodland,39.3489,-101.7142,640.000000,354.000000
Leonardville,39.3641,-96.8596,777.000000,354.000000
Brewster,39.3631,-101.3771,650.000000,353.000000
Simpson,39.386,-97.934,747.000000,353.000000
Clay Center,39.3812,-97.1278,770.000000,353.000000
Colby,39.3843,-101.0459,659.000000,353.000000
Levant,39.3881,-101.1948,655.000000,353.000000
Westmoreland,39.3941,-96.4137,790.000000,352.000000
Denison,39.3938,-95.6285,802.000000,352.000000
Stockton,39.4251,-99.2764,709.000000,352.000000
Nortonville,39.4158,-95.3304,810.000000,352.000000
Osborne,39.4405,-98.6994,725.000000,352.000000
Gem,39.426,-100.8973,663.000000,352.000000
Green,39.43,-96.9998,773.000000,351.000000
Randolph,39.4289,-96.7598,780.000000,351.000000
Woodston,39.4539,-99.0983,714.000000,351.000000
Olsburg,39.4319,-96.6148,784.000000,351.000000
Aurora,39.4519,-97.5299,758.000000,351.000000
Alton,39.4678,-98.9486,718.000000,351.000000
Beloit,39.4645,-98.1083,742.000000,351.000000
Morganville,39.4666,-97.2038,768.000000,350.000000
Rexford,39.4705,-100.744,668.000000,350.000000
Holton,39.4699,-95.7319,799.000000,350.000000
Glen Elder,39.5002,-98.3067,736.000000,349.000000
Downs,39.5045,-98.5472,730.000000,349.000000
Cawker City,39.5095,-98.4331,733.000000,349.000000
Onaga,39.4892,-96.1703,797.000000,349.000000
Wheaton,39.502,-96.3189,793.000000,348.000000
Circleville,39.5095,-95.8555,795.000000,348.000000
Effingham,39.5226,-95.397,808.000000,348.000000
Scottsville,39.5426,-97.9523,746.000000,348.000000
Havensville,39.5114,-96.0763,799.000000,348.000000
Selden,39.5417,-100.5669,673.000000,348.000000
Portis,39.5638,-98.6916,726.000000,347.000000
Concordia,39.5669,-97.6466,755.000000,347.000000
Soldier,39.5371,-95.9656,792.000000,347.000000
Vining,39.5674,-97.2937,765.000000,347.000000
Clifton,39.5681,-97.2807,765.000000,347.000000
Muscotah,39.5535,-95.5204,805.000000,347.000000
Atchison,39.5625,-95.1367,816.000000,347.000000
Lancaster,39.571,-95.3037,811.000000,346.000000
Clyde,39.5918,-97.4001,762.000000,346.000000
Jamestown,39.5996,-97.8613,749.000000,346.000000
Lenora,39.6109,-100.0015,689.000000,346.000000
Whiting,39.5879,-95.6112,802.000000,346.000000
Edmond,39.6271,-99.8197,694.000000,345.000000
Dresden,39.6228,-100.4191,677.000000,345.000000
Netawaka,39.603,-95.7189,799.000000,345.000000
Randall,39.6418,-98.0457,744.000000,345.000000
Gaylord,39.6463,-98.8473,721.000000,345.000000
Palmer,39.6333,-97.1399,769.000000,345.000000
Cedar,39.6571,-98.9402,719.000000,344.000000
Huron,39.6383,-95.3513,810.000000,344.000000
Logan,39.6617,-99.5673,701.000000,344.000000
Wetmore,39.6357,-95.8112,797.000000,344.000000
Kirwin,39.6698,-99.1217,713.000000,344.000000
Jewell,39.6716,-98.1524,741.000000,344.000000
Speed,39.6764,-99.4209,705.000000,344.000000
Glade,39.6837,-99.3116,708.000000,343.000000
Jennings,39.6806,-100.2933,680.000000,343.000000
Horton,39.6627,-95.5327,805.000000,343.000000
Corning,39.6566,-96.0289,801.000000,343.000000
Linn,39.6794,-97.0867,771.000000,343.000000
Goff,39.6643,-95.9319,793.000000,343.000000
Everest,39.6766,-95.4254,808.000000,343.000000
Kickapoo Tribal Center,39.6723,-95.6452,801.000000,343.000000
Blue Rapids,39.6791,-96.6593,783.000000,343.000000
Kickapoo Site 5,39.6735,-95.6842,800.000000,343.000000
Waterville,39.6919,-96.7469,780.000000,342.000000
Agenda,39.7066,-97.4322,761.000000,342.000000
Kickapoo Site 7,39.6894,-95.6713,801.000000,342.000000
Kickapoo Site 6,39.6917,-95.6905,800.000000,342.000000
Barnes,39.7116,-96.8733,777.000000,342.000000
Frankfort,39.704,-96.417,790.000000,342.000000
Kickapoo Site 2,39.7029,-95.6495,801.000000,342.000000
Clayton,39.7369,-100.1765,684.000000,341.000000
Kickapoo Site 1,39.7145,-95.6484,801.000000,341.000000
Greenleaf,39.7272,-96.9801,774.000000,341.000000
Willis,39.7227,-95.5057,805.000000,341.000000
Vermillion,39.7181,-96.2656,794.000000,341.000000
Phillipsburg,39.7512,-99.321,708.000000,341.000000
Denton,39.7319,-95.2696,812.000000,341.000000
Centralia,39.7242,-96.1304,798.000000,341.000000
Agra,39.7613,-99.1194,713.000000,341.000000
Bendena,39.7436,-95.1811,815.000000,341.000000
Athol,39.7661,-98.9199,719.000000,341.000000
Kensington,39.7667,-99.0329,716.000000,341.000000
Elwood,39.7518,-94.8889,823.000000,341.000000
Smith Center,39.7748,-98.783,723.000000,340.000000
Wathena,39.7602,-94.9396,821.000000,340.000000
Bird City,39.7495,-101.5328,645.000000,340.000000
Formoso,39.7784,-97.9927,745.000000,340.000000
Courtland,39.7832,-97.8963,748.000000,340.000000
Severance,39.7668,-95.2492,813.000000,340.000000
Mankato,39.7871,-98.2083,739.000000,340.000000
Powhattan,39.7618,-95.6341,802.000000,340.000000
Scandia,39.7969,-97.784,751.000000,339.000000
Troy,39.7846,-95.0936,817.000000,339.000000
St. Francis,39.7714,-101.8015,638.000000,339.000000
McDonald,39.7847,-101.3703,650.000000,339.000000
Leona,39.7861,-95.3214,811.000000,339.000000
Lebanon,39.8102,-98.5573,729.000000,339.000000
Cuba,39.8023,-97.4576,760.000000,339.000000
Esbon,39.8218,-98.4337,733.000000,339.000000
Atwood,39.8103,-101.0418,659.000000,338.000000
Washington,39.816,-97.0486,772.000000,338.000000
Belleville,39.8245,-97.6337,755.000000,338.000000
Oberlin,39.823,-100.5308,674.000000,338.000000
Prairie View,39.832,-99.5733,701.000000,338.000000
Norton,39.8362,-99.8916,692.000000,338.000000
Robinson,39.8153,-95.4114,808.000000,338.000000
Norcatur,39.8347,-100.1888,683.000000,338.000000
Morrowville,39.8453,-97.1727,768.000000,337.000000
Marysville,39.8431,-96.6386,784.000000,337.000000
Haddam,39.8554,-97.3044,765.000000,337.000000
Home,39.8415,-96.5199,787.000000,337.000000
Fairview,39.8394,-95.7283,799.000000,337.000000
Burr Oak,39.87,-98.3055,736.000000,337.000000
Seneca,39.8376,-96.0689,800.000000,337.000000
Baileyville,39.8419,-96.1828,796.000000,337.000000
Hiawatha,39.8517,-95.5381,804.000000,337.000000
Highland,39.8603,-95.2649,812.000000,337.000000
Beattie,39.8624,-96.4178,790.000000,336.000000
Almena,39.8912,-99.7097,697.000000,336.000000
Axtell,39.8711,-96.2567,794.000000,336.000000
Oneida,39.8668,-95.9398,793.000000,336.000000
Hanover,39.8935,-96.8753,777.000000,336.000000
Munden,39.9126,-97.5385,758.000000,335.000000
Herndon,39.9092,-100.7865,666.000000,335.000000
Republic,39.9239,-97.8245,750.000000,335.000000
Webber,39.9344,-98.0351,744.000000,335.000000
Hamlin,39.9155,-95.6276,802.000000,334.000000
Sabetha,39.9136,-95.7916,797.000000,334.000000
Long Island,39.9462,-99.534,702.000000,334.000000
Morrill,39.9293,-95.6944,800.000000,334.000000
Narka,39.9598,-97.4266,761.000000,334.000000
Oketo,39.9632,-96.5988,785.000000,333.000000
White Cloud,39.9743,-95.2989,811.000000,333.000000
Hollenberg,39.981,-96.9917,774.000000,333.000000
Mahaska,39.9874,-97.3538,763.000000,333.000000
Bern,39.9612,-95.9713,792.000000,333.000000
Reserve,39.977,-95.5654,804.000000,332.000000
Summerfield,39.9968,-96.3493,792.000000,332.000000
