Hazel,36.5055,-88.3253,998.000000,451.000000
Fulton,36.5145,-88.8819,982.000000,450.000000
Cayce,36.5577,-89.0349,978.000000,449.000000
Water Valley,36.5687,-88.8101,984.000000,448.000000
Hickman,36.565,-89.1837,973.000000,448.000000
Murray,36.6146,-88.3206,998.000000,447.000000
Middlesborough,36.6127,-83.7227,1117.000000,446.000000
Gamaliel,36.6402,-85.7963,1070.000000,446.000000
Guthrie,36.6502,-87.1741,1031.000000,446.000000
Sedalia,36.6437,-88.6049,990.000000,446.000000
Wingo,36.6422,-88.7396,986.000000,446.000000
Fort Campbell North,36.6554,-87.4658,1022.000000,446.000000
LaFayette,36.66,-87.6585,1017.000000,446.000000
Oak Grove,36.6686,-87.4216,1024.000000,445.000000
Adairville,36.671,-86.856,1040.000000,445.000000
Farmington,36.6691,-88.5276,992.000000,445.000000
Clinton,36.6662,-88.9939,979.000000,445.000000
Pine Knot,36.6648,-84.4395,1108.000000,445.000000
Pryorsburg,36.6899,-88.7124,987.000000,444.000000
Albany,36.6906,-85.1353,1088.000000,444.000000
Tompkinsville,36.7012,-85.6927,1073.000000,444.000000
Pleasant View,36.6781,-84.1284,1117.000000,444.000000
Allensville,36.7163,-87.0683,1034.000000,444.000000
Franklin,36.7178,-86.5595,1048.000000,444.000000
Stearns,36.6957,-84.4769,1107.000000,444.000000
Trenton,36.7224,-87.2626,1028.000000,444.000000
Fountain Run,36.7238,-85.9561,1065.000000,443.000000
Emlyn,36.7023,-84.1418,1117.000000,443.000000
Dexter,36.7396,-88.2956,999.000000,443.000000
Mayfield,36.737,-88.6446,989.000000,443.000000
Whitley City,36.7238,-84.4731,1107.000000,443.000000
Scottsville,36.7521,-86.2018,1058.000000,443.000000
Hardin,36.7652,-88.3023,999.000000,442.000000
Williamsburg,36.7392,-84.1647,1116.000000,442.000000
Pembroke,36.7752,-87.3579,1025.000000,442.000000
Columbus,36.7596,-89.102,976.000000,442.000000
Pineville,36.7537,-83.7087,1118.000000,442.000000
Pathfork,36.7595,-83.4711,1125.000000,442.000000
Burkesville,36.7906,-85.3674,1082.000000,441.000000
Arlington,36.7904,-89.0132,978.000000,441.000000
Cawood,36.7878,-83.2284,1132.000000,441.000000
Elkton,36.8135,-87.161,1031.000000,441.000000
Fancy Farm,36.8003,-88.7928,985.000000,441.000000
Hickory,36.8174,-88.6484,989.000000,440.000000
Arjay,36.8061,-83.6421,1120.000000,440.000000
Russellville,36.8393,-86.895,1038.000000,440.000000
Hopkinsville,36.8386,-87.4776,1022.000000,440.000000
South Wallins,36.8153,-83.4044,1127.000000,440.000000
Marrowbone,36.8319,-85.5053,1078.000000,440.000000
Fairview,36.8425,-87.3054,1027.000000,440.000000
Woodburn,36.8421,-86.53,1049.000000,440.000000
Coldiron,36.8279,-83.4529,1125.000000,439.000000
Wallins Creek,36.8297,-83.4174,1126.000000,439.000000
Benton,36.8512,-88.3594,997.000000,439.000000
Monticello,36.8404,-84.8506,1097.000000,439.000000
Auburn,36.8654,-86.7107,1044.000000,439.000000
Harlan,36.8432,-83.3184,1129.000000,439.000000
Rockholds,36.8308,-84.1131,1117.000000,439.000000
Flat Lick,36.8353,-83.7598,1116.000000,439.000000
Artemus,36.8352,-83.8414,1114.000000,439.000000
Cadiz,36.8695,-87.8048,1013.000000,439.000000
Kenvir,36.8531,-83.1539,1134.000000,439.000000
Loyall,36.8527,-83.3506,1128.000000,438.000000
Ages,36.8569,-83.2426,1131.000000,438.000000
Plano,36.8772,-86.4165,1052.000000,438.000000
Coxton,36.8581,-83.2681,1130.000000,438.000000
Gracey,36.8792,-87.6638,1017.000000,438.000000
Evarts,36.8644,-83.1926,1133.000000,438.000000
Summer Shade,36.8836,-85.7098,1072.000000,438.000000
Bardwell,36.874,-89.0091,978.000000,438.000000
Lowes,36.8828,-88.7706,985.000000,438.000000
Barbourville,36.8667,-83.885,1113.000000,438.000000
Cunningham,36.9081,-88.8869,982.000000,437.000000
Symsonia,36.9211,-88.5227,992.000000,437.000000
Cerulean,36.9551,-87.709,1015.000000,436.000000
Blandville,36.9441,-88.9646,980.000000,436.000000
Corbin,36.9321,-84.1004,1118.000000,435.000000
Bowling Green,36.9719,-86.4373,1051.000000,435.000000
Lynch,36.9641,-82.9139,1140.000000,435.000000
Benham,36.9652,-82.9544,1139.000000,435.000000
Lovelaceville,36.9672,-88.8335,983.000000,435.000000
Wickliffe,36.9658,-89.0822,976.000000,435.000000
Lewisburg,36.9872,-86.9502,1037.000000,435.000000
Edmonton,36.9854,-85.6193,1075.000000,434.000000
Cumberland,36.9824,-82.9919,1138.000000,434.000000
North Corbin,36.9649,-84.0973,1118.000000,434.000000
Jamestown,36.9896,-85.0662,1090.000000,434.000000
Glasgow,37.0047,-85.9263,1066.000000,434.000000
Grand Rivers,37.005,-88.233,1000.000000,434.000000
Reidland,37.0085,-88.5261,992.000000,434.000000
Plum Springs,37.021,-86.3777,1053.000000,433.000000
Burnside,37.0042,-84.6489,1102.000000,433.000000
Gilbertsville,37.0284,-88.3103,998.000000,433.000000
Calvert City,37.0295,-88.3603,997.000000,433.000000
Massac,37.0335,-88.6859,988.000000,433.000000
Hendron,37.0346,-88.6437,989.000000,433.000000
Crofton,37.0477,-87.4843,1022.000000,433.000000
Oakland,37.0467,-86.2506,1057.000000,433.000000
Farley,37.0405,-88.5734,991.000000,433.000000
Smiths Grove,37.0503,-86.2083,1058.000000,432.000000
Ledbetter,37.0521,-88.4966,993.000000,432.000000
Kuttawa,37.0594,-88.1149,1004.000000,432.000000
Russell Springs,37.0509,-85.0774,1090.000000,432.000000
Barlow,37.0511,-89.0445,977.000000,432.000000
Dunmor,37.0753,-86.9951,1036.000000,432.000000
Eddyville,37.0759,-88.0769,1005.000000,432.000000
Paducah,37.0711,-88.6436,989.000000,431.000000
Ferguson,37.0629,-84.5922,1104.000000,431.000000
La Center,37.075,-88.9748,979.000000,431.000000
Park City,37.0934,-86.0486,1062.000000,431.000000
Kevil,37.0842,-88.8829,982.000000,431.000000
Somerset,37.0815,-84.6091,1103.000000,431.000000
Hiseville,37.1008,-85.8149,1069.000000,431.000000
Princeton,37.1068,-87.8854,1010.000000,431.000000
Columbia,37.1036,-85.3074,1084.000000,430.000000
Whitesburg,37.1183,-82.823,1143.000000,430.000000
Cave City,37.14,-85.9646,1065.000000,429.000000
Mayking,37.1335,-82.773,1144.000000,429.000000
Smithland,37.1386,-88.4038,996.000000,429.000000
London,37.1175,-84.0767,1118.000000,429.000000
Blackey,37.139,-82.9812,1139.000000,429.000000
Bandana,37.1447,-88.9418,980.000000,429.000000
Payne Gap,37.1508,-82.667,1147.000000,429.000000
Beechmont,37.1714,-87.0364,1034.000000,428.000000
White Plains,37.1708,-87.3801,1025.000000,428.000000
Dawson Springs,37.174,-87.688,1016.000000,428.000000
Millstone,37.1638,-82.7495,1145.000000,428.000000
Manchester,37.1464,-83.7635,1116.000000,428.000000
Horse Cave,37.1738,-85.9146,1066.000000,428.000000
Woodbury,37.1835,-86.6353,1046.000000,428.000000
Hyden,37.162,-83.3779,1127.000000,428.000000
Nortonville,37.186,-87.4556,1023.000000,428.000000
St. Charles,37.1881,-87.551,1020.000000,428.000000
Jenkins,37.1826,-82.6311,1149.000000,428.000000
Brownsville,37.1952,-86.2691,1056.000000,428.000000
Science Hill,37.174,-84.6329,1103.000000,428.000000
Fleming-Neon,37.1953,-82.7047,1146.000000,427.000000
Rochester,37.2093,-86.8921,1039.000000,427.000000
Greenville,37.2121,-87.1779,1030.000000,427.000000
Fredonia,37.2085,-88.0603,1005.000000,427.000000
Drakesboro,37.2176,-87.0493,1034.000000,427.000000
Morgantown,37.2173,-86.7001,1044.000000,427.000000
McRoberts,37.2132,-82.6686,1147.000000,427.000000
East Bernstadt,37.1923,-84.1209,1117.000000,427.000000
Jeff,37.2093,-83.1395,1134.000000,426.000000
Vicco,37.2161,-83.0609,1136.000000,426.000000
Powderly,37.2374,-87.1589,1031.000000,426.000000
Mortons Gap,37.2403,-87.4667,1022.000000,426.000000
Diablock,37.2295,-83.1709,1133.000000,426.000000
Cleaton,37.2518,-87.0903,1033.000000,426.000000
Burna,37.2456,-88.3589,997.000000,426.000000
Hardyville,37.2535,-85.7896,1070.000000,425.000000
Greensburg,37.2599,-85.4966,1078.000000,425.000000
Salem,37.2653,-88.241,1000.000000,425.000000
Earlington,37.2754,-87.5066,1021.000000,425.000000
Hazard,37.2583,-83.1977,1132.000000,425.000000
Crayne,37.2763,-88.0839,1005.000000,425.000000
Munfordville,37.2795,-85.8982,1067.000000,425.000000
Combs,37.2684,-83.2148,1132.000000,424.000000
Central City,37.2962,-87.128,1032.000000,424.000000
Oneida,37.2701,-83.6496,1120.000000,424.000000
Eubank,37.2799,-84.6541,1102.000000,424.000000
Elkhorn City,37.3202,-82.3522,1156.000000,423.000000
Livingston,37.298,-84.2157,1115.000000,423.000000
Summersville,37.3265,-85.543,1077.000000,423.000000
South Carrollton,37.3358,-87.1401,1032.000000,423.000000
Rockport,37.3359,-86.9909,1036.000000,423.000000
Marion,37.3321,-88.0795,1005.000000,423.000000
Liberty,37.3206,-84.9285,1094.000000,423.000000
Madisonville,37.3408,-87.5034,1021.000000,423.000000
Virgie,37.3323,-82.5824,1150.000000,423.000000
Pippa Passes,37.3342,-82.8733,1142.000000,422.000000
Hindman,37.335,-82.9819,1139.000000,422.000000
Wheelwright,37.3392,-82.7186,1146.000000,422.000000
Campbellsville,37.3446,-85.3511,1082.000000,422.000000
Bremen,37.3623,-87.2201,1029.000000,422.000000
Annville,37.3255,-83.9622,1111.000000,422.000000
Buckhorn,37.346,-83.4696,1125.000000,422.000000
Manitou,37.3754,-87.5782,1019.000000,421.000000
McHenry,37.3794,-86.9226,1038.000000,421.000000
Bonnieville,37.3776,-85.9011,1067.000000,421.000000
Nebo,37.3832,-87.6416,1017.000000,421.000000
Mount Vernon,37.3578,-84.3431,1111.000000,421.000000
Providence,37.3993,-87.7509,1014.000000,421.000000
Beaver Dam,37.4042,-86.8742,1039.000000,421.000000
Carrsville,37.3981,-88.3754,996.000000,420.000000
Sacramento,37.416,-87.2678,1028.000000,420.000000
Centertown,37.4177,-86.9959,1036.000000,420.000000
Hanson,37.4184,-87.4808,1022.000000,420.000000
Caneyville,37.4241,-86.4906,1050.000000,420.000000
Brodhead,37.4027,-84.4144,1109.000000,420.000000
Tolu,37.4335,-88.2453,1000.000000,419.000000
Island,37.4433,-87.1474,1031.000000,419.000000
Hartford,37.4506,-86.893,1039.000000,419.000000
Rosine,37.4523,-86.7373,1043.000000,419.000000
Magnolia,37.4502,-85.74,1071.000000,419.000000
Wayland,37.4511,-82.7994,1144.000000,418.000000
Upton,37.4626,-85.899,1067.000000,418.000000
McKee,37.4301,-83.986,1110.000000,418.000000
McDowell,37.459,-82.734,1146.000000,418.000000
McKinney,37.453,-84.7579,1099.000000,418.000000
Clay,37.4763,-87.8203,1012.000000,418.000000
Leitchfield,37.4862,-86.2857,1056.000000,418.000000
Crab Orchard,37.4627,-84.5067,1106.000000,418.000000
Pikeville,37.4807,-82.5262,1152.000000,418.000000
Slaughters,37.4901,-87.5021,1021.000000,418.000000
Livermore,37.4919,-87.1342,1032.000000,418.000000
Wheatcroft,37.4893,-87.8612,1011.000000,418.000000
Clarkson,37.4937,-86.2259,1057.000000,417.000000
Hustonville,37.4784,-84.815,1097.000000,417.000000
Booneville,37.4702,-83.6828,1119.000000,417.000000
Bradfordsville,37.4943,-85.1482,1088.000000,417.000000
Phelps,37.509,-82.1605,1162.000000,417.000000
Dixon,37.5132,-87.6961,1016.000000,417.000000
Buffalo,37.5081,-85.6992,1072.000000,417.000000
Sonora,37.5319,-85.8947,1067.000000,416.000000
Calhoun,37.5411,-87.2596,1028.000000,416.000000
Maytown,37.5327,-82.7991,1144.000000,416.000000
Big Clifty,37.5441,-86.1514,1060.000000,416.000000
Coal Run Village,37.5372,-82.5578,1151.000000,416.000000
Sturgis,37.5465,-87.9878,1007.000000,416.000000
Stanford,37.535,-84.6605,1102.000000,415.000000
Onton,37.5578,-87.4371,1023.000000,415.000000
Betsy Layne,37.5541,-82.6262,1149.000000,415.000000
Freeburn,37.5619,-82.1514,1162.000000,415.000000
Raywick,37.5606,-85.4311,1080.000000,415.000000
Hodgenville,37.5668,-85.7353,1071.000000,415.000000
Martin,37.5669,-82.7603,1145.000000,415.000000
Lebanon,37.5689,-85.2578,1085.000000,415.000000
Jackson,37.5589,-83.3782,1127.000000,414.000000
St. Mary,37.5807,-85.3463,1082.000000,414.000000
Utica,37.6028,-87.1126,1032.000000,414.000000
Sebree,37.604,-87.5187,1021.000000,414.000000
Junction City,37.5854,-84.7903,1098.000000,414.000000
Beattyville,37.5862,-83.7065,1118.000000,413.000000
Beech Grove,37.6183,-87.392,1024.000000,413.000000
Berea,37.5904,-84.2898,1112.000000,413.000000
McCarr,37.6178,-82.1706,1162.000000,413.000000
Allen,37.6119,-82.7292,1146.000000,413.000000
Belfry,37.6194,-82.2684,1159.000000,413.000000
Fordsville,37.6356,-86.7171,1044.000000,413.000000
New Hope,37.6279,-85.5067,1078.000000,413.000000
Dwale,37.6254,-82.7277,1146.000000,413.000000
Lancaster,37.6152,-84.5817,1104.000000,413.000000
Poole,37.6392,-87.6446,1017.000000,413.000000
Loretto,37.6351,-85.3985,1081.000000,412.000000
Danville,37.6418,-84.7777,1099.000000,412.000000
Cecilia,37.6622,-85.9522,1065.000000,412.000000
Perryville,37.6494,-84.9513,1094.000000,412.000000
New Haven,37.6591,-85.5885,1076.000000,412.000000
South Williamson,37.6633,-82.2879,1158.000000,412.000000
Masonville,37.6718,-87.0511,1034.000000,411.000000
Robards,37.6766,-87.5333,1020.000000,411.000000
Whitesville,37.6831,-86.8699,1039.000000,411.000000
Breckinridge Center,37.682,-87.8656,1011.000000,411.000000
Morganfield,37.6869,-87.8876,1010.000000,411.000000
Prestonsburg,37.6816,-82.7662,1145.000000,411.000000
Springfield,37.6921,-85.2193,1086.000000,410.000000
Elizabethtown,37.703,-85.877,1067.000000,410.000000
Waverly,37.7092,-87.8146,1012.000000,410.000000
Ravenna,37.6871,-83.9502,1111.000000,410.000000
Irvine,37.6969,-83.9685,1111.000000,409.000000
Corydon,37.7403,-87.7063,1015.000000,409.000000
Auxier,37.7356,-82.7661,1145.000000,409.000000
Mackville,37.7355,-85.0701,1090.000000,409.000000
Rineyville,37.7502,-85.9703,1065.000000,409.000000
Anthoston,37.7553,-87.5327,1020.000000,409.000000
Owensboro,37.7574,-87.1173,1032.000000,409.000000
Richmond,37.7306,-84.2926,1112.000000,408.000000
Campton,37.7353,-83.5473,1123.000000,408.000000
Salyersville,37.7459,-83.0646,1136.000000,408.000000
Burgin,37.7544,-84.7632,1099.000000,408.000000
Hardinsburg,37.7755,-86.4537,1051.000000,408.000000
Uniontown,37.7732,-87.9318,1009.000000,408.000000
Harrodsburg,37.7654,-84.8474,1097.000000,408.000000
Boston,37.7838,-85.6803,1073.000000,407.000000
Vine Grove,37.8133,-85.9828,1064.000000,407.000000
Willisburg,37.8092,-85.1208,1089.000000,406.000000
Hazel Green,37.7999,-83.4173,1126.000000,406.000000
Radcliff,37.8206,-85.9366,1066.000000,406.000000
Bardstown,37.8174,-85.4548,1079.000000,406.000000
Paintsville,37.8167,-82.8088,1144.000000,406.000000
Cloverport,37.8312,-86.6304,1046.000000,406.000000
Henderson,37.8397,-87.5798,1019.000000,406.000000
Lebanon Junction,37.8358,-85.7243,1072.000000,406.000000
Warfield,37.8415,-82.4224,1154.000000,405.000000
High Bridge,37.8299,-84.7096,1100.000000,405.000000
Spottsville,37.8564,-87.4167,1024.000000,405.000000
Maceo,37.8624,-86.9914,1036.000000,405.000000
Inez,37.8693,-82.5399,1151.000000,404.000000
Irvington,37.8779,-86.2846,1056.000000,404.000000
Stanton,37.8465,-83.8563,1114.000000,404.000000
Fort Knox,37.8915,-85.9636,1065.000000,404.000000
Hawesville,37.8962,-86.7562,1042.000000,404.000000
Clay City,37.8622,-83.9277,1112.000000,404.000000
Wilmore,37.8786,-84.6545,1102.000000,404.000000
Chaplin,37.8996,-85.2195,1086.000000,403.000000
Nicholasville,37.8902,-84.5669,1104.000000,403.000000
Ezel,37.892,-83.4446,1125.000000,403.000000
Bloomfield,37.9122,-85.314,1083.000000,403.000000
Lewisport,37.931,-86.9029,1038.000000,403.000000
Ekron,37.9302,-86.1765,1059.000000,403.000000
West Liberty,37.9161,-83.2668,1131.000000,402.000000
Salvisa,37.921,-84.8615,1096.000000,402.000000
Muldraugh,37.9365,-85.9915,1064.000000,402.000000
Fairfield,37.932,-85.3838,1081.000000,402.000000
Keene,37.9431,-84.6411,1102.000000,401.000000
Doe Valley,37.9745,-86.1107,1061.000000,401.000000
Frenchburg,37.9542,-83.6226,1120.000000,401.000000
Shepherdsville,37.9806,-85.6999,1072.000000,401.000000
West Point,37.9851,-85.9557,1065.000000,401.000000
Brandenburg,37.9956,-86.1773,1059.000000,400.000000
Jeffersonville,37.9659,-83.832,1114.000000,400.000000
Camargo,37.997,-83.8926,1113.000000,399.000000
Winchester,38.0017,-84.1907,1115.000000,399.000000
Blaine,38.0272,-82.8413,1143.000000,399.000000
Taylorsville,38.0368,-85.3336,1083.000000,399.000000
Mount Washington,38.043,-85.5549,1076.000000,399.000000
Lawrenceburg,38.0332,-84.9032,1095.000000,399.000000
Fox Chase,38.046,-85.6911,1073.000000,399.000000
Hebron Estates,38.0501,-85.6682,1073.000000,398.000000
Hillview,38.0563,-85.6848,1073.000000,398.000000
Pioneer Village,38.0599,-85.68,1073.000000,398.000000
Lexington,38.0423,-84.4587,1108.000000,398.000000
Versailles,38.0487,-84.7259,1100.000000,398.000000
Brooks,38.0656,-85.7178,1072.000000,398.000000
Hunters Hollow,38.0784,-85.6934,1073.000000,397.000000
Hollyvilla,38.0929,-85.7467,1071.000000,397.000000
Mount Sterling,38.0648,-83.9472,1111.000000,397.000000
Heritage Creek,38.0952,-85.6125,1075.000000,397.000000
Sandy Hook,38.0929,-83.1241,1135.000000,397.000000
Louisa,38.1079,-82.6132,1149.000000,396.000000
South Park View,38.1185,-85.7199,1072.000000,396.000000
Elk Creek,38.117,-85.3722,1082.000000,396.000000
Salt Lick,38.1193,-83.6156,1121.000000,395.000000
Spring Mill,38.1436,-85.6315,1074.000000,395.000000
Hollow Creek,38.1527,-85.6243,1074.000000,395.000000
Farmers,38.1405,-83.5414,1123.000000,395.000000
Owingsville,38.1364,-83.7603,1117.000000,395.000000
Louisville,38.1663,-85.6485,1074.000000,394.000000
Midway,38.1543,-84.678,1101.000000,394.000000
North Middletown,38.1426,-84.1102,1117.000000,394.000000
Lakeview Heights,38.152,-83.5043,1124.000000,394.000000
Poplar Hills,38.178,-85.6931,1073.000000,394.000000
Lynnview,38.1791,-85.7112,1072.000000,394.000000
Watterson Park,38.189,-85.6865,1073.000000,394.000000
West Buechel,38.195,-85.6678,1073.000000,394.000000
Shively,38.197,-85.8136,1069.000000,393.000000
Frankfort,38.1924,-84.8643,1096.000000,393.000000
Audubon Park,38.205,-85.727,1072.000000,393.000000
Jeffersontown,38.2048,-85.5701,1076.000000,393.000000
Morehead,38.1906,-83.4467,1125.000000,393.000000
Parkway Village,38.2113,-85.7381,1071.000000,393.000000
Shelbyville,38.2069,-85.2293,1086.000000,393.000000
Houston Acres,38.2147,-85.6143,1075.000000,393.000000
Wellington,38.2168,-85.6702,1073.000000,393.000000
Forest Hills,38.2158,-85.5837,1076.000000,393.000000
Strathmoor Manor,38.219,-85.6836,1073.000000,393.000000
Strathmoor Village,38.2208,-85.6778,1073.000000,393.000000
Simpsonville,38.2167,-85.3514,1082.000000,393.000000
Hurstbourne Acres,38.2201,-85.5907,1075.000000,393.000000
Kingsley,38.2219,-85.6726,1073.000000,393.000000
Cambridge,38.2217,-85.6172,1075.000000,393.000000
Meadowview Estates,38.2227,-85.6353,1074.000000,393.000000
Lincolnshire,38.2238,-85.6216,1075.000000,393.000000
Paris,38.2016,-84.2719,1113.000000,392.000000
Seneca Gardens,38.2272,-85.6772,1073.000000,392.000000
St. Regis Park,38.2289,-85.6159,1075.000000,392.000000
Sharpsburg,38.2016,-83.9279,1112.000000,392.000000
Douglass Hills,38.2366,-85.5499,1077.000000,392.000000
Hurstbourne,38.238,-85.5891,1075.000000,392.000000
Woodland Hills,38.2393,-85.5289,1077.000000,392.000000
Middletown,38.241,-85.5215,1077.000000,392.000000
Georgetown,38.2249,-84.5482,1105.000000,392.000000
Blue Ridge Manor,38.2434,-85.5647,1076.000000,392.000000
Norbourne Estates,38.2466,-85.6465,1074.000000,392.000000
Sycamore,38.2468,-85.5612,1076.000000,392.000000
St. Matthews,38.2497,-85.6383,1074.000000,392.000000
Wildwood,38.249,-85.5747,1076.000000,392.000000
Bellemeade,38.251,-85.591,1075.000000,392.000000
Norwood,38.2521,-85.6107,1075.000000,392.000000
Richlawn,38.2547,-85.6412,1074.000000,391.000000
Beechwood Village,38.2555,-85.6295,1074.000000,391.000000
Bellewood,38.2608,-85.6594,1073.000000,391.000000
Woodlawn Park,38.2615,-85.6305,1074.000000,391.000000
Brownsboro Village,38.2629,-85.6659,1073.000000,391.000000
Druid Hills,38.2649,-85.6617,1073.000000,391.000000
Lyndon,38.2644,-85.5891,1075.000000,391.000000
Maryhill Estates,38.2663,-85.6532,1074.000000,391.000000
Rolling Fields,38.2689,-85.6708,1073.000000,391.000000
Mockingbird Valley,38.27,-85.6815,1073.000000,391.000000
Anchorage,38.2689,-85.5363,1077.000000,391.000000
Windy Hills,38.2702,-85.6378,1074.000000,391.000000
Moorland,38.2728,-85.58,1076.000000,391.000000
Graymoor-Devondale,38.2733,-85.6177,1075.000000,391.000000
Briarwood,38.278,-85.5926,1075.000000,391.000000
Meadowbrook Farm,38.2782,-85.5748,1076.000000,391.000000
Crossgate,38.2793,-85.6296,1074.000000,391.000000
Indian Hills,38.2808,-85.6616,1073.000000,391.000000
Riverwood,38.2831,-85.6614,1073.000000,391.000000
Rolling Hills,38.2825,-85.5784,1076.000000,391.000000
Bancroft,38.2832,-85.6129,1075.000000,391.000000
Plantation,38.2834,-85.5936,1075.000000,390.000000
Meadow Vale,38.2833,-85.5728,1076.000000,390.000000
Stamping Ground,38.2697,-84.6831,1101.000000,390.000000
Northfield,38.2857,-85.6362,1074.000000,390.000000
Langdon Place,38.2865,-85.5849,1076.000000,390.000000
Hickory Hill,38.2877,-85.5679,1076.000000,390.000000
Thornhill,38.2884,-85.6256,1074.000000,390.000000
Old Brownsboro Place,38.2892,-85.6132,1075.000000,390.000000
Glenview Manor,38.2907,-85.6333,1074.000000,390.000000
Murray Hill,38.2907,-85.5871,1076.000000,390.000000
Creekside,38.2914,-85.5701,1076.000000,390.000000
Goose Creek,38.2934,-85.5906,1075.000000,390.000000
Glenview Hills,38.2951,-85.6382,1074.000000,390.000000
Broeck Pointe,38.2955,-85.5856,1076.000000,390.000000
Spring Valley,38.2968,-85.6108,1075.000000,390.000000
Ten Broeck,38.2976,-85.5806,1076.000000,390.000000
Manor Creek,38.2981,-85.5873,1076.000000,390.000000
Barbourmeade,38.2986,-85.6009,1075.000000,390.000000
Hills and Dales,38.3005,-85.6249,1074.000000,390.000000
Glenview,38.302,-85.6519,1074.000000,390.000000
Brownsboro Farm,38.304,-85.5946,1075.000000,390.000000
Fincastle,38.3082,-85.5414,1077.000000,390.000000
Worthington Hills,38.3093,-85.527,1077.000000,390.000000
Pewee Valley,38.3105,-85.4895,1078.000000,390.000000
Olive Hill,38.3033,-83.1695,1133.000000,389.000000
Coldstream,38.3144,-85.5264,1077.000000,389.000000
Green Spring,38.3163,-85.6137,1075.000000,389.000000
Orchard Grass Hills,38.3234,-85.5236,1077.000000,389.000000
Millersburg,38.3041,-84.145,1116.000000,389.000000
Crestwood,38.3356,-85.4839,1078.000000,389.000000
Grayson,38.3317,-82.9371,1140.000000,389.000000
Carlisle,38.3162,-84.0333,1120.000000,388.000000
Prospect,38.3471,-85.6103,1075.000000,388.000000
Pleasureville,38.3511,-85.1121,1089.000000,388.000000
Eminence,38.3637,-85.1778,1087.000000,388.000000
River Bluff,38.3719,-85.604,1075.000000,387.000000
Cannonsburg,38.3806,-82.7006,1147.000000,387.000000
Buckner,38.3867,-85.4503,1079.000000,387.000000
Smithfield,38.3864,-85.2566,1085.000000,387.000000
La Grange,38.3987,-85.375,1082.000000,386.000000
Goshen,38.4027,-85.5825,1076.000000,386.000000
Sadieville,38.3881,-84.5494,1105.000000,386.000000
Cynthiana,38.386,-84.2993,1112.000000,386.000000
Catlettsburg,38.4189,-82.6024,1149.000000,386.000000
Monterey,38.4233,-84.8728,1096.000000,385.000000
New Castle,38.4334,-85.1689,1087.000000,385.000000
Elizaville,38.4167,-83.8243,1115.000000,385.000000
Flemingsburg,38.4236,-83.7372,1117.000000,385.000000
Ewing,38.4278,-83.8618,1114.000000,385.000000
Ironville,38.4562,-82.6978,1147.000000,385.000000
Ashland,38.4592,-82.6449,1148.000000,384.000000
Gratz,38.4718,-84.947,1094.000000,384.000000
Westwood,38.4806,-82.6798,1147.000000,384.000000
Westport,38.4874,-85.4753,1079.000000,384.000000
Bellefonte,38.4949,-82.6911,1147.000000,383.000000
Russell,38.5116,-82.6996,1147.000000,383.000000
Corinth,38.4997,-84.6032,1103.000000,383.000000
Flatwoods,38.521,-82.7195,1146.000000,382.000000
Campbellsburg,38.522,-85.2195,1086.000000,382.000000
Berry,38.5206,-84.3838,1110.000000,382.000000
Raceland,38.5376,-82.7344,1146.000000,382.000000
Mays Lick,38.517,-83.8452,1114.000000,382.000000
Owenton,38.5386,-84.8409,1097.000000,381.000000
Wurtland,38.5495,-82.7788,1144.000000,381.000000
Worthington,38.5509,-82.7349,1146.000000,381.000000
Mount Olivet,38.5317,-84.0358,1119.000000,381.000000
Sardis,38.5348,-83.9573,1111.000000,381.000000
Greenup,38.5728,-82.8303,1143.000000,380.000000
Bedford,38.5957,-85.3175,1083.000000,380.000000
Vanceburg,38.5937,-83.3212,1129.000000,379.000000
Worthville,38.6098,-85.0681,1090.000000,379.000000
Garrison,38.6075,-83.1834,1133.000000,379.000000
Williamstown,38.6415,-84.5676,1104.000000,378.000000
Sanders,38.6549,-84.9466,1094.000000,378.000000
Maysville,38.6454,-83.7911,1116.000000,377.000000
Germantown,38.6559,-83.9643,1111.000000,377.000000
Carrollton,38.68,-85.1656,1087.000000,377.000000
Prestonville,38.6805,-85.1931,1087.000000,377.000000
Falmouth,38.6708,-84.331,1111.000000,377.000000
Dry Ridge,38.6837,-84.6006,1103.000000,376.000000
Concord,38.6876,-83.4915,1124.000000,376.000000
Sparta,38.6969,-84.9073,1095.000000,376.000000
Brooksville,38.6818,-84.0666,1119.000000,376.000000
Milton,38.7113,-85.3734,1082.000000,376.000000
South Shore,38.7224,-82.9647,1139.000000,375.000000
Glencoe,38.7252,-84.8238,1097.000000,375.000000
Ghent,38.734,-85.0612,1090.000000,375.000000
Dover,38.7563,-83.8845,1113.000000,374.000000
Warsaw,38.7773,-84.9042,1095.000000,373.000000
Crittenden,38.7754,-84.6137,1103.000000,373.000000
Augusta,38.7723,-84.0003,1120.000000,373.000000
Butler,38.7877,-84.372,1110.000000,373.000000
Verona,38.8122,-84.6649,1102.000000,372.000000
Walton,38.8646,-84.6122,1103.000000,370.000000
Mentor,38.8902,-84.2484,1113.000000,369.000000
Claryville,38.9141,-84.4103,1109.000000,368.000000
Rabbit Hash,38.924,-84.8503,1096.000000,368.000000
California,38.9184,-84.2635,1113.000000,368.000000
Union,38.9472,-84.6731,1101.000000,368.000000
Independence,38.951,-84.5492,1105.000000,367.000000
Alexandria,38.9621,-84.386,1109.000000,367.000000
Ryland Heights,38.9701,-84.4607,1107.000000,367.000000
Belleview,38.9792,-84.8249,1097.000000,367.000000
Florence,38.99,-84.647,1102.000000,366.000000
Elsmere,38.9949,-84.6017,1103.000000,366.000000
Oakbrook,38.9996,-84.6797,1101.000000,366.000000
Edgewood,39.0091,-84.5604,1105.000000,365.000000
Erlanger,39.0109,-84.5864,1104.000000,365.000000
Taylor Mill,39.0092,-84.4988,1106.000000,365.000000
Cold Spring,39.013,-84.4349,1108.000000,365.000000
Burlington,39.0223,-84.7217,1100.000000,365.000000
Crestview Hills,39.0249,-84.5695,1104.000000,365.000000
Crestview,39.0245,-84.4156,1109.000000,365.000000
Lakeside Park,39.0338,-84.5674,1104.000000,365.000000
Covington,39.0334,-84.5166,1106.000000,364.000000
Melbourne,39.0319,-84.3707,1110.000000,364.000000
Highland Heights,39.0355,-84.4567,1107.000000,364.000000
Wilder,39.04,-84.4816,1107.000000,364.000000
Silver Grove,39.0404,-84.3996,1109.000000,364.000000
Fort Mitchell,39.0459,-84.5563,1105.000000,364.000000
Fort Wright,39.0462,-84.5362,1105.000000,364.000000
Petersburg,39.0531,-84.8572,1096.000000,364.000000
Kenton Vale,39.0514,-84.5199,1106.000000,364.000000
Crescent Springs,39.0553,-84.5788,1104.000000,364.000000
Hebron,39.0626,-84.709,1100.000000,364.000000
Villa Hills,39.0656,-84.595,1104.000000,363.000000
Southgate,39.063,-84.4715,1107.000000,363.000000
Park Hills,39.0691,-84.5312,1105.000000,363.000000
Bromley,39.0801,-84.5629,1104.000000,363.000000
Fort Thomas,39.0802,-84.4518,1108.000000,363.000000
Newport,39.0855,-84.4868,1107.000000,363.000000
Ludlow,39.0904,-84.5498,1105.000000,363.000000
Woodlawn,39.0909,-84.4729,1107.000000,362.000000
Bellevue,39.1011,-84.4776,1107.000000,362.000000
Francisville,39.1067,-84.7277,1100.000000,362.000000
Dayton,39.1127,-84.464,1107.000000,362.000000
