Lyle,43.5057,-92.9412,878.000000,214.000000
Emmons,43.5068,-93.4851,863.000000,214.000000
Elmore,43.5069,-94.0888,846.000000,214.000000
Le Roy,43.5131,-92.5076,890.000000,214.000000
Eitzen,43.508,-91.4636,919.000000,213.000000
Mabel,43.5198,-91.768,910.000000,213.000000
Canton,43.5298,-91.9299,906.000000,213.000000
Bigelow,43.5053,-95.6892,801.000000,213.000000
Kiester,43.5369,-93.7113,856.000000,213.000000
Ceylon,43.5326,-94.6305,831.000000,213.000000
Steen,43.5143,-96.2631,793.000000,212.000000
Taopi,43.5575,-92.6404,886.000000,212.000000
Harmony,43.554,-92.0075,904.000000,212.000000
Hills,43.5278,-96.3594,790.000000,212.000000
Ellsworth,43.5209,-96.0197,800.000000,212.000000
Myrtle,43.5632,-93.163,872.000000,212.000000
Bricelyn,43.5607,-93.8131,854.000000,212.000000
Round Lake,43.5372,-95.4705,807.000000,212.000000
Adams,43.5654,-92.719,884.000000,212.000000
Spring Grove,43.5607,-91.637,914.000000,212.000000
Glenville,43.5738,-93.2817,868.000000,212.000000
Dunnell,43.5604,-94.7751,827.000000,212.000000
Frost,43.5846,-93.9248,850.000000,211.000000
Rose Creek,43.6045,-92.8289,881.000000,210.000000
Walters,43.6049,-93.6743,857.000000,210.000000
Ostrander,43.6137,-92.4263,892.000000,210.000000
Conger,43.6153,-93.5282,861.000000,210.000000
Beaver Creek,43.6124,-96.3624,790.000000,209.000000
Caledonia,43.6344,-91.5009,918.000000,209.000000
Blue Earth,43.6404,-94.1004,846.000000,209.000000
Jackson,43.6288,-94.9886,821.000000,209.000000
Hayward,43.6499,-93.246,869.000000,209.000000
Alpha,43.6381,-94.871,824.000000,209.000000
Fairmont,43.6441,-94.4621,835.000000,209.000000
Rushmore,43.6197,-95.799,798.000000,209.000000
Albert Lea,43.6547,-93.3642,866.000000,209.000000
Worthington,43.6281,-95.599,804.000000,209.000000
Elkton,43.6602,-92.7065,884.000000,209.000000
Sherburn,43.6547,-94.7273,828.000000,208.000000
Adrian,43.6332,-95.933,795.000000,208.000000
Alden,43.6695,-93.5735,860.000000,208.000000
Austin,43.6718,-92.9783,877.000000,208.000000
Preston,43.6726,-92.0828,902.000000,208.000000
Welcome,43.6662,-94.6071,831.000000,208.000000
Magnolia,43.6441,-96.0752,798.000000,208.000000
Luverne,43.6533,-96.2146,794.000000,208.000000
Mapleview,43.6901,-92.974,877.000000,208.000000
Spring Valley,43.6888,-92.3897,893.000000,208.000000
Lakefield,43.678,-95.1695,816.000000,207.000000
Granada,43.6933,-94.3495,839.000000,207.000000
Grand Meadow,43.7062,-92.5702,888.000000,207.000000
Wykoff,43.7086,-92.2674,897.000000,207.000000
Brownsville,43.6992,-91.2823,924.000000,207.000000
Dexter,43.7194,-92.7017,884.000000,207.000000
Lanesboro,43.7181,-91.9719,905.000000,206.000000
Brewster,43.6973,-95.4644,808.000000,206.000000
Manchester,43.7256,-93.451,864.000000,206.000000
Whalan,43.7341,-91.9238,906.000000,206.000000
Brownsdale,43.7401,-92.8675,880.000000,206.000000
Northrop,43.7359,-94.4367,836.000000,206.000000
Wells,43.7432,-93.7278,856.000000,206.000000
Fountain,43.7426,-92.1342,900.000000,206.000000
Lansing,43.7477,-92.9656,877.000000,206.000000
Hollandale,43.7598,-93.2043,870.000000,205.000000
Clarks Grove,43.7618,-93.329,867.000000,205.000000
Okabena,43.7391,-95.3165,812.000000,205.000000
Houston,43.7582,-91.5707,916.000000,205.000000
Freeborn,43.7659,-93.5645,860.000000,205.000000
Easton,43.7661,-93.9,851.000000,205.000000
Winnebago,43.7644,-94.1703,844.000000,205.000000
Hokah,43.7599,-91.35,922.000000,205.000000
Delavan,43.7677,-94.0174,848.000000,205.000000
Trimont,43.7611,-94.7162,828.000000,205.000000
Racine,43.7755,-92.481,891.000000,205.000000
Lismore,43.7491,-95.948,794.000000,204.000000
Kenneth,43.7543,-96.0725,798.000000,204.000000
Peterson,43.7868,-91.8333,909.000000,204.000000
Wilmont,43.765,-95.8269,798.000000,204.000000
Hartland,43.8042,-93.4843,863.000000,204.000000
Sargeant,43.8057,-92.8006,882.000000,204.000000
Hardwick,43.7742,-96.1975,795.000000,204.000000
Rushford Village,43.8033,-91.7915,910.000000,204.000000
Waltham,43.8193,-92.8746,880.000000,203.000000
Rushford,43.8131,-91.7535,911.000000,203.000000
Heron Lake,43.798,-95.3198,812.000000,203.000000
Geneva,43.8226,-93.2683,869.000000,203.000000
Truman,43.8279,-94.4366,836.000000,203.000000
La Crescent,43.8299,-91.3043,923.000000,202.000000
Minnesota Lake,43.8408,-93.8279,853.000000,202.000000
Chatfield,43.8445,-92.1829,899.000000,202.000000
Wilder,43.828,-95.2058,815.000000,202.000000
Kinbrae,43.8265,-95.4823,807.000000,202.000000
Fish Lake,43.8404,-95.0477,819.000000,202.000000
Stewartville,43.8605,-92.4896,890.000000,202.000000
Ormsby,43.8503,-94.6986,829.000000,202.000000
Leota,43.8292,-96.0231,800.000000,202.000000
Blooming Prairie,43.8683,-93.0552,875.000000,202.000000
Dundee,43.844,-95.4666,808.000000,201.000000
Ellendale,43.8727,-93.2993,868.000000,201.000000
Jasper,43.8491,-96.3999,789.000000,201.000000
Odin,43.8672,-94.7427,828.000000,201.000000
Hayfield,43.8903,-92.8471,880.000000,201.000000
Windom,43.8736,-95.1201,817.000000,201.000000
Amboy,43.888,-94.1582,844.000000,201.000000
New Richland,43.8938,-93.4939,862.000000,201.000000
Fulda,43.8691,-95.6023,804.000000,201.000000
Edgerton,43.8753,-96.1304,797.000000,200.000000
Trosky,43.8884,-96.2509,793.000000,200.000000
Dakota,43.9106,-91.3605,922.000000,200.000000
Bingham Lake,43.9096,-95.0461,819.000000,200.000000
Mapleton,43.9267,-93.9544,850.000000,199.000000
Lewisville,43.9241,-94.434,836.000000,199.000000
Waldorf,43.9332,-93.6976,857.000000,199.000000
Ihlen,43.9122,-96.3709,790.000000,199.000000
Iona,43.9149,-95.7857,799.000000,199.000000
Mountain Lake,43.9414,-94.9273,823.000000,199.000000
Vernon Center,43.9626,-94.1666,844.000000,198.000000
Chandler,43.9306,-95.9512,794.000000,198.000000
St. Charles,43.9688,-92.0591,902.000000,198.000000
Butterfield,43.9586,-94.7938,826.000000,198.000000
Dover,43.9699,-92.1341,900.000000,198.000000
Avoca,43.949,-95.6465,803.000000,198.000000
Utica,43.9772,-91.9494,905.000000,198.000000
Lewiston,43.9823,-91.8695,908.000000,197.000000
Hatfield,43.9546,-96.1905,795.000000,197.000000
Eyota,43.9883,-92.2321,897.000000,197.000000
St. James,43.9832,-94.6249,831.000000,197.000000
Pemberton,44.0084,-93.7838,854.000000,197.000000
Good Thunder,44.0067,-94.0703,846.000000,197.000000
Rochester,44.0151,-92.4778,891.000000,197.000000
Homer,44.0084,-91.5601,916.000000,196.000000
Slayton,43.9902,-95.7578,800.000000,196.000000
Pipestone,43.9958,-96.3117,791.000000,196.000000
Dodge Center,44.0289,-92.8507,880.000000,196.000000
Lake Wilson,43.9953,-95.9533,794.000000,196.000000
Kasson,44.0333,-92.7482,883.000000,196.000000
Stockton,44.0271,-91.7697,910.000000,196.000000
Hadley,43.9987,-95.8575,797.000000,196.000000
Byron,44.0379,-92.6411,886.000000,196.000000
Claremont,44.0449,-92.9976,876.000000,196.000000
Woodstock,44.011,-96.0967,797.000000,195.000000
Garden City,44.0485,-94.1713,844.000000,195.000000
Madelia,44.0482,-94.4198,837.000000,195.000000
Winona,44.0505,-91.6684,913.000000,195.000000
Storden,44.0396,-95.3193,812.000000,195.000000
Mantorville,44.0656,-92.7537,883.000000,195.000000
Westbrook,44.0422,-95.4376,808.000000,195.000000
Darfur,44.0535,-94.8378,825.000000,195.000000
Altura,44.0642,-91.9435,905.000000,195.000000
Goodview,44.0693,-91.7167,912.000000,194.000000
Jeffers,44.0559,-95.1953,815.000000,194.000000
La Salle,44.0711,-94.5713,833.000000,194.000000
Dovray,44.0545,-95.5477,805.000000,194.000000
Waseca,44.0826,-93.5025,862.000000,194.000000
St. Clair,44.0838,-93.8601,852.000000,194.000000
Elba,44.0864,-92.0181,903.000000,194.000000
Owatonna,44.0914,-93.2304,870.000000,194.000000
Minnesota City,44.0923,-91.75,911.000000,194.000000
Currie,44.0704,-95.6668,802.000000,194.000000
Rollingstone,44.0993,-91.8187,909.000000,194.000000
Lake Crystal,44.1054,-94.2188,842.000000,193.000000
Janesville,44.1214,-93.7107,856.000000,193.000000
Holland,44.0896,-96.1944,795.000000,193.000000
Comfrey,44.1111,-94.9029,823.000000,193.000000
Elgin,44.1257,-92.247,897.000000,193.000000
Skyline,44.1408,-94.034,847.000000,192.000000
West Concord,44.1529,-92.8995,879.000000,192.000000
Hanska,44.1487,-94.4945,835.000000,192.000000
Oronoco,44.1598,-92.5401,889.000000,192.000000
Eagle Lake,44.1616,-93.8846,852.000000,191.000000
Plainview,44.1648,-92.1697,899.000000,191.000000
The Lakes,44.136,-95.7083,801.000000,191.000000
Medford,44.1685,-93.2472,869.000000,191.000000
Mankato,44.1712,-93.9773,849.000000,191.000000
North Mankato,44.1813,-94.0387,847.000000,191.000000
Pine Island,44.197,-92.6165,887.000000,190.000000
Minneiska,44.1975,-91.8763,907.000000,190.000000
Madison Lake,44.2044,-93.8162,854.000000,190.000000
Elysian,44.2067,-93.6765,857.000000,190.000000
Ruthton,44.1776,-96.1035,797.000000,190.000000
Hammond,44.2221,-92.3738,893.000000,189.000000
Morristown,44.2239,-93.4445,864.000000,189.000000
Waterville,44.2236,-93.5747,860.000000,189.000000
Sanborn,44.2098,-95.1297,817.000000,189.000000
Searles,44.2307,-94.4361,836.000000,189.000000
Revere,44.2215,-95.3611,811.000000,189.000000
Millville,44.2447,-92.296,896.000000,189.000000
Garvin,44.2142,-95.7607,800.000000,189.000000
Walnut Grove,44.225,-95.4692,808.000000,189.000000
Lamberton,44.2306,-95.2676,813.000000,188.000000
Springfield,44.2372,-94.9819,821.000000,188.000000
Warsaw,44.2576,-93.3771,866.000000,188.000000
Tracy,44.239,-95.6153,804.000000,188.000000
Balaton,44.2331,-95.8707,797.000000,188.000000
Kenyon,44.2726,-92.9858,877.000000,188.000000
Mazeppa,44.2737,-92.5403,889.000000,188.000000
Florence,44.2372,-96.0517,799.000000,188.000000
Courtland,44.2701,-94.3464,839.000000,188.000000
Nicollet,44.2747,-94.1885,843.000000,188.000000
Zumbro Falls,44.2849,-92.4263,892.000000,187.000000
Zumbrota,44.295,-92.6734,885.000000,187.000000
Kasota,44.2916,-93.9689,849.000000,187.000000
Lake Benton,44.2644,-96.2918,792.000000,187.000000
Cobden,44.2825,-94.8466,825.000000,187.000000
Faribault,44.2985,-93.2786,868.000000,187.000000
Wanamingo,44.3026,-92.7872,882.000000,187.000000
Kellogg,44.3074,-91.9989,904.000000,187.000000
Sleepy Eye,44.2988,-94.7235,828.000000,187.000000
Tyler,44.2785,-96.1355,796.000000,186.000000
Kilkenny,44.3151,-93.5742,860.000000,186.000000
New Ulm,44.3121,-94.4686,835.000000,186.000000
Cleveland,44.3236,-93.8353,853.000000,186.000000
St. Peter,44.3296,-93.9659,849.000000,186.000000
Wanda,44.3148,-95.2131,815.000000,186.000000
Nerstrand,44.3429,-93.0638,874.000000,185.000000
Russell,44.3199,-95.9474,794.000000,185.000000
Evan,44.3549,-94.8361,825.000000,185.000000
Bellechester,44.371,-92.5113,890.000000,184.000000
Wabasha,44.3707,-92.042,903.000000,184.000000
Le Center,44.3866,-93.7311,856.000000,184.000000
Clements,44.3801,-95.0548,819.000000,184.000000
Goodhue,44.4007,-92.6255,887.000000,183.000000
Dennison,44.4088,-93.0303,875.000000,183.000000
Arco,44.3814,-96.1812,795.000000,183.000000
Wabasso,44.4025,-95.2554,814.000000,183.000000
Dundas,44.4276,-93.2039,870.000000,183.000000
Morgan,44.4158,-94.9248,823.000000,182.000000
Lynd,44.3973,-95.8812,796.000000,182.000000
Lucan,44.41,-95.4135,809.000000,182.000000
Milroy,44.4178,-95.5536,805.000000,182.000000
Montgomery,44.4452,-93.5797,860.000000,182.000000
Lake City,44.4453,-92.2796,896.000000,182.000000
Northfield,44.455,-93.1698,871.000000,182.000000
Lafayette,44.4471,-94.3927,838.000000,182.000000
Le Sueur,44.4704,-93.9025,851.000000,181.000000
Lonsdale,44.4776,-93.422,864.000000,181.000000
Marshall,44.4488,-95.7897,799.000000,181.000000
Heidelberg,44.4932,-93.6264,859.000000,180.000000
Ivanhoe,44.4651,-96.252,793.000000,180.000000
Seaforth,44.4761,-95.331,812.000000,180.000000
Frontenac,44.5061,-92.3511,894.000000,180.000000
Cannon Falls,44.5122,-92.9034,879.000000,180.000000
Randolph,44.526,-93.0198,876.000000,179.000000
Henderson,44.5278,-93.9091,851.000000,179.000000
Vesta,44.5066,-95.4139,809.000000,179.000000
Hendricks,44.5076,-96.4281,788.000000,179.000000
Fairfax,44.5283,-94.7231,828.000000,179.000000
Gibbon,44.5333,-94.5242,834.000000,179.000000
Franklin,44.531,-94.8851,824.000000,179.000000
New Prague,44.5459,-93.5758,860.000000,179.000000
Ghent,44.5116,-95.8926,796.000000,178.000000
Winthrop,44.5427,-94.361,838.000000,178.000000
Gaylord,44.5555,-94.2123,843.000000,178.000000
Redwood Falls,44.5471,-95.1031,818.000000,178.000000
Elko New Market,44.5667,-93.338,867.000000,178.000000
Morton,44.5534,-94.985,821.000000,178.000000
Red Wing,44.5816,-92.6036,887.000000,177.000000
Miesville,44.599,-92.8196,881.000000,177.000000
Minneota,44.5626,-95.9827,794.000000,177.000000
New Trier,44.604,-92.9328,878.000000,177.000000
Hampton,44.6085,-93.0025,876.000000,176.000000
Arlington,44.6083,-94.0766,846.000000,176.000000
Delhi,44.5979,-95.2134,815.000000,176.000000
Belle Plaine,44.6188,-93.7643,855.000000,176.000000
Belview,44.6065,-95.3287,812.000000,176.000000
Taunton,44.5942,-96.063,798.000000,176.000000
Cottonwood,44.6106,-95.672,802.000000,175.000000
Echo,44.6218,-95.4115,809.000000,175.000000
Farmington,44.6573,-93.1688,871.000000,175.000000
Jordan,44.6652,-93.6351,859.000000,174.000000
Vermillion,44.6735,-92.9643,877.000000,174.000000
Porter,44.642,-96.1693,795.000000,174.000000
Lakeville,44.6774,-93.252,869.000000,174.000000
New Auburn,44.6728,-94.232,842.000000,174.000000
Wood Lake,44.6513,-95.5358,806.000000,174.000000
Green Isle,44.6804,-94.0052,848.000000,174.000000
Coates,44.716,-93.0323,875.000000,173.000000
Hanley Falls,44.6917,-95.6194,804.000000,173.000000
Prior Lake,44.7251,-93.4409,864.000000,172.000000
Hastings,44.7318,-92.8538,880.000000,172.000000
Stewart,44.7236,-94.4869,835.000000,172.000000
Hamburg,44.7327,-93.9644,849.000000,172.000000
Brownton,44.7326,-94.3508,839.000000,172.000000
Apple Valley,44.7457,-93.2006,871.000000,172.000000
Rosemount,44.7465,-93.0662,874.000000,172.000000
Canby,44.7157,-96.269,792.000000,172.000000
Buffalo Lake,44.737,-94.6173,831.000000,172.000000
Hector,44.7412,-94.712,829.000000,172.000000
Savage,44.7544,-93.3631,866.000000,171.000000
St. Leo,44.7173,-96.0526,798.000000,171.000000
Carver,44.76,-93.6305,859.000000,171.000000
Burnsville,44.7648,-93.2795,868.000000,171.000000
Cologne,44.7696,-93.7931,854.000000,171.000000
Shakopee,44.7744,-93.4764,863.000000,171.000000
Glencoe,44.7699,-94.1512,844.000000,171.000000
Norwood Young America,44.7721,-93.9192,851.000000,171.000000
Plato,44.7724,-94.0397,847.000000,171.000000
Bird Island,44.7648,-94.8949,824.000000,171.000000
Hazel Run,44.7484,-95.7165,801.000000,171.000000
Olivia,44.777,-94.9971,821.000000,170.000000
Sacred Heart,44.7817,-95.3507,811.000000,170.000000
Danube,44.791,-95.1029,818.000000,170.000000
Renville,44.7908,-95.2048,815.000000,170.000000
Cottage Grove,44.8161,-92.9274,878.000000,169.000000
Eagan,44.8169,-93.1638,872.000000,169.000000
Chaska,44.8164,-93.6092,859.000000,169.000000
Inver Grove Heights,44.8247,-93.0596,874.000000,169.000000
Clarkfield,44.7907,-95.8077,799.000000,169.000000
Bloomington,44.8306,-93.3151,867.000000,169.000000
Biscay,44.8261,-94.274,841.000000,169.000000
St. Paul Park,44.836,-92.9949,876.000000,169.000000
Granite Falls,44.8107,-95.5375,806.000000,169.000000
Waconia,44.8412,-93.7927,854.000000,168.000000
Eden Prairie,44.8488,-93.4595,863.000000,168.000000
Chanhassen,44.8544,-93.5621,861.000000,168.000000
Victoria,44.8634,-93.6586,858.000000,168.000000
Sunfish Lake,44.8722,-93.0943,874.000000,168.000000
Newport,44.8744,-92.9975,876.000000,167.000000
Richfield,44.8762,-93.2833,868.000000,167.000000
Mendota Heights,44.8815,-93.14,872.000000,167.000000
South St. Paul,44.8876,-93.0411,875.000000,167.000000
Lester Prairie,44.8829,-94.0374,847.000000,167.000000
Mendota,44.8877,-93.1607,872.000000,167.000000
Boyd,44.8512,-95.9008,796.000000,167.000000
New Germany,44.8861,-93.9731,849.000000,167.000000
Mayer,44.8868,-93.8904,852.000000,167.000000
Edina,44.8914,-93.3602,866.000000,167.000000
Hutchinson,44.8856,-94.3768,838.000000,167.000000
West St. Paul,44.9018,-93.0858,874.000000,166.000000
Excelsior,44.9025,-93.5663,860.000000,166.000000
Afton,44.9042,-92.8174,881.000000,166.000000
Shorewood,44.9033,-93.5903,860.000000,166.000000
Woodbury,44.9056,-92.923,878.000000,166.000000
St. Bonifacius,44.9054,-93.7476,855.000000,166.000000
Lilydale,44.9096,-93.1301,873.000000,166.000000
Silver Lake,44.9042,-94.1984,843.000000,166.000000
St. Marys Point,44.9128,-92.7704,882.000000,166.000000
Greenwood,44.9122,-93.555,861.000000,166.000000
Tonka Bay,44.9167,-93.5886,860.000000,166.000000
Lake St. Croix Beach,44.9245,-92.7657,883.000000,166.000000
Hopkins,44.9261,-93.4056,865.000000,166.000000
Maynard,44.9056,-95.4688,808.000000,165.000000
Deephaven,44.9318,-93.5293,862.000000,165.000000
Minnetonka,44.9322,-93.4598,863.000000,165.000000
Mound,44.9328,-93.6591,858.000000,165.000000
Minnetrista,44.9356,-93.7103,857.000000,165.000000
Spring Park,44.9364,-93.6319,859.000000,165.000000
Minnetonka Beach,44.9385,-93.5865,860.000000,165.000000
St. Paul,44.9477,-93.104,873.000000,165.000000
Cosmos,44.9354,-94.6949,829.000000,165.000000
Lakeland Shores,44.9478,-92.7612,883.000000,165.000000
St. Louis Park,44.9488,-93.3649,866.000000,165.000000
Lakeland,44.9503,-92.77,882.000000,165.000000
Landfall,44.9508,-92.9766,877.000000,165.000000
Cedar Mills,44.9431,-94.5196,834.000000,165.000000
Woodland,44.9524,-93.5155,862.000000,165.000000
Prinsburg,44.9349,-95.187,816.000000,165.000000
Blomkest,44.9428,-95.0235,820.000000,165.000000
Lake Lillian,44.9458,-94.88,824.000000,164.000000
Winsted,44.9574,-94.0498,847.000000,164.000000
Watertown,44.9603,-93.8431,853.000000,164.000000
Minneapolis,44.9635,-93.2678,869.000000,164.000000
Dawson,44.9289,-96.0504,798.000000,164.000000
Orono,44.9657,-93.5908,860.000000,164.000000
Wayzata,44.9671,-93.5161,862.000000,164.000000
Montevideo,44.9505,-95.7153,801.000000,164.000000
Clara City,44.9583,-95.3672,811.000000,164.000000
Maplewood,44.9842,-93.0247,875.000000,164.000000
Long Lake,44.9841,-93.5689,860.000000,164.000000
Oakdale,44.9876,-92.9641,877.000000,164.000000
Falcon Heights,44.9899,-93.177,871.000000,164.000000
Golden Valley,44.9901,-93.3591,866.000000,163.000000
Lauderdale,44.9942,-93.2026,871.000000,163.000000
Lake Elmo,44.9944,-92.9031,879.000000,163.000000
Medicine Lake,44.9998,-93.4199,865.000000,163.000000
Maple Plain,45.0088,-93.6618,858.000000,163.000000
North St. Paul,45.0137,-92.9995,876.000000,163.000000
Bayport,45.0152,-92.7789,882.000000,163.000000
Roseville,45.0155,-93.1545,872.000000,163.000000
Plymouth,45.0225,-93.4618,863.000000,162.000000
Independence,45.0219,-93.7077,857.000000,162.000000
Little Canada,45.0244,-93.0863,874.000000,162.000000
Robbinsdale,45.0261,-93.3332,867.000000,162.000000
St. Anthony,45.0278,-93.2174,870.000000,162.000000
Oak Park Heights,45.0324,-92.8099,881.000000,162.000000
Medina,45.0326,-93.5834,860.000000,162.000000
Pine Springs,45.0368,-92.9543,877.000000,162.000000
New Hope,45.0374,-93.3869,865.000000,162.000000
Crystal,45.0377,-93.3599,866.000000,162.000000
Marietta,45.0105,-96.419,788.000000,162.000000
Raymond,45.0186,-95.2369,814.000000,162.000000
Delano,45.0383,-93.7922,854.000000,162.000000
Watson,45.0099,-95.8,799.000000,162.000000
Madison,45.0127,-96.1889,794.000000,162.000000
Columbia Heights,45.0484,-93.2472,869.000000,162.000000
Hilltop,45.0536,-93.2501,869.000000,161.000000
Willernie,45.054,-92.9571,877.000000,161.000000
Loretto,45.0548,-93.6353,859.000000,161.000000
Vadnais Heights,45.057,-93.0748,874.000000,161.000000
Stillwater,45.0573,-92.8313,881.000000,161.000000
Gem Lake,45.0579,-93.0405,875.000000,161.000000
Birchwood Village,45.0598,-92.9777,877.000000,161.000000
Mahtomedi,45.0619,-92.966,877.000000,161.000000
Howard Lake,45.0604,-94.067,847.000000,161.000000
White Bear Lake,45.0657,-93.015,876.000000,161.000000
New Brighton,45.0658,-93.206,870.000000,161.000000
Brooklyn Center,45.0681,-93.3162,867.000000,161.000000
Waverly,45.065,-93.9663,849.000000,161.000000
Montrose,45.0668,-93.9206,851.000000,161.000000
Arden Hills,45.0721,-93.167,872.000000,161.000000
Grant,45.0825,-92.909,879.000000,160.000000
Cokato,45.0771,-94.1879,843.000000,160.000000
Shoreview,45.0842,-93.1358,872.000000,160.000000
Fridley,45.0841,-93.2595,869.000000,160.000000
Dassel,45.083,-94.315,840.000000,160.000000
Rockford,45.092,-93.7453,856.000000,160.000000
Nassau,45.0677,-96.4417,787.000000,160.000000
Dellwood,45.0986,-92.9672,877.000000,160.000000
North Oaks,45.1002,-93.0882,874.000000,160.000000
Greenfield,45.0997,-93.6884,857.000000,160.000000
Darwin,45.0968,-94.4136,837.000000,160.000000
Mounds View,45.1071,-93.2076,870.000000,160.000000
Maple Grove,45.1089,-93.4626,863.000000,159.000000
Corcoran,45.1089,-93.5837,860.000000,159.000000
Brooklyn Park,45.1112,-93.3505,866.000000,159.000000
Spring Lake Park,45.1161,-93.2451,869.000000,159.000000
Osseo,45.1179,-93.3992,865.000000,159.000000
Litchfield,45.1221,-94.5255,834.000000,159.000000
Lexington,45.1381,-93.1714,871.000000,158.000000
Willmar,45.122,-95.0569,819.000000,158.000000
Circle Pines,45.1409,-93.1505,872.000000,158.000000
Kandiyohi,45.1315,-94.9331,823.000000,158.000000
Atwater,45.1356,-94.7769,827.000000,158.000000
Milan,45.1125,-95.9117,796.000000,158.000000
Hanover,45.158,-93.6631,858.000000,158.000000
Grove City,45.148,-94.6815,830.000000,158.000000
Centerville,45.164,-93.054,875.000000,158.000000
Pennock,45.1459,-95.175,816.000000,158.000000
Hugo,45.1671,-92.9588,877.000000,158.000000
Lino Lakes,45.1679,-93.083,874.000000,157.000000
Bellingham,45.1366,-96.2841,792.000000,157.000000
Blaine,45.1696,-93.2077,870.000000,157.000000
Champlin,45.1702,-93.3903,865.000000,157.000000
Coon Rapids,45.1755,-93.3095,868.000000,157.000000
Buffalo,45.1796,-93.8644,852.000000,157.000000
Rogers,45.1865,-93.5783,860.000000,157.000000
Dayton,45.1906,-93.4758,863.000000,157.000000
Marine on St. Croix,45.1983,-92.7783,882.000000,156.000000
Louisburg,45.1645,-96.1711,795.000000,156.000000
Kingston,45.1959,-94.3109,840.000000,156.000000
St. Michael,45.2014,-93.692,857.000000,156.000000
Anoka,45.2099,-93.3893,865.000000,156.000000
Kerkhoven,45.1922,-95.3199,812.000000,156.000000
Maple Lake,45.2334,-94.0059,848.000000,155.000000
Albertville,45.2364,-93.6618,858.000000,155.000000
Appleton,45.1997,-96.0225,799.000000,155.000000
Murdock,45.2234,-95.3946,810.000000,155.000000
Spicer,45.2329,-94.9401,823.000000,155.000000
Forest Lake,45.2536,-92.9583,877.000000,155.000000
Scandia,45.254,-92.8278,881.000000,155.000000
Ham Lake,45.2545,-93.2039,871.000000,155.000000
Andover,45.2571,-93.3265,867.000000,154.000000
Ramsey,45.2617,-93.4494,864.000000,154.000000
Annandale,45.2598,-94.1205,845.000000,154.000000
Correll,45.232,-96.1627,795.000000,154.000000
Otsego,45.266,-93.62,859.000000,154.000000
Columbus,45.2685,-93.081,874.000000,154.000000
Holloway,45.2441,-95.9112,796.000000,154.000000
De Graff,45.2599,-95.4683,808.000000,153.000000
Odessa,45.2622,-96.3335,790.000000,153.000000
South Haven,45.2927,-94.2174,843.000000,153.000000
Monticello,45.298,-93.7984,854.000000,153.000000
New London,45.2975,-94.9476,822.000000,153.000000
Danvers,45.2814,-95.7559,800.000000,153.000000
Silver Creek,45.3127,-93.9827,849.000000,152.000000
Kimball,45.3143,-94.3008,840.000000,152.000000
Watkins,45.3153,-94.412,837.000000,152.000000
Fairhaven,45.3232,-94.204,843.000000,152.000000
Ortonville,45.3017,-96.4415,787.000000,152.000000
Elk River,45.3314,-93.567,861.000000,152.000000
Wyoming,45.3365,-92.9766,877.000000,152.000000
Eden Valley,45.3263,-94.5453,834.000000,152.000000
Oak Grove,45.3409,-93.3264,867.000000,152.000000
Nowthen,45.3421,-93.4495,864.000000,152.000000
Big Lake,45.3416,-93.7431,856.000000,152.000000
Benson,45.3152,-95.6058,804.000000,151.000000
Chisago City,45.3474,-92.9116,879.000000,151.000000
East Bethel,45.3557,-93.2038,871.000000,151.000000
Sunburg,45.3476,-95.24,814.000000,151.000000
Martin Lake,45.3825,-93.0885,874.000000,150.000000
Stacy,45.3841,-92.9938,876.000000,150.000000
Becker,45.3815,-93.8737,852.000000,150.000000
Lindstrom,45.387,-92.8477,880.000000,150.000000
Shafer,45.3901,-92.7531,883.000000,150.000000
Paynesville,45.3786,-94.7216,829.000000,150.000000
Center City,45.3941,-92.8141,881.000000,150.000000
St. Francis,45.3991,-93.3902,865.000000,150.000000
Bethel,45.4022,-93.2711,869.000000,150.000000
Clontarf,45.377,-95.677,802.000000,149.000000
Taylors Falls,45.4121,-92.6644,885.000000,149.000000
Clearwater,45.4102,-94.0446,847.000000,149.000000
Regal,45.4054,-94.8397,825.000000,149.000000
Zimmerman,45.4416,-93.5981,860.000000,148.000000
Roscoe,45.4323,-94.6364,831.000000,148.000000
Clear Lake,45.4463,-93.9985,849.000000,148.000000
St. Augusta,45.4497,-94.1996,843.000000,148.000000
Richmond,45.4547,-94.5135,834.000000,147.000000
Cold Spring,45.4572,-94.4296,837.000000,147.000000
Belgrade,45.4506,-94.9998,821.000000,147.000000
Rockville,45.465,-94.3222,840.000000,147.000000
Lake Henry,45.4619,-94.7965,827.000000,147.000000
Clinton,45.4632,-96.4415,787.000000,146.000000
Isanti,45.4928,-93.2407,870.000000,146.000000
North Branch,45.5137,-92.9601,877.000000,146.000000
St. Martin,45.5028,-94.6678,830.000000,146.000000
Brooten,45.5001,-95.1157,818.000000,146.000000
Hancock,45.4977,-95.795,799.000000,145.000000
Spring Hill,45.5232,-94.8317,826.000000,145.000000
Waite Park,45.5313,-94.2528,842.000000,145.000000
St. Cloud,45.5339,-94.1718,844.000000,145.000000
Cambridge,45.5612,-93.2283,870.000000,144.000000
St. Joseph,45.5611,-94.3081,840.000000,144.000000
Princeton,45.5689,-93.59,860.000000,144.000000
Elrosa,45.5629,-94.9472,823.000000,144.000000
Beardsley,45.5577,-96.7139,780.000000,143.000000
Barry,45.5582,-96.5604,784.000000,143.000000
Graceville,45.5686,-96.4372,787.000000,143.000000
Harris,45.5976,-92.9869,876.000000,143.000000
Sedan,45.5782,-95.2451,814.000000,143.000000
Sauk Rapids,45.5981,-94.1539,844.000000,143.000000
Johnson,45.5722,-96.294,791.000000,143.000000
Chokio,45.5731,-96.1748,795.000000,143.000000
Alberta,45.5749,-96.0505,798.000000,142.000000
Browns Valley,45.5947,-96.8327,776.000000,142.000000
Greenwald,45.6014,-94.8594,825.000000,142.000000
Avon,45.6101,-94.4619,836.000000,142.000000
Morris,45.5856,-95.9048,796.000000,142.000000
Sartell,45.6187,-94.2207,843.000000,142.000000
Albany,45.6284,-94.5677,833.000000,141.000000
Starbuck,45.6121,-95.5333,806.000000,141.000000
Meire Grove,45.6264,-94.8694,825.000000,141.000000
New Munich,45.6309,-94.7525,828.000000,141.000000
Cyrus,45.6147,-95.7381,801.000000,141.000000
Stanchfield,45.6649,-93.1815,871.000000,141.000000
Foley,45.6636,-93.9095,851.000000,141.000000
Freeport,45.6627,-94.6888,830.000000,140.000000
Glenwood,45.6517,-95.3643,811.000000,140.000000
Long Beach,45.6509,-95.4294,809.000000,140.000000
Rush City,45.6875,-92.9654,877.000000,140.000000
Ronneby,45.6853,-93.8601,853.000000,140.000000
Melrose,45.6757,-94.8128,826.000000,140.000000
Pease,45.6995,-93.6491,858.000000,139.000000
St. Stephen,45.701,-94.2742,841.000000,139.000000
Braham,45.7223,-93.1717,871.000000,139.000000
Donnelly,45.6895,-96.0143,799.000000,138.000000
Lowry,45.705,-95.519,807.000000,138.000000
Foreston,45.7321,-93.7095,857.000000,138.000000
Westport,45.7146,-95.168,817.000000,138.000000
Villard,45.7142,-95.2692,814.000000,138.000000
Gilman,45.7353,-93.9483,850.000000,138.000000
Holdingford,45.7298,-94.4717,836.000000,138.000000
St. Rosa,45.7286,-94.7162,829.000000,138.000000
Dumont,45.7174,-96.4231,788.000000,138.000000
Sauk Centre,45.736,-94.9523,823.000000,138.000000
Rice,45.7525,-94.2317,842.000000,137.000000
Milaca,45.7573,-93.6522,858.000000,137.000000
Rock Creek,45.7604,-92.9088,879.000000,137.000000
Farwell,45.7524,-95.6189,804.000000,137.000000
Bock,45.7845,-93.5528,861.000000,137.000000
Grasston,45.7957,-93.1524,872.000000,136.000000
Kensington,45.7783,-95.697,802.000000,136.000000
Forada,45.7884,-95.3567,811.000000,136.000000
West Union,45.7965,-95.0925,819.000000,136.000000
Upsala,45.81,-94.5673,833.000000,135.000000
Bowlus,45.8191,-94.4072,838.000000,135.000000
Ogilvie,45.829,-93.4221,865.000000,135.000000
Wheaton,45.8059,-96.498,786.000000,135.000000
Pine City,45.8367,-92.9683,877.000000,135.000000
Royalton,45.8302,-94.2931,841.000000,135.000000
Grey Eagle,45.8245,-94.749,828.000000,135.000000
Elmdale,45.834,-94.4942,835.000000,135.000000
Herman,45.8105,-96.1414,795.000000,134.000000
Hoffman,45.8341,-95.787,800.000000,134.000000
Henriette,45.8711,-93.12,873.000000,134.000000
Mora,45.8768,-93.2914,868.000000,133.000000
Burtrum,45.8658,-94.6874,830.000000,133.000000
Osakis,45.8649,-95.1524,817.000000,133.000000
Alexandria,45.8777,-95.3766,811.000000,133.000000
Buckman,45.8973,-94.094,846.000000,133.000000
Norcross,45.8687,-96.1964,794.000000,133.000000
Nelson,45.8865,-95.2648,814.000000,132.000000
Quamba,45.9155,-93.1753,871.000000,132.000000
Swanville,45.9162,-94.6388,831.000000,132.000000
Sobieski,45.923,-94.482,835.000000,132.000000
Brook Park,45.9484,-93.0728,874.000000,131.000000
Barrett,45.9124,-95.8943,797.000000,131.000000
Flensburg,45.948,-94.5301,834.000000,131.000000
Garfield,45.9387,-95.4942,808.000000,130.000000
Genola,45.9653,-94.1129,846.000000,130.000000
Pierz,45.9772,-94.1008,846.000000,130.000000
Little Falls,45.9833,-94.36,839.000000,130.000000
Long Prairie,45.9775,-94.8629,825.000000,130.000000
Brandon,45.9663,-95.5945,805.000000,129.000000
Carlos,45.9741,-95.2925,813.000000,129.000000
Hillman,46.0063,-93.8887,852.000000,129.000000
Hinckley,46.0122,-92.9256,878.000000,129.000000
Elbow Lake,45.9905,-95.9776,794.000000,128.000000
Evansville,46.0062,-95.6869,802.000000,128.000000
Tintah,46.0109,-96.3201,790.000000,128.000000
Lastrup,46.0398,-94.0621,847.000000,128.000000
Miltona,46.0462,-95.2931,813.000000,127.000000
Nashua,46.0377,-96.3059,791.000000,127.000000
Onamia,46.07,-93.6676,858.000000,127.000000
Wendell,46.0359,-96.1008,796.000000,127.000000
Browerville,46.0807,-94.8646,825.000000,126.000000
Millerville,46.0691,-95.5571,806.000000,126.000000
Randall,46.0887,-94.5007,835.000000,126.000000
Wahkon,46.1206,-93.5223,862.000000,125.000000
Harding,46.1191,-94.0368,848.000000,125.000000
Campbell,46.0975,-96.4055,788.000000,125.000000
Ashby,46.0931,-95.8157,799.000000,125.000000
Sandstone,46.1292,-92.8646,880.000000,125.000000
Isle,46.1398,-93.4597,864.000000,124.000000
Clarissa,46.1284,-94.949,823.000000,124.000000
Urbank,46.1242,-95.5104,807.000000,124.000000
Parkers Prairie,46.153,-95.329,812.000000,123.000000
Fort Ripley,46.169,-94.363,839.000000,123.000000
Eagle Bend,46.1643,-95.0341,820.000000,123.000000
Vineland,46.1832,-93.7823,855.000000,123.000000
Askov,46.1886,-92.7824,882.000000,123.000000
Finlayson,46.2051,-92.9248,878.000000,122.000000
Dalton,46.1739,-95.9156,796.000000,122.000000
Doran,46.1852,-96.4858,786.000000,122.000000
McGrath,46.2421,-93.2751,869.000000,121.000000
Rutledge,46.257,-92.8696,880.000000,121.000000
Bruno,46.281,-92.668,885.000000,120.000000
Bertha,46.2671,-95.0618,820.000000,120.000000
Vining,46.2619,-95.535,807.000000,119.000000
Breckenridge,46.2662,-96.585,783.000000,119.000000
Garrison,46.2992,-93.8262,854.000000,119.000000
Clitherall,46.2745,-95.6309,804.000000,119.000000
Foxhome,46.2769,-96.3122,790.000000,119.000000
Battle Lake,46.2848,-95.7187,802.000000,119.000000
Willow River,46.3204,-92.835,881.000000,118.000000
Fergus Falls,46.2853,-96.076,797.000000,118.000000
Underwood,46.2869,-95.8721,798.000000,118.000000
Pillager,46.3295,-94.4796,836.000000,118.000000
Kerrick,46.3386,-92.5843,887.000000,118.000000
Hewitt,46.324,-95.0902,819.000000,118.000000
Motley,46.3349,-94.6423,831.000000,118.000000
Henning,46.3233,-95.4424,809.000000,117.000000
Baxter,46.3426,-94.2793,841.000000,117.000000
Brainerd,46.3553,-94.1982,843.000000,117.000000
Denham,46.3617,-92.9415,878.000000,117.000000
Staples,46.369,-94.8018,827.000000,116.000000
Sturgeon Lake,46.3863,-92.8241,881.000000,116.000000
Aldrich,46.3747,-94.9394,823.000000,116.000000
East Gull Lake,46.3948,-94.3548,839.000000,116.000000
Deer Creek,46.3909,-95.3218,813.000000,115.000000
Verndale,46.3971,-95.0112,821.000000,115.000000
Elizabeth,46.3798,-96.1309,795.000000,115.000000
Moose Lake,46.4445,-92.7634,883.000000,114.000000
Ottertail,46.4267,-95.5638,806.000000,114.000000
Kent,46.4376,-96.6834,780.000000,114.000000
Riverton,46.4584,-94.0488,847.000000,114.000000
Wadena,46.4452,-95.1281,818.000000,113.000000
Merrifield,46.4673,-94.1746,844.000000,113.000000
Deerwood,46.4729,-93.9,852.000000,113.000000
Ironton,46.4817,-93.9977,849.000000,113.000000
Kettle River,46.4862,-92.8776,879.000000,113.000000
Bluffton,46.4696,-95.2337,815.000000,113.000000
Crosby,46.4892,-93.9573,850.000000,113.000000
Rothsay,46.4735,-96.2845,791.000000,112.000000
Barnum,46.5054,-92.6884,885.000000,112.000000
Nisswa,46.5003,-94.2977,841.000000,112.000000
Trommald,46.5058,-94.0154,848.000000,112.000000
Lake Shore,46.504,-94.3635,839.000000,112.000000
Cuyuna,46.5115,-93.9265,851.000000,112.000000
Erhard,46.4836,-96.0965,796.000000,112.000000
Aitkin,46.5289,-93.7067,857.000000,111.000000
Richville,46.5061,-95.6262,804.000000,111.000000
New York Mills,46.5198,-95.3733,811.000000,111.000000
Mahtowa,46.5616,-92.6279,886.000000,110.000000
Dent,46.553,-95.719,802.000000,109.000000
Wolverton,46.563,-96.7363,779.000000,109.000000
Pequot Lakes,46.5875,-94.2983,841.000000,109.000000
Pelican Rapids,46.5701,-96.086,796.000000,109.000000
McGregor,46.6087,-93.3055,868.000000,109.000000
Breezy Point,46.6081,-94.218,843.000000,108.000000
Wrenshall,46.6217,-92.384,893.000000,108.000000
Perham,46.6,-95.5773,806.000000,108.000000
Sebeka,46.629,-95.0878,819.000000,107.000000
Nimrod,46.6375,-94.8805,825.000000,107.000000
Tamarack,46.6529,-93.125,873.000000,107.000000
Jenkins,46.6527,-94.3299,840.000000,107.000000
Carlton,46.6635,-92.407,892.000000,107.000000
Wright,46.6725,-93.0069,876.000000,106.000000
Barnesville,46.6501,-96.4164,787.000000,106.000000
Cromwell,46.6795,-92.873,880.000000,106.000000
Crosslake,46.6755,-94.0955,846.000000,106.000000
Comstock,46.6596,-96.7466,778.000000,106.000000
Vergas,46.6549,-95.8038,800.000000,106.000000
Scanlon,46.7066,-92.43,892.000000,105.000000
Esko,46.71,-92.3721,893.000000,105.000000
Palisade,46.7126,-93.4895,863.000000,105.000000
Cloquet,46.7221,-92.4923,890.000000,105.000000
Pine River,46.7225,-94.3975,838.000000,104.000000
Baker,46.7105,-96.5579,783.000000,104.000000
Manhattan Beach,46.737,-94.1396,845.000000,104.000000
Proctor,46.7416,-92.2276,897.000000,104.000000
Chickamaw Beach,46.7452,-94.3844,838.000000,104.000000
Frazee,46.7282,-95.7026,802.000000,103.000000
Emily,46.7602,-93.9665,850.000000,103.000000
Menahga,46.7471,-95.1012,819.000000,103.000000
Fifty Lakes,46.7618,-94.0898,846.000000,103.000000
Duluth,46.7756,-92.1392,900.000000,103.000000
Sabin,46.7814,-96.6542,781.000000,102.000000
Hermantown,46.8058,-92.2407,897.000000,102.000000
Backus,46.8207,-94.5149,835.000000,101.000000
Wolf Lake,46.8066,-95.3526,812.000000,101.000000
Detroit Lakes,46.806,-95.8449,799.000000,101.000000
Brookston,46.8654,-92.6027,887.000000,100.000000
Moorhead,46.8673,-96.7461,778.000000,99.000000
Glyndon,46.8709,-96.5784,783.000000,99.000000
Rice Lake,46.8977,-92.1137,900.000000,99.000000
Audubon,46.8629,-95.9809,795.000000,99.000000
Dilworth,46.8795,-96.6986,779.000000,99.000000
Hawley,46.877,-96.318,790.000000,98.000000
Floodwood,46.9173,-92.9187,878.000000,98.000000
Lake Park,46.8839,-96.0988,796.000000,98.000000
Park Rapids,46.917,-95.0577,820.000000,98.000000
Hackensack,46.9269,-94.5159,835.000000,97.000000
Osage,46.9283,-95.2586,815.000000,97.000000
Nevis,46.9646,-94.8423,826.000000,96.000000
Hill City,46.983,-93.5959,860.000000,96.000000
Longville,46.9877,-94.212,843.000000,96.000000
Hitterdal,46.9778,-96.2584,791.000000,95.000000
Akeley,47.0005,-94.728,829.000000,95.000000
Pine Point,46.9889,-95.3883,811.000000,95.000000
Callaway,46.982,-95.912,797.000000,95.000000
Two Harbors,47.03,-91.675,912.000000,94.000000
Whipholt,47.0436,-94.386,838.000000,94.000000
Remer,47.0569,-93.9126,851.000000,93.000000
Meadowlands,47.0731,-92.7311,883.000000,93.000000
Georgetown,47.0784,-96.7959,777.000000,92.000000
Walker,47.0891,-94.5854,833.000000,92.000000
Felton,47.0749,-96.5058,785.000000,92.000000
Ulen,47.0781,-96.2581,791.000000,92.000000
White Earth,47.0977,-95.8445,799.000000,91.000000
Warba,47.1366,-93.2657,869.000000,91.000000
Ogema,47.1016,-95.9225,797.000000,91.000000
Boy River,47.1669,-94.1233,846.000000,89.000000
Perley,47.1761,-96.8015,777.000000,89.000000
Lake George,47.1881,-94.9801,822.000000,88.000000
Borup,47.1803,-96.5058,785.000000,88.000000
Waubun,47.184,-95.9401,796.000000,88.000000
Laporte,47.2147,-94.7573,828.000000,88.000000
La Prairie,47.2302,-93.4913,863.000000,88.000000
Grand Rapids,47.238,-93.5327,862.000000,87.000000
Cohasset,47.2389,-93.6396,859.000000,87.000000
Federal Dam,47.2407,-94.2192,843.000000,87.000000
Twin Lakes,47.2261,-95.6555,804.000000,87.000000
Coleraine,47.2638,-93.4524,864.000000,86.000000
Beaver Bay,47.2561,-91.3061,922.000000,86.000000
Hendrum,47.2641,-96.8104,776.000000,86.000000
Twin Valley,47.2589,-96.2592,791.000000,85.000000
Bovey,47.2962,-93.4036,865.000000,85.000000
Naytahwaush,47.2704,-95.6334,805.000000,85.000000
Silver Bay,47.294,-91.278,923.000000,85.000000
Calumet,47.3198,-93.2667,869.000000,84.000000
Zemple,47.3207,-93.7859,855.000000,84.000000
Ada,47.2992,-96.5165,784.000000,84.000000
Marble,47.328,-93.294,868.000000,84.000000
Taconite,47.3315,-93.3758,866.000000,84.000000
Ball Club,47.3311,-93.946,850.000000,84.000000
West Roy Lake,47.3116,-95.5954,806.000000,84.000000
Deer River,47.3409,-93.7961,855.000000,84.000000
Roy Lake,47.3176,-95.5428,807.000000,84.000000
Bena,47.3404,-94.206,843.000000,84.000000
South End,47.3231,-95.4788,809.000000,83.000000
Midway,47.317,-95.7838,801.000000,83.000000
The Ranch,47.3198,-95.6952,803.000000,83.000000
Mahnomen,47.3146,-95.9673,796.000000,83.000000
Riverland,47.3219,-95.9512,796.000000,83.000000
Halstad,47.3511,-96.8247,776.000000,83.000000
Beaulieu,47.3389,-95.8054,800.000000,83.000000
Nashwauk,47.3805,-93.1666,872.000000,82.000000
Cass Lake,47.3788,-94.5991,833.000000,82.000000
Hibbing,47.3981,-92.9487,878.000000,82.000000
Keewatin,47.4006,-93.0828,874.000000,82.000000
Gary,47.3725,-96.2656,791.000000,82.000000
Iron Junction,47.4189,-92.6087,887.000000,81.000000
Finland,47.435,-91.2683,923.000000,80.000000
Pine Bend,47.4222,-95.5979,806.000000,80.000000
Eveleth,47.4637,-92.5443,888.000000,80.000000
Leonidas,47.4681,-92.5679,888.000000,79.000000
Shelly,47.4582,-96.8197,776.000000,79.000000
Bejou,47.4429,-95.9727,795.000000,79.000000
Chisholm,47.4877,-92.8788,879.000000,79.000000
Gilbert,47.4913,-92.4612,891.000000,79.000000
Bemidji,47.4828,-94.8796,825.000000,78.000000
Buhl,47.4994,-92.7692,882.000000,78.000000
McKinley,47.509,-92.4057,892.000000,78.000000
Kinney,47.5167,-92.7227,884.000000,78.000000
Virginia,47.5169,-92.5128,889.000000,78.000000
Ebro,47.4942,-95.5411,807.000000,78.000000
Wilton,47.5065,-94.9969,822.000000,78.000000
Aurora,47.5312,-92.2399,897.000000,77.000000
Solway,47.521,-95.1303,818.000000,77.000000
Lengby,47.5155,-95.6346,805.000000,77.000000
Mountain Iron,47.5473,-92.6252,886.000000,77.000000
Bagley,47.5239,-95.4041,811.000000,77.000000
Nielsville,47.5288,-96.8161,776.000000,77.000000
Shevlin,47.5302,-95.2595,815.000000,77.000000
Biwabik,47.5551,-92.3233,894.000000,76.000000
Inger,47.558,-93.9794,850.000000,76.000000
Hoyt Lakes,47.5598,-92.1157,900.000000,76.000000
Fertile,47.5339,-96.2893,790.000000,76.000000
Beltrami,47.5425,-96.527,784.000000,76.000000
Winger,47.5376,-95.9864,795.000000,76.000000
Turtle River,47.5882,-94.7581,829.000000,75.000000
Fosston,47.5855,-95.7579,801.000000,74.000000
Climax,47.6095,-96.8122,776.000000,74.000000
Squaw Lake,47.6275,-94.1381,845.000000,74.000000
Babbitt,47.6445,-91.9458,905.000000,73.000000
Tenstrike,47.6603,-94.6843,831.000000,73.000000
McIntosh,47.6369,-95.8864,798.000000,73.000000
Leonard,47.6513,-95.2671,815.000000,72.000000
Lutsen,47.6715,-90.6885,939.000000,72.000000
Erskine,47.6648,-96.0125,798.000000,71.000000
Clearbrook,47.6962,-95.4287,810.000000,71.000000
Mentor,47.6966,-96.144,794.000000,71.000000
Blackduck,47.7263,-94.5479,834.000000,70.000000
Bigfork,47.7473,-93.6525,858.000000,70.000000
Gonvick,47.7391,-95.5125,808.000000,69.000000
Grand Marais,47.7586,-90.3443,948.000000,69.000000
Funkley,47.7869,-94.4267,838.000000,68.000000
Gully,47.7684,-95.6229,805.000000,68.000000
Crookston,47.7747,-96.6062,782.000000,68.000000
Tower,47.8103,-92.2832,896.000000,68.000000
Trail,47.7833,-95.6981,803.000000,68.000000
Soudan,47.813,-92.2356,897.000000,68.000000
Fisher,47.7993,-96.7995,776.000000,68.000000
Cook,47.8414,-92.6888,885.000000,67.000000
Effie,47.8411,-93.6377,859.000000,67.000000
Brooks,47.8165,-96.0036,798.000000,66.000000
Oklee,47.839,-95.8509,799.000000,66.000000
Northome,47.8748,-94.2675,842.000000,65.000000
Little Rock,47.8667,-95.106,819.000000,65.000000
Redby,47.8717,-94.9184,824.000000,65.000000
Red Lake,47.8707,-95.0052,822.000000,65.000000
Ely,47.9054,-91.8517,907.000000,64.000000
Red Lake Falls,47.8837,-96.2727,791.000000,64.000000
Mizpah,47.9209,-94.2132,843.000000,64.000000
Winton,47.9284,-91.8004,909.000000,64.000000
East Grand Forks,47.9284,-97.0138,770.000000,63.000000
Kelliher,47.9438,-94.4446,837.000000,63.000000
Plummer,47.9151,-96.0416,797.000000,63.000000
St. Hilaire,48.0135,-96.2137,792.000000,60.000000
Ponemah,48.0348,-94.8983,825.000000,60.000000
Orr,48.0594,-92.8248,881.000000,59.000000
Nett Lake,48.1146,-93.0811,874.000000,58.000000
Thief River Falls,48.1112,-96.1771,793.000000,56.000000
Goodridge,48.1442,-95.8039,801.000000,55.000000
Big Falls,48.1794,-93.8092,854.000000,55.000000
Alvarado,48.1929,-96.9985,771.000000,54.000000
Oslo,48.1954,-97.1321,767.000000,54.000000
Warren,48.194,-96.7688,777.000000,54.000000
Viking,48.2182,-96.4068,787.000000,53.000000
Holt,48.2929,-96.1945,792.000000,50.000000
Grygla,48.2996,-95.624,805.000000,50.000000
Argyle,48.3366,-96.8162,776.000000,49.000000
Newfolden,48.3568,-96.3298,789.000000,48.000000
Littlefork,48.3964,-93.5578,861.000000,48.000000
Middle River,48.4349,-96.1617,793.000000,45.000000
Stephen,48.4518,-96.8769,774.000000,45.000000
Strandquist,48.4894,-96.4479,785.000000,44.000000
Strathcona,48.5537,-96.1671,793.000000,41.000000
International Falls,48.5884,-93.4083,865.000000,41.000000
Donaldson,48.5749,-96.899,773.000000,41.000000
Karlstad,48.578,-96.5169,783.000000,41.000000
Ranier,48.6066,-93.353,867.000000,41.000000
Kennedy,48.6429,-96.9106,773.000000,39.000000
Halma,48.66,-96.5972,781.000000,38.000000
Baudette,48.7119,-94.5925,833.000000,37.000000
Greenbush,48.701,-96.1835,792.000000,36.000000
Lake Bronson,48.7322,-96.664,779.000000,36.000000
Hallock,48.7659,-96.9427,772.000000,35.000000
Williams,48.768,-94.9533,824.000000,35.000000
Badger,48.7768,-96.0212,797.000000,34.000000
Roosevelt,48.807,-95.101,820.000000,33.000000
Roseau,48.8446,-95.7623,802.000000,32.000000
Lancaster,48.8577,-96.8019,776.000000,32.000000
Humboldt,48.9215,-97.0946,768.000000,30.000000
Warroad,48.9169,-95.3272,814.000000,30.000000
St. Vincent,48.9693,-97.2264,764.000000,28.000000
