Staten Island,40.5834,-74.1496,1378.000000,313.000000
East Atlantic Beach,40.5876,-73.7092,1391.000000,312.000000
Atlantic Beach,40.5894,-73.7296,1390.000000,312.000000
Long Beach,40.5887,-73.666,1392.000000,312.000000
Lido Beach,40.5904,-73.6121,1393.000000,312.000000
Point Lookout,40.5903,-73.5795,1394.000000,312.000000
Harbor Isle,40.6019,-73.6647,1392.000000,312.000000
Lawrence,40.6042,-73.7149,1390.000000,312.000000
Island Park,40.6051,-73.6553,1392.000000,312.000000
Barnum Island,40.605,-73.6437,1392.000000,312.000000
Inwood,40.6218,-73.7507,1389.000000,311.000000
Woodsburgh,40.6215,-73.7068,1391.000000,311.000000
Hewlett Neck,40.6247,-73.6981,1391.000000,311.000000
Cedarhurst,40.6252,-73.7278,1390.000000,311.000000
Bay Park,40.6302,-73.667,1392.000000,311.000000
Baldwin Harbor,40.6296,-73.6025,1394.000000,311.000000
Hewlett Harbor,40.6327,-73.6842,1391.000000,311.000000
Oceanside,40.6328,-73.6364,1393.000000,311.000000
Hewlett Bay Park,40.6346,-73.6953,1391.000000,311.000000
Woodmere,40.6374,-73.7219,1390.000000,311.000000
Gilgo,40.6377,-73.3788,1400.000000,311.000000
Hewlett,40.6422,-73.6942,1391.000000,311.000000
East Rockaway,40.6432,-73.6672,1392.000000,311.000000
Saltaire,40.6388,-73.1949,1405.000000,311.000000
Brooklyn,40.6501,-73.9496,1384.000000,310.000000
Freeport,40.6515,-73.585,1394.000000,310.000000
Merrick,40.6515,-73.5535,1395.000000,310.000000
Ocean Beach,40.6463,-73.1565,1406.000000,310.000000
South Valley Stream,40.6557,-73.7186,1390.000000,310.000000
Lynbrook,40.6579,-73.6742,1391.000000,310.000000
Bellmore,40.6569,-73.5285,1396.000000,310.000000
Baldwin,40.6634,-73.6104,1393.000000,310.000000
Valley Stream,40.6647,-73.7044,1391.000000,310.000000
Rockville Centre,40.6644,-73.6383,1392.000000,310.000000
North Lynbrook,40.6686,-73.6736,1391.000000,310.000000
Seaford,40.6678,-73.4922,1397.000000,310.000000
Massapequa,40.6676,-73.4706,1397.000000,310.000000
Wantagh,40.6686,-73.5104,1396.000000,310.000000
Amityville,40.6696,-73.4156,1399.000000,310.000000
Malverne,40.6746,-73.6721,1392.000000,310.000000
Copiague,40.6728,-73.3932,1399.000000,309.000000
East Massapequa,40.6743,-73.4358,1398.000000,309.000000
Lakeview,40.6775,-73.6493,1392.000000,309.000000
Roosevelt,40.6797,-73.5837,1394.000000,309.000000
Malverne Park Oaks,40.6816,-73.6643,1392.000000,309.000000
South Hempstead,40.6814,-73.6233,1393.000000,309.000000
North Valley Stream,40.684,-73.7077,1391.000000,309.000000
Massapequa Park,40.6817,-73.4496,1398.000000,309.000000
Fire Island,40.6782,-73.0708,1408.000000,309.000000
North Merrick,40.6871,-73.5615,1395.000000,309.000000
Lindenhurst,40.6858,-73.371,1400.000000,309.000000
New York,40.6943,-73.9249,1384.000000,309.000000
North Bellmore,40.6904,-73.539,1395.000000,309.000000
West Hempstead,40.6959,-73.6507,1392.000000,309.000000
Franklin Square,40.7002,-73.6775,1391.000000,309.000000
North Wantagh,40.6983,-73.5086,1396.000000,309.000000
Elmont,40.7033,-73.7078,1391.000000,309.000000
North Amityville,40.7005,-73.4118,1399.000000,309.000000
North Massapequa,40.7031,-73.4678,1397.000000,308.000000
North Lindenhurst,40.7072,-73.3859,1400.000000,308.000000
Garden City South,40.7121,-73.6605,1392.000000,308.000000
South Floral Park,40.7136,-73.7005,1391.000000,308.000000
West Bay Shore,40.708,-73.2719,1403.000000,308.000000
West Islip,40.7097,-73.2971,1402.000000,308.000000
West Babylon,40.7112,-73.3567,1400.000000,308.000000
Uniondale,40.7176,-73.5947,1394.000000,308.000000
Stewart Manor,40.7203,-73.6853,1391.000000,308.000000
South Farmingdale,40.7175,-73.4471,1398.000000,308.000000
East Meadow,40.7197,-73.5604,1395.000000,308.000000
Bellerose Terrace,40.7221,-73.7252,1390.000000,308.000000
Floral Park,40.7226,-73.7029,1391.000000,308.000000
Great River,40.7164,-73.1603,1406.000000,308.000000
Bellerose,40.7242,-73.7167,1390.000000,308.000000
Brightwaters,40.7193,-73.2642,1403.000000,308.000000
Levittown,40.7241,-73.5125,1396.000000,308.000000
Plainedge,40.724,-73.477,1397.000000,308.000000
Garden City,40.7266,-73.6447,1392.000000,308.000000
New Hyde Park,40.7324,-73.6858,1391.000000,308.000000
East Islip,40.7275,-73.1861,1405.000000,308.000000
North Babylon,40.7311,-73.3251,1401.000000,307.000000
Farmingdale,40.7328,-73.4465,1398.000000,307.000000
East Farmingdale,40.7336,-73.4169,1399.000000,307.000000
Bay Shore,40.7317,-73.2505,1403.000000,307.000000
West Sayville,40.7294,-73.105,1408.000000,307.000000
Garden City Park,40.7436,-73.6639,1392.000000,307.000000
Oakdale,40.7373,-73.1345,1407.000000,307.000000
North New Hyde Park,40.746,-73.6876,1391.000000,307.000000
Salisbury,40.7454,-73.5604,1395.000000,307.000000
Mineola,40.7469,-73.6392,1392.000000,307.000000
Queens,40.7498,-73.7976,1388.000000,307.000000
Wyandanch,40.7467,-73.3769,1400.000000,307.000000
Carle Place,40.75,-73.6122,1393.000000,307.000000
Bethpage,40.7495,-73.4856,1397.000000,307.000000
Bayport,40.746,-73.0546,1409.000000,307.000000
Sayville,40.7478,-73.084,1408.000000,307.000000
Herricks,40.7567,-73.6635,1392.000000,307.000000
Islip Terrace,40.7506,-73.1872,1405.000000,307.000000
Baywood,40.7533,-73.29,1402.000000,307.000000
Old Bethpage,40.7557,-73.4544,1398.000000,307.000000
Williston Park,40.7587,-73.6465,1392.000000,307.000000
Manhasset Hills,40.7592,-73.681,1391.000000,307.000000
Westbury,40.7599,-73.5891,1394.000000,307.000000
Blue Point,40.7518,-73.0352,1409.000000,307.000000
East Williston,40.7608,-73.6336,1393.000000,307.000000
New Cassel,40.76,-73.5649,1395.000000,307.000000
Bellport,40.7547,-72.9423,1412.000000,306.000000
Hicksville,40.7637,-73.5245,1396.000000,306.000000
North Bay Shore,40.7601,-73.2618,1403.000000,306.000000
Wheatley Heights,40.7625,-73.3704,1400.000000,306.000000
North Great River,40.7599,-73.1678,1406.000000,306.000000
Deer Park,40.7623,-73.3219,1401.000000,306.000000
Lake Success,40.768,-73.7089,1390.000000,306.000000
Searingtown,40.7705,-73.6603,1392.000000,306.000000
Patchogue,40.7621,-73.0185,1410.000000,306.000000
Albertson,40.7715,-73.6482,1392.000000,306.000000
University Gardens,40.7751,-73.7279,1390.000000,306.000000
North Hills,40.7765,-73.6778,1391.000000,306.000000
Roslyn Heights,40.7787,-73.6396,1392.000000,306.000000
Bohemia,40.7717,-73.1271,1407.000000,306.000000
Russell Gardens,40.7809,-73.7254,1390.000000,306.000000
Manhattan,40.7834,-73.9662,1383.000000,306.000000
East Patchogue,40.7704,-72.9817,1411.000000,306.000000
Mastic Beach,40.7679,-72.8375,1415.000000,306.000000
Great Neck Estates,40.7857,-73.7396,1390.000000,306.000000
Melville,40.7823,-73.4088,1399.000000,306.000000
Plainview,40.7832,-73.4732,1397.000000,306.000000
Great Neck Plaza,40.7869,-73.7261,1390.000000,306.000000
Thomaston,40.7875,-73.7152,1390.000000,306.000000
Harbor Hills,40.7881,-73.7492,1389.000000,306.000000
Old Westbury,40.7866,-73.5975,1394.000000,306.000000
Manhasset,40.7884,-73.6943,1391.000000,306.000000
Jericho,40.7875,-73.5416,1395.000000,306.000000
Brentwood,40.7839,-73.2522,1403.000000,306.000000
Central Islip,40.7837,-73.1945,1405.000000,306.000000
Kensington,40.7931,-73.7221,1390.000000,306.000000
North Patchogue,40.7833,-73.0234,1410.000000,306.000000
West Hampton Dunes,40.7776,-72.7137,1419.000000,306.000000
Saddle Rock Estates,40.7939,-73.7414,1390.000000,306.000000
Roslyn Estates,40.7937,-73.6611,1392.000000,305.000000
Saddle Rock,40.7947,-73.7494,1389.000000,305.000000
East Hills,40.7958,-73.6292,1393.000000,305.000000
Great Neck Gardens,40.7969,-73.7229,1390.000000,305.000000
North Bellport,40.7868,-72.9457,1412.000000,305.000000
Munsey Park,40.799,-73.6799,1391.000000,305.000000
Roslyn,40.799,-73.6491,1392.000000,305.000000
Plandome Heights,40.8021,-73.7049,1391.000000,305.000000
Great Neck,40.8028,-73.7332,1390.000000,305.000000
Holbrook,40.7944,-73.0707,1408.000000,305.000000
Plandome,40.8069,-73.6996,1391.000000,305.000000
Shirley,40.7949,-72.8743,1414.000000,305.000000
Flower Hill,40.8075,-73.6755,1391.000000,305.000000
Dix Hills,40.8035,-73.337,1401.000000,305.000000
Ronkonkoma,40.804,-73.1258,1407.000000,305.000000
Greenvale,40.8118,-73.6262,1393.000000,305.000000
Brookville,40.8123,-73.5696,1394.000000,305.000000
Islandia,40.8068,-73.1711,1406.000000,305.000000
Plandome Manor,40.8146,-73.6979,1391.000000,305.000000
Center Moriches,40.8015,-72.796,1416.000000,305.000000
Kings Point,40.8162,-73.7407,1390.000000,305.000000
Roslyn Harbor,40.8157,-73.6378,1392.000000,305.000000
Syosset,40.8156,-73.502,1396.000000,305.000000
Moriches,40.807,-72.8235,1415.000000,305.000000
Woodbury,40.8177,-73.4703,1397.000000,305.000000
Holtsville,40.8124,-73.0447,1409.000000,305.000000
Mastic,40.8098,-72.8479,1415.000000,305.000000
West Hills,40.8198,-73.4339,1398.000000,304.000000
East Moriches,40.8097,-72.7581,1417.000000,304.000000
Westhampton Beach,40.808,-72.6457,1420.000000,304.000000
South Huntington,40.8225,-73.3921,1399.000000,304.000000
Port Washington,40.8268,-73.6764,1391.000000,304.000000
Muttontown,40.8254,-73.5363,1395.000000,304.000000
Hauppauge,40.8217,-73.2119,1404.000000,304.000000
Glenwood Landing,40.8295,-73.6378,1392.000000,304.000000
Medford,40.822,-72.9859,1411.000000,304.000000
Remsenburg-Speonk,40.8169,-72.7046,1419.000000,304.000000
Baxter Estates,40.8338,-73.6949,1391.000000,304.000000
Old Brookville,40.8332,-73.604,1393.000000,304.000000
Quiogue,40.8201,-72.628,1421.000000,304.000000
Lake Ronkonkoma,40.8308,-73.1112,1407.000000,304.000000
Quogue,40.8215,-72.5987,1422.000000,304.000000
Manorhaven,40.8399,-73.7127,1390.000000,304.000000
Port Washington North,40.8434,-73.7014,1391.000000,304.000000
Yaphank,40.8323,-72.9233,1413.000000,304.000000
Sea Cliff,40.8441,-73.6442,1392.000000,304.000000
Glen Head,40.845,-73.618,1393.000000,304.000000
Farmingville,40.8389,-73.0401,1409.000000,304.000000
Huntington Station,40.8446,-73.405,1399.000000,304.000000
Bronx,40.8501,-73.8662,1386.000000,304.000000
Westhampton,40.8325,-72.6617,1420.000000,304.000000
Upper Brookville,40.8475,-73.5628,1395.000000,304.000000
Commack,40.8443,-73.2834,1402.000000,304.000000
Elwood,40.8462,-73.3389,1401.000000,304.000000
East Norwich,40.8496,-73.5288,1396.000000,304.000000
Sands Point,40.8531,-73.7039,1391.000000,303.000000
Nesconset,40.8467,-73.1522,1406.000000,303.000000
Eastport,40.8407,-72.7251,1418.000000,303.000000
Laurel Hollow,40.8541,-73.4755,1397.000000,303.000000
Village of the Branch,40.8524,-73.1844,1405.000000,303.000000
Oyster Bay Cove,40.857,-73.5037,1396.000000,303.000000
Cold Spring Harbor,40.8608,-73.4488,1398.000000,303.000000
Matinecock,40.864,-73.5817,1394.000000,303.000000
Lake Grove,40.8586,-73.1168,1407.000000,303.000000
East Quogue,40.8489,-72.5783,1422.000000,303.000000
Greenlawn,40.863,-73.3642,1400.000000,303.000000
Manorville,40.8575,-72.7915,1416.000000,303.000000
Glen Cove,40.8709,-73.6287,1393.000000,303.000000
Gordon Heights,40.8645,-72.9678,1411.000000,303.000000
Centereach,40.8696,-73.0808,1408.000000,303.000000
Selden,40.8699,-73.0462,1409.000000,303.000000
Locust Valley,40.8782,-73.5884,1394.000000,303.000000
St. James,40.8761,-73.1521,1406.000000,302.000000
East Northport,40.8792,-73.3232,1401.000000,302.000000
Mill Neck,40.8839,-73.5582,1395.000000,302.000000
Cove Neck,40.8841,-73.5003,1396.000000,302.000000
Hampton Bays,40.8692,-72.5227,1424.000000,302.000000
Halesite,40.8864,-73.4139,1399.000000,302.000000
Coram,40.8813,-73.0059,1410.000000,302.000000
Pelham Manor,40.893,-73.8057,1388.000000,302.000000
Lattingtown,40.8922,-73.5966,1394.000000,302.000000
Kings Park,40.8887,-73.2452,1404.000000,302.000000
Middle Island,40.8857,-72.9454,1412.000000,302.000000
Centerport,40.8943,-73.3714,1400.000000,302.000000
Centre Island,40.9018,-73.5211,1396.000000,302.000000
Huntington Bay,40.9014,-73.4163,1399.000000,302.000000
Head of the Harbor,40.8981,-73.1624,1406.000000,302.000000
Northport,40.9036,-73.3446,1401.000000,302.000000
Shinnecock Hills,40.8878,-72.4554,1426.000000,302.000000
Nissequogue,40.9023,-73.1923,1405.000000,302.000000
Bayville,40.9076,-73.5602,1395.000000,302.000000
Flanders,40.8925,-72.6049,1422.000000,302.000000
Fort Salonga,40.906,-73.2992,1402.000000,302.000000
Mount Vernon,40.9136,-73.8291,1387.000000,301.000000
Stony Brook,40.906,-73.1278,1407.000000,301.000000
Lloyd Harbor,40.9139,-73.4618,1397.000000,301.000000
Stony Brook University,40.9099,-73.1213,1407.000000,301.000000
Terryville,40.909,-73.0492,1409.000000,301.000000
Ridge,40.9068,-72.8816,1414.000000,301.000000
Larchmont,40.9258,-73.7529,1389.000000,301.000000
Riverside,40.9093,-72.6699,1420.000000,301.000000
New Rochelle,40.9305,-73.7836,1388.000000,301.000000
Calverton,40.9163,-72.7645,1417.000000,301.000000
Port Jefferson Station,40.926,-73.0651,1409.000000,301.000000
Eatons Neck,40.9328,-73.3951,1399.000000,301.000000
Bronxville,40.9394,-73.8263,1387.000000,301.000000
Asharoken,40.938,-73.3815,1400.000000,300.000000
Yonkers,40.9466,-73.8674,1386.000000,300.000000
Water Mill,40.9222,-72.3532,1429.000000,300.000000
Rocky Point,40.9357,-72.9364,1412.000000,300.000000
Mount Sinai,40.9372,-73.018,1410.000000,300.000000
Miller Place,40.9374,-72.9864,1411.000000,300.000000
Tuckahoe,40.953,-73.823,1387.000000,300.000000
North Sea,40.933,-72.4047,1427.000000,300.000000
Sagaponack,40.9302,-72.2726,1431.000000,300.000000
Port Jefferson,40.9465,-73.0579,1409.000000,300.000000
East Shoreham,40.946,-72.8811,1414.000000,300.000000
Wading River,40.9464,-72.823,1415.000000,300.000000
Aquebogue,40.9425,-72.6149,1421.000000,300.000000
Poquott,40.9529,-73.0903,1408.000000,300.000000
Bridgehampton,40.9427,-72.3101,1430.000000,300.000000
Sound Beach,40.9578,-72.9726,1411.000000,300.000000
Shoreham,40.9571,-72.9072,1413.000000,300.000000
Old Field,40.9614,-73.1324,1407.000000,300.000000
Belle Terre,40.9607,-73.0672,1409.000000,300.000000
Jamesport,40.9546,-72.5807,1422.000000,299.000000
Baiting Hollow,40.9645,-72.7402,1418.000000,299.000000
Wainscott,40.9592,-72.2508,1432.000000,299.000000
Hastings-on-Hudson,40.9902,-73.8801,1386.000000,299.000000
Scarsdale,40.9902,-73.7773,1389.000000,299.000000
Northville,40.9723,-72.618,1421.000000,299.000000
Laurel,40.9728,-72.556,1423.000000,299.000000
Greenville,40.9981,-73.8194,1387.000000,299.000000
East Hampton North,40.9725,-72.1889,1433.000000,299.000000
Port Chester,41.0052,-73.668,1392.000000,298.000000
Noyack,40.9827,-72.335,1429.000000,298.000000
Dobbs Ferry,41.0127,-73.8698,1386.000000,298.000000
Ardsley,41.0135,-73.8395,1387.000000,298.000000
Amagansett,40.9844,-72.1326,1435.000000,298.000000
Hartsdale,41.0153,-73.8036,1388.000000,298.000000
New Suffolk,40.9961,-72.4767,1425.000000,298.000000
Mattituck,41.0012,-72.5419,1423.000000,298.000000
White Plains,41.022,-73.7549,1389.000000,298.000000
Sag Harbor,40.997,-72.2892,1430.000000,298.000000
Harrison,41.0233,-73.7192,1390.000000,298.000000
Tappan,41.0269,-73.952,1384.000000,298.000000
Napeague,40.995,-72.0707,1437.000000,298.000000
Sparkill,41.0289,-73.9333,1384.000000,298.000000
Rye Brook,41.0303,-73.6865,1391.000000,297.000000
Northwest Harbor,41.0053,-72.222,1432.000000,297.000000
Irvington,41.0349,-73.8661,1386.000000,297.000000
Cutchogue,41.0167,-72.4872,1425.000000,297.000000
Piermont,41.0423,-73.915,1385.000000,297.000000
Orangeburg,41.0488,-73.9407,1384.000000,297.000000
North Haven,41.023,-72.314,1430.000000,297.000000
Springs,41.0212,-72.1584,1434.000000,297.000000
Elmsford,41.0541,-73.8143,1387.000000,297.000000
Pearl River,41.0615,-74.0047,1382.000000,297.000000
Peconic,41.0381,-72.4608,1426.000000,297.000000
Grand View-on-Hudson,41.0627,-73.9208,1384.000000,296.000000
Tarrytown,41.0647,-73.8673,1386.000000,296.000000
Blauvelt,41.0689,-73.9545,1384.000000,296.000000
Valhalla,41.0775,-73.778,1389.000000,296.000000
Montauk,41.0471,-71.9449,1431.000000,296.000000
South Nyack,41.0798,-73.9127,1385.000000,296.000000
Chestnut Ridge,41.0829,-74.0551,1381.000000,296.000000
West Nyack,41.0907,-73.9714,1383.000000,296.000000
Nyack,41.0919,-73.9143,1385.000000,295.000000
Sleepy Hollow,41.0936,-73.8724,1386.000000,295.000000
Nanuet,41.0957,-74.0155,1382.000000,295.000000
Airmont,41.0992,-74.099,1379.000000,295.000000
Shelter Island Heights,41.0745,-72.3434,1429.000000,295.000000
Hawthorne,41.1035,-73.7969,1388.000000,295.000000
Suffern,41.1138,-74.1421,1378.000000,295.000000
Bardonia,41.1129,-73.9823,1383.000000,295.000000
Spring Valley,41.1151,-74.0486,1381.000000,295.000000
Upper Nyack,41.1143,-73.9057,1385.000000,295.000000
Valley Cottage,41.116,-73.9436,1384.000000,295.000000
Monsey,41.1181,-74.0681,1380.000000,295.000000
Dering Harbor,41.0931,-72.3417,1429.000000,295.000000
Thornwood,41.1185,-73.7796,1388.000000,295.000000
Kaser,41.1214,-74.0686,1380.000000,295.000000
Hillburn,41.1264,-74.1705,1377.000000,294.000000
Greenport West,41.1022,-72.3759,1428.000000,294.000000
Viola,41.1287,-74.0855,1380.000000,294.000000
Hillcrest,41.1298,-74.035,1381.000000,294.000000
Montebello,41.1317,-74.1134,1379.000000,294.000000
Armonk,41.132,-73.7137,1390.000000,294.000000
Pleasantville,41.1378,-73.7827,1388.000000,294.000000
New Square,41.141,-74.0294,1381.000000,294.000000
Briarcliff Manor,41.14,-73.844,1387.000000,294.000000
New Hempstead,41.1488,-74.0485,1381.000000,294.000000
Congers,41.1484,-73.9456,1384.000000,294.000000
New City,41.1543,-73.9909,1383.000000,293.000000
East Marion,41.1291,-72.342,1429.000000,293.000000
Wesley Hills,41.1579,-74.0768,1380.000000,293.000000
Sloatsburg,41.162,-74.1902,1377.000000,293.000000
Chappaqua,41.1601,-73.7672,1389.000000,293.000000
Orient,41.1425,-72.277,1431.000000,293.000000
Pomona,41.1892,-74.0543,1381.000000,292.000000
Mount Ivy,41.1926,-74.0297,1381.000000,292.000000
Scotts Corners,41.1889,-73.5561,1395.000000,292.000000
Tuxedo Park,41.2008,-74.206,1376.000000,292.000000
Croton-on-Hudson,41.2005,-73.9002,1385.000000,292.000000
Mount Kisco,41.2018,-73.7282,1390.000000,292.000000
West Haverstraw,41.2063,-73.9883,1383.000000,292.000000
Thiells,41.2067,-74.0122,1382.000000,292.000000
Greenwood Lake,41.2215,-74.2891,1374.000000,291.000000
Crugers,41.2279,-73.926,1384.000000,291.000000
Bedford Hills,41.2362,-73.6959,1391.000000,290.000000
Montrose,41.2455,-73.9376,1384.000000,290.000000
Verplanck,41.2558,-73.9585,1383.000000,290.000000
Katonah,41.2559,-73.6856,1391.000000,290.000000
Buchanan,41.2643,-73.9465,1384.000000,290.000000
Yorktown Heights,41.2696,-73.7755,1389.000000,289.000000
Peekskill,41.2883,-73.9227,1384.000000,289.000000
Golden's Bridge,41.2877,-73.6681,1392.000000,289.000000
Crompond,41.2908,-73.8357,1387.000000,289.000000
Unionville,41.3013,-74.5619,1366.000000,289.000000
Fishers Island,41.2702,-71.9878,1429.000000,288.000000
Harriman,41.3088,-74.1444,1378.000000,288.000000
Walton Park,41.3118,-74.2249,1376.000000,288.000000
Lake Mohegan,41.3165,-73.8475,1387.000000,288.000000
Jefferson Valley-Yorktown,41.3179,-73.8007,1388.000000,288.000000
Shrub Oak,41.3256,-73.8295,1387.000000,288.000000
Woodbury,41.3284,-74.1004,1379.000000,288.000000
Florida,41.3312,-74.3533,1372.000000,287.000000
Shenorock,41.3307,-73.7409,1390.000000,287.000000
Lincolndale,41.336,-73.7254,1390.000000,287.000000
Kiryas Joel,41.3406,-74.166,1378.000000,287.000000
Fort Montgomery,41.3401,-73.9853,1383.000000,287.000000
Heritage Hills,41.3398,-73.7016,1391.000000,287.000000
Chester,41.357,-74.2769,1374.000000,287.000000
West Point,41.3642,-74.0118,1382.000000,286.000000
Highland Falls,41.3643,-73.9683,1383.000000,286.000000
Mahopac,41.3684,-73.7401,1390.000000,286.000000
South Blooming Grove,41.3735,-74.179,1377.000000,286.000000
Peach Lake,41.3682,-73.5778,1394.000000,286.000000
Port Jervis,41.3783,-74.6909,1363.000000,286.000000
Mountain Lodge Park,41.3862,-74.1389,1378.000000,286.000000
Brewster,41.3969,-73.6151,1393.000000,285.000000
Carmel Hamlet,41.415,-73.6855,1391.000000,284.000000
Cold Spring,41.4191,-73.9545,1384.000000,284.000000
Brewster Hill,41.4228,-73.6069,1393.000000,284.000000
Washingtonville,41.4296,-74.1578,1378.000000,284.000000
Nelsonville,41.4291,-73.9466,1384.000000,284.000000
Salisbury Mills,41.4308,-74.1098,1379.000000,284.000000
Cornwall-on-Hudson,41.4369,-74.0145,1382.000000,284.000000
Firthcliffe,41.4409,-74.0353,1381.000000,284.000000
Middletown,41.4459,-74.4236,1370.000000,284.000000
Beaver Dam Lake,41.4441,-74.1178,1379.000000,284.000000
Mechanicstown,41.4472,-74.3914,1371.000000,284.000000
Vails Gate,41.4587,-74.0533,1381.000000,283.000000
Lake Carmel,41.4612,-73.6681,1392.000000,283.000000
Washington Heights,41.4693,-74.4179,1370.000000,283.000000
Otisville,41.4714,-74.5397,1367.000000,283.000000
Scotchtown,41.4759,-74.3682,1372.000000,283.000000
Putnam Lake,41.4747,-73.5483,1395.000000,282.000000
Maybrook,41.4881,-74.2131,1376.000000,282.000000
Beacon,41.5036,-73.9655,1383.000000,282.000000
Balmville,41.5281,-74.0234,1382.000000,281.000000
Orange Lake,41.5319,-74.0936,1380.000000,281.000000
Gardnertown,41.5328,-74.0594,1381.000000,281.000000
Merritt Park,41.5385,-73.8724,1386.000000,280.000000
Bloomingburg,41.5519,-74.4437,1370.000000,280.000000
Brinckerhoff,41.5511,-73.8696,1386.000000,280.000000
Walden,41.5603,-74.1879,1377.000000,280.000000
Wurtsboro,41.5761,-74.4856,1369.000000,279.000000
Hopewell Junction,41.5787,-73.8078,1388.000000,279.000000
Myers Corner,41.5947,-73.8744,1386.000000,278.000000
Narrowsburg,41.6006,-75.0579,1353.000000,278.000000
Wappingers Falls,41.5984,-73.9182,1385.000000,278.000000
Marlboro,41.6028,-73.9774,1383.000000,278.000000
Pine Bush,41.6094,-74.2966,1374.000000,278.000000
Rock Hill,41.6153,-74.5821,1366.000000,278.000000
Hillside Lake,41.6191,-73.7944,1388.000000,278.000000
Watchtower,41.6371,-74.2633,1375.000000,277.000000
Walker Valley,41.6386,-74.3775,1372.000000,277.000000
Crown Heights,41.6416,-73.9287,1384.000000,277.000000
Monticello,41.6522,-74.6876,1363.000000,277.000000
Red Oaks Mill,41.6522,-73.8746,1386.000000,276.000000
Smallwood,41.6595,-74.8202,1359.000000,276.000000
Spackenkill,41.6549,-73.9102,1385.000000,276.000000
Milton,41.6587,-73.9664,1383.000000,276.000000
Cragsmoor,41.6664,-74.3905,1371.000000,276.000000
Titusville,41.6663,-73.8633,1386.000000,276.000000
Freedom Plains,41.6695,-73.7974,1388.000000,276.000000
Clintondale,41.6927,-74.0458,1381.000000,275.000000
Poughkeepsie,41.6949,-73.921,1384.000000,275.000000
Arlington,41.6958,-73.8988,1385.000000,275.000000
Ellenville,41.7009,-74.3609,1372.000000,275.000000
Woodridge,41.7122,-74.574,1366.000000,275.000000
South Fallsburg,41.7218,-74.635,1364.000000,274.000000
Highland,41.7179,-73.9646,1383.000000,274.000000
Fairview,41.732,-73.9139,1385.000000,274.000000
Dover Plains,41.7395,-73.5734,1394.000000,273.000000
Napanoch,41.7514,-74.3729,1372.000000,273.000000
Hortonville,41.7661,-75.0221,1354.000000,273.000000
Haviland,41.7682,-73.9007,1385.000000,273.000000
Loch Sheldrake,41.7733,-74.6558,1364.000000,273.000000
Jeffersonville,41.7799,-74.9298,1356.000000,272.000000
Kerhonkson,41.7797,-74.2956,1374.000000,272.000000
Millbrook,41.7842,-73.6937,1391.000000,272.000000
Accord,41.7972,-74.2319,1376.000000,272.000000
Salt Point,41.806,-73.7901,1388.000000,271.000000
High Falls,41.8275,-74.1184,1379.000000,271.000000
Rifton,41.8288,-74.0381,1381.000000,271.000000
Tillson,41.8316,-74.0696,1380.000000,270.000000
Stone Ridge,41.8414,-74.1539,1378.000000,270.000000
Rosendale Hamlet,41.8503,-74.0738,1380.000000,270.000000
Staatsburg,41.8553,-73.9256,1384.000000,270.000000
Livingston Manor,41.8935,-74.8265,1359.000000,268.000000
Port Ewen,41.9048,-73.9776,1383.000000,268.000000
Hillside,41.9177,-74.0336,1381.000000,268.000000
Rhinecliff,41.9223,-73.9441,1384.000000,267.000000
Kingston,41.9295,-73.9968,1382.000000,267.000000
Roscoe,41.9403,-74.9132,1357.000000,267.000000
East Kingston,41.9523,-73.9704,1383.000000,266.000000
Lincoln Park,41.9559,-74.0016,1382.000000,266.000000
Millerton,41.9533,-73.5112,1396.000000,266.000000
Shokan,41.9809,-74.213,1376.000000,265.000000
Lake Katrine,41.9863,-73.9895,1382.000000,265.000000
West Hurley,42.0083,-74.1121,1379.000000,264.000000
Waverly,42.0119,-76.5406,1311.000000,264.000000
Zena,42.0209,-74.0855,1380.000000,264.000000
Wellsburg,42.0127,-76.7298,1306.000000,264.000000
Limestone,42.0228,-78.6325,1261.000000,263.000000
Glasco,42.0461,-73.9487,1384.000000,263.000000
Tivoli,42.0587,-73.9119,1385.000000,263.000000
Saugerties South,42.0614,-73.9506,1384.000000,263.000000
Frewsburg,42.0576,-79.1482,1247.000000,262.000000
Apalachin,42.0705,-76.1626,1322.000000,262.000000
Phoenicia,42.0789,-74.3088,1373.000000,262.000000
Downsville,42.0818,-74.998,1354.000000,262.000000
Panama,42.0747,-79.485,1237.000000,262.000000
Binghamton University,42.0893,-75.9684,1327.000000,262.000000
Malden-on-Hudson,42.0933,-73.9365,1384.000000,262.000000
Jamestown West,42.0886,-79.2811,1243.000000,261.000000
West Elmira,42.0879,-76.8473,1302.000000,261.000000
Endicott,42.098,-76.0639,1324.000000,261.000000
Binghamton,42.1014,-75.9093,1329.000000,261.000000
Weston Mills,42.0752,-78.3727,1268.000000,261.000000
Elmira,42.0938,-76.8097,1303.000000,261.000000
St. Bonaventure,42.0806,-78.475,1266.000000,261.000000
Olean,42.0819,-78.4321,1267.000000,261.000000
Jamestown,42.0975,-79.2366,1244.000000,261.000000
Stannards,42.0741,-77.9123,1272.000000,261.000000
Lakewood,42.0991,-79.32,1242.000000,261.000000
Copake Hamlet,42.1041,-73.5494,1395.000000,261.000000
Celoron,42.1053,-79.2777,1243.000000,261.000000
Endwell,42.1185,-76.0219,1325.000000,261.000000
Richburg,42.0887,-78.1565,1275.000000,261.000000
Johnson City,42.123,-75.9624,1327.000000,261.000000
Taconic Shores,42.1192,-73.5532,1395.000000,261.000000
Copake Falls,42.1202,-73.5247,1395.000000,260.000000
Pine Hill,42.1308,-74.4668,1369.000000,260.000000
Falconer,42.119,-79.1973,1245.000000,260.000000
Port Dickinson,42.1361,-75.8939,1329.000000,260.000000
Elmira Heights,42.1267,-76.8255,1303.000000,260.000000
South Corning,42.1262,-77.0356,1297.000000,260.000000
Margaretville,42.1458,-74.6503,1364.000000,260.000000
Copake Lake,42.1416,-73.5903,1394.000000,260.000000
Fleischmanns,42.1552,-74.5335,1367.000000,260.000000
Corning,42.147,-77.0561,1297.000000,259.000000
Gang Mills,42.1534,-77.123,1295.000000,259.000000
Kennedy,42.159,-79.0982,1248.000000,259.000000
Bemus Point,42.1635,-79.3895,1240.000000,259.000000
Chenango Bridge,42.1716,-75.8586,1330.000000,259.000000
Palenville,42.1773,-74.0229,1381.000000,259.000000
Painted Post,42.1633,-77.0925,1296.000000,259.000000
Salamanca,42.1631,-78.7233,1259.000000,259.000000
East Randolph,42.1692,-78.9521,1252.000000,259.000000
Breesport,42.1816,-76.7358,1306.000000,258.000000
Tannersville,42.1937,-74.1353,1378.000000,258.000000
Coopers Plains,42.1794,-77.1376,1294.000000,258.000000
Horseheads North,42.1928,-76.8078,1303.000000,258.000000
Claverack-Red Mills,42.2263,-73.7269,1390.000000,257.000000
Jefferson Heights,42.2361,-73.8822,1385.000000,257.000000
Pine Valley,42.2273,-76.8469,1302.000000,257.000000
Philmont,42.2477,-73.6463,1392.000000,256.000000
Hudson,42.2515,-73.7859,1388.000000,256.000000
Leeds,42.2529,-73.894,1385.000000,256.000000
Belmont,42.2226,-78.0328,1278.000000,256.000000
Mayville,42.2532,-79.5031,1237.000000,256.000000
Glen Aubrey,42.2623,-76.0002,1326.000000,256.000000
Lorenz Park,42.2669,-73.77,1389.000000,256.000000
Sinclairville,42.2653,-79.2591,1244.000000,255.000000
Millport,42.2681,-76.8363,1303.000000,255.000000
Stottville,42.2913,-73.7532,1389.000000,255.000000
Savona,42.283,-77.2238,1292.000000,255.000000
Bloomville,42.3338,-74.818,1359.000000,254.000000
Whitney Point,42.3303,-75.9679,1327.000000,254.000000
Franklin,42.3416,-75.1659,1349.000000,253.000000
Odessa,42.335,-76.7881,1304.000000,253.000000
Cattaraugus,42.33,-78.8671,1255.000000,253.000000
Cassadaga,42.3427,-79.318,1242.000000,253.000000
Hornell,42.3332,-77.6633,1280.000000,253.000000
Montour Falls,42.3499,-76.8483,1302.000000,253.000000
Newfield Hamlet,42.3582,-76.5923,1310.000000,252.000000
Hobart,42.3715,-74.6691,1363.000000,252.000000
North Hornell,42.3454,-77.6605,1280.000000,252.000000
South Dayton,42.3628,-79.051,1249.000000,252.000000
Watkins Glen,42.3801,-76.8673,1302.000000,251.000000
Smithville Flats,42.3943,-75.8105,1331.000000,251.000000
Brocton,42.39,-79.4429,1238.000000,251.000000
South Hill,42.4113,-76.4883,1312.000000,251.000000
Valatie,42.4134,-73.6778,1391.000000,251.000000
Arkport,42.3926,-77.6955,1279.000000,250.000000
West Valley,42.4036,-78.6115,1262.000000,250.000000
Hammondsport,42.4082,-77.2236,1292.000000,250.000000
Burdett,42.4169,-76.8441,1303.000000,250.000000
Preston-Potter Hollow,42.433,-74.2287,1376.000000,250.000000
East Ithaca,42.4263,-76.4627,1313.000000,250.000000
Davenport Center,42.4459,-74.9088,1357.000000,250.000000
Fredonia,42.4407,-79.3319,1241.000000,250.000000
Ithaca,42.4442,-76.5032,1312.000000,249.000000
Oneonta,42.4551,-75.0666,1352.000000,249.000000
Niverville,42.4484,-73.6497,1392.000000,249.000000
Lime Lake,42.4327,-78.4808,1265.000000,249.000000
Forest Home,42.453,-76.4702,1313.000000,249.000000
Houghton,42.4277,-78.1615,1274.000000,249.000000
West End,42.4667,-75.0969,1351.000000,249.000000
Gilbertsville,42.4694,-75.3226,1345.000000,249.000000
Cayuga Heights,42.468,-76.4876,1313.000000,249.000000
Northeast Ithaca,42.4703,-76.4623,1313.000000,249.000000
Gowanda,42.4612,-78.9339,1253.000000,249.000000
Northwest Ithaca,42.4706,-76.5414,1311.000000,249.000000
Ravena,42.4755,-73.8113,1387.000000,249.000000
Forestville,42.4691,-79.1754,1246.000000,248.000000
Dunkirk,42.4803,-79.3323,1241.000000,248.000000
Canaseraga,42.4618,-77.7773,1276.000000,248.000000
Fillmore,42.4669,-78.1107,1276.000000,248.000000
Delevan,42.4913,-78.4796,1265.000000,247.000000
Freeville,42.5114,-76.3457,1316.000000,247.000000
Springville,42.5084,-78.6696,1260.000000,247.000000
Norwich,42.5333,-75.5227,1340.000000,247.000000
Castleton-on-Hudson,42.5332,-73.7493,1389.000000,247.000000
Dundee,42.5236,-76.9775,1299.000000,247.000000
East Nassau,42.533,-73.5085,1396.000000,246.000000
Schenevus,42.5497,-74.827,1359.000000,246.000000
Trumansburg,42.541,-76.6618,1308.000000,246.000000
Silver Creek,42.5426,-79.1677,1246.000000,246.000000
Blodgett Mills,42.5665,-76.1329,1322.000000,245.000000
Sunset Bay,42.5607,-79.1308,1247.000000,245.000000
Dalton,42.5422,-77.952,1272.000000,245.000000
Munsons Corners,42.5761,-76.2053,1320.000000,245.000000
Hunt,42.5477,-77.991,1270.000000,245.000000
Dansville,42.5625,-77.6968,1279.000000,245.000000
McGraw,42.5938,-76.0975,1323.000000,245.000000
Cortland West,42.5942,-76.2258,1320.000000,245.000000
Cumminsville,42.5706,-77.7189,1278.000000,244.000000
Cortland,42.6004,-76.1784,1321.000000,244.000000
Farnham,42.5951,-79.0809,1248.000000,244.000000
Woodsville,42.579,-77.7338,1278.000000,244.000000
Bliss,42.5801,-78.2538,1272.000000,244.000000
Byersville,42.5839,-77.7914,1276.000000,244.000000
Hampton Manor,42.6214,-73.7279,1390.000000,244.000000
Keuka Park,42.6123,-77.0916,1296.000000,243.000000
Interlaken,42.6189,-76.7251,1306.000000,243.000000
Lake Erie Beach,42.6242,-79.0786,1249.000000,243.000000
Averill Park,42.6361,-73.5529,1395.000000,243.000000
West Sand Lake,42.6403,-73.6032,1393.000000,243.000000
Rensselaer,42.6465,-73.7328,1390.000000,243.000000
Angola,42.6379,-79.0295,1250.000000,243.000000
Voorheesville,42.6518,-73.9349,1384.000000,243.000000
Springwater Hamlet,42.635,-77.5964,1282.000000,242.000000
Angola on the Lake,42.655,-79.0523,1249.000000,242.000000
Albany,42.6664,-73.7987,1388.000000,242.000000
Penn Yan,42.6608,-77.0536,1297.000000,242.000000
Kysorville,42.6528,-77.7948,1276.000000,242.000000
Westmere,42.6883,-73.8744,1386.000000,241.000000
Scottsburg,42.6639,-77.7124,1278.000000,241.000000
Wynantskill,42.6881,-73.6467,1392.000000,241.000000
Websters Crossing,42.6661,-77.6373,1280.000000,241.000000
Groveland Station,42.6634,-77.7666,1277.000000,241.000000
Silver Springs,42.6605,-78.0855,1276.000000,241.000000
Menands,42.691,-73.7271,1390.000000,241.000000
North Boston,42.6773,-78.7797,1257.000000,241.000000
Cooperstown,42.6996,-74.93,1356.000000,241.000000
Central Bridge,42.7068,-74.3473,1372.000000,241.000000
Altamont,42.7055,-74.034,1381.000000,241.000000
Watervliet,42.7243,-73.7068,1390.000000,240.000000
Strykersville,42.708,-78.4483,1266.000000,240.000000
Earlville,42.7401,-75.5436,1339.000000,240.000000
Troy,42.7354,-73.6751,1391.000000,240.000000
Delanson,42.7474,-74.1841,1377.000000,239.000000
Green Island,42.7474,-73.6925,1391.000000,239.000000
Duane Lake,42.7526,-74.1089,1379.000000,239.000000
Conesus Hamlet,42.7262,-77.6696,1280.000000,239.000000
Wanakah,42.7434,-78.9028,1253.000000,239.000000
Cohoes,42.7732,-73.7077,1390.000000,238.000000
Rushville,42.7607,-77.2274,1292.000000,238.000000
East Aurora,42.7666,-78.6172,1261.000000,238.000000
Sharon Springs,42.793,-74.6129,1365.000000,238.000000
Schenectady,42.8025,-73.9276,1384.000000,237.000000
Conesus Lake,42.7756,-77.7135,1278.000000,237.000000
Billington Heights,42.7862,-78.6237,1261.000000,237.000000
Cuylerville,42.7777,-77.8737,1274.000000,237.000000
Hall,42.7965,-77.0679,1296.000000,237.000000
Blasdell,42.7966,-78.8324,1255.000000,237.000000
Honeoye,42.7901,-77.5149,1284.000000,237.000000
Hemlock,42.7937,-77.6073,1281.000000,237.000000
Mariaville Lake,42.8252,-74.1286,1378.000000,237.000000
Crystal Beach,42.8095,-77.2582,1291.000000,237.000000
Scotia,42.8321,-73.9607,1383.000000,237.000000
Ames,42.8373,-74.6016,1365.000000,236.000000
Lackawanna,42.8182,-78.8326,1255.000000,236.000000
Livonia Center,42.821,-77.642,1280.000000,236.000000
Elma Center,42.8282,-78.6342,1261.000000,236.000000
Richfield Springs,42.8537,-74.9862,1355.000000,236.000000
Wadsworth,42.8214,-77.8939,1273.000000,236.000000
Union Springs,42.8458,-76.691,1307.000000,236.000000
Wyoming,42.824,-78.0842,1276.000000,236.000000
East Glenville,42.8614,-73.9206,1384.000000,235.000000
Greigsville,42.8307,-77.9015,1273.000000,235.000000
Piffard,42.8319,-77.8584,1274.000000,235.000000
Lakeville,42.8367,-77.7032,1279.000000,235.000000
Retsof,42.8325,-77.8757,1274.000000,235.000000
Geneva,42.8644,-76.9827,1299.000000,235.000000
West Winfield,42.8838,-75.1914,1349.000000,235.000000
South Lima,42.8575,-77.6761,1279.000000,235.000000
Morrisville,42.8987,-75.6448,1336.000000,234.000000
York Hamlet,42.8696,-77.8872,1273.000000,234.000000
Valley Falls,42.9006,-73.5627,1394.000000,234.000000
Mechanicville,42.9037,-73.6895,1391.000000,234.000000
Town Line,42.8858,-78.561,1263.000000,234.000000
Hoosick Falls,42.9009,-73.35,1400.000000,234.000000
Sloan,42.8921,-78.7918,1256.000000,234.000000
Palatine Bridge,42.9143,-74.5756,1366.000000,234.000000
Melrose Park,42.9085,-76.5263,1312.000000,234.000000
Country Knolls,42.9141,-73.8062,1387.000000,234.000000
Buffalo,42.9016,-78.8487,1255.000000,234.000000
Bloomfield,42.8991,-77.4241,1286.000000,234.000000
Fowlerville,42.894,-77.8481,1275.000000,233.000000
Waterville,42.9306,-75.3802,1344.000000,233.000000
Cayuga,42.9191,-76.7265,1306.000000,233.000000
Fort Plain,42.9316,-74.6277,1365.000000,233.000000
Nelliston,42.9318,-74.6099,1365.000000,233.000000
Linwood,42.8967,-77.9476,1272.000000,233.000000
Depew,42.9117,-78.7044,1259.000000,233.000000
Oriskany Falls,42.938,-75.4636,1341.000000,233.000000
Round Lake,42.9376,-73.7958,1388.000000,233.000000
Auburn,42.9338,-76.5684,1310.000000,233.000000
East Avon,42.9128,-77.7072,1279.000000,233.000000
Amsterdam,42.942,-74.1907,1377.000000,233.000000
Fultonville,42.9463,-74.3704,1372.000000,233.000000
Tribes Hill,42.9479,-74.2988,1374.000000,233.000000
Fonda,42.9536,-74.372,1372.000000,232.000000
Fort Johnson,42.9591,-74.2381,1375.000000,232.000000
Clayville,42.9754,-75.2488,1347.000000,232.000000
Hagaman,42.9728,-74.1545,1378.000000,232.000000
Shortsville,42.9555,-77.2228,1292.000000,232.000000
Munnsville,42.9765,-75.5865,1338.000000,232.000000
Clifton Springs,42.9608,-77.1348,1295.000000,232.000000
Nedrow,42.9779,-76.1417,1322.000000,232.000000
Kenmore,42.9646,-78.8713,1254.000000,232.000000
Williamsville,42.9623,-78.7418,1258.000000,231.000000
Honeoye Falls,42.9557,-77.5903,1282.000000,231.000000
Eggertsville,42.9665,-78.8065,1256.000000,231.000000
Corfu,42.9611,-78.4026,1267.000000,231.000000
Harris Hill,42.973,-78.6793,1260.000000,231.000000
Grandyle Village,42.9866,-78.9524,1252.000000,231.000000
Johnstown,43.0073,-74.3755,1372.000000,231.000000
Ilion,43.0114,-75.0396,1353.000000,231.000000
Ballston Spa,43.0068,-73.8525,1386.000000,231.000000
University at Buffalo,43.0025,-78.7887,1257.000000,230.000000
North Ballston Spa,43.0197,-73.851,1386.000000,230.000000
Chadwicks,43.0291,-75.271,1347.000000,230.000000
Tonawanda,43.0105,-78.8805,1254.000000,230.000000
Clarence Center,43.0085,-78.6308,1261.000000,230.000000
Batavia,42.9987,-78.1802,1274.000000,230.000000
Fayetteville,43.0308,-75.9985,1326.000000,230.000000
Akron,43.0179,-78.4978,1265.000000,229.000000
Little Falls,43.0452,-74.8566,1358.000000,229.000000
Westvale,43.04,-76.2177,1320.000000,229.000000
Syracuse,43.0409,-76.1438,1322.000000,229.000000
Port Byron,43.0366,-76.6263,1309.000000,229.000000
Fairmount,43.0414,-76.2485,1319.000000,229.000000
Washington Mills,43.0479,-75.2811,1346.000000,229.000000
Clinton,43.0488,-75.3785,1344.000000,229.000000
Chittenango,43.0462,-75.8749,1330.000000,229.000000
Gloversville,43.0491,-74.3465,1372.000000,229.000000
Port Gibson,43.0334,-77.1576,1294.000000,229.000000
Scottsville,43.0221,-77.7555,1277.000000,229.000000
Weedsport,43.0482,-76.5637,1310.000000,229.000000
Newark,43.0418,-77.093,1296.000000,229.000000
Solvay,43.0573,-76.2126,1320.000000,229.000000
North Tonawanda,43.0457,-78.8659,1254.000000,229.000000
East Syracuse,43.0637,-76.0697,1324.000000,229.000000
Sherrill,43.0704,-75.5992,1337.000000,229.000000
Saratoga Springs,43.0674,-73.7775,1388.000000,228.000000
Jordan,43.0671,-76.4728,1313.000000,228.000000
Minoa,43.0742,-76.0085,1326.000000,228.000000
Oneida,43.0769,-75.6621,1336.000000,228.000000
Wampsville,43.0772,-75.7097,1334.000000,228.000000
Oneida Castle,43.0814,-75.6331,1336.000000,228.000000
Canastota,43.0835,-75.7559,1333.000000,228.000000
Lyncourt,43.0821,-76.1264,1323.000000,228.000000
Clark Mills,43.0895,-75.3757,1344.000000,228.000000
Galeville,43.0889,-76.1815,1321.000000,228.000000
Utica,43.0961,-75.226,1348.000000,228.000000
Lakeland,43.0908,-76.2426,1319.000000,228.000000
Clyde,43.0839,-76.8707,1302.000000,228.000000
New York Mills,43.1007,-75.2932,1346.000000,228.000000
Dolgeville,43.1031,-74.7749,1360.000000,227.000000
Mattydale,43.0992,-76.1388,1322.000000,227.000000
Niagara Falls,43.0921,-79.0147,1250.000000,227.000000
Schuylerville,43.1015,-73.5808,1394.000000,227.000000
Liverpool,43.1061,-76.2093,1320.000000,227.000000
Yorkville,43.1124,-75.2739,1346.000000,227.000000
Rapids,43.0976,-78.644,1261.000000,227.000000
Whitesboro,43.124,-75.2966,1346.000000,227.000000
Durhamville,43.1225,-75.665,1336.000000,227.000000
Fairport,43.099,-77.4427,1286.000000,227.000000
Seneca Knolls,43.12,-76.2874,1318.000000,227.000000
Caroga Lake,43.1353,-74.481,1369.000000,226.000000
Middleville,43.1384,-74.9707,1355.000000,226.000000
East Rochester,43.112,-77.4869,1285.000000,226.000000
North Syracuse,43.1339,-76.1306,1323.000000,226.000000
Village Green,43.1324,-76.3108,1318.000000,226.000000
Churchville,43.1036,-77.8824,1274.000000,226.000000
Oriskany,43.1569,-75.3336,1345.000000,226.000000
Bridgeport,43.1545,-75.9734,1327.000000,226.000000
South Lockport,43.1377,-78.6864,1259.000000,226.000000
Baldwinsville,43.157,-76.3318,1317.000000,225.000000
Sanborn,43.1451,-78.8777,1254.000000,225.000000
Meridian,43.163,-76.5382,1311.000000,225.000000
Lockport,43.1698,-78.6956,1259.000000,224.000000
Rochester,43.168,-77.6162,1281.000000,224.000000
North Rose,43.1872,-76.8864,1302.000000,224.000000
North Gates,43.1718,-77.7064,1279.000000,224.000000
Sylvan Beach,43.2061,-75.7234,1334.000000,224.000000
Gasport,43.195,-78.5764,1262.000000,223.000000
Spencerport,43.1882,-77.8069,1276.000000,223.000000
Rome,43.226,-75.4909,1340.000000,223.000000
Phoenix,43.2316,-76.2961,1318.000000,223.000000
Middleport,43.2117,-78.4757,1265.000000,223.000000
Cold Brook,43.2399,-75.0389,1353.000000,223.000000
Brewerton,43.2344,-76.1411,1322.000000,223.000000
Holland Patent,43.2413,-75.2566,1347.000000,223.000000
Cleveland,43.2398,-75.8847,1329.000000,223.000000
Medina,43.2197,-78.3888,1268.000000,223.000000
Brockport,43.2137,-77.9404,1272.000000,222.000000
Ransomville,43.2389,-78.9114,1253.000000,222.000000
Red Creek,43.2488,-76.7225,1306.000000,222.000000
Sand Ridge,43.2559,-76.2317,1320.000000,222.000000
Holley,43.2247,-78.0292,1278.000000,222.000000
Youngstown,43.2486,-79.0444,1249.000000,222.000000
Albion,43.246,-78.1902,1273.000000,221.000000
Sodus Point,43.2641,-76.9953,1299.000000,221.000000
Central Square,43.286,-76.1419,1322.000000,221.000000
Pultneyville,43.2735,-77.1825,1293.000000,221.000000
Prospect,43.3026,-75.1514,1350.000000,221.000000
South Glens Falls,43.2951,-73.6351,1392.000000,221.000000
West Glens Falls,43.3019,-73.6874,1391.000000,220.000000
Hudson Falls,43.3042,-73.5818,1394.000000,220.000000
Glens Falls,43.3109,-73.6459,1392.000000,220.000000
Hilton,43.29,-77.7925,1276.000000,220.000000
Fulton,43.3171,-76.4162,1315.000000,220.000000
Fair Haven,43.3263,-76.7044,1307.000000,219.000000
Glens Falls North,43.335,-73.6824,1391.000000,219.000000
Lyndonville,43.3213,-78.3891,1268.000000,219.000000
Olcott,43.3302,-78.7104,1259.000000,219.000000
Oswego,43.4516,-76.5005,1312.000000,215.000000
SUNY Oswego,43.4515,-76.5439,1311.000000,215.000000
Altmar,43.511,-76.0037,1326.000000,214.000000
Constableville,43.5649,-75.428,1342.000000,212.000000
Bolton Landing,43.5614,-73.6588,1391.000000,212.000000
Pulaski,43.5653,-76.1267,1323.000000,212.000000
Port Leyden,43.5838,-75.3413,1345.000000,211.000000
Speculator,43.5943,-74.3822,1371.000000,211.000000
Lyons Falls,43.6171,-75.3619,1344.000000,210.000000
Lacona,43.6434,-76.0666,1324.000000,209.000000
Chestertown,43.6461,-73.7945,1388.000000,209.000000
North Creek,43.6923,-73.9835,1382.000000,207.000000
Thendara,43.701,-74.9971,1354.000000,207.000000
Old Forge,43.706,-74.9722,1355.000000,207.000000
Mannsville,43.7158,-76.0649,1325.000000,207.000000
Pierrepont Manor,43.7374,-76.0595,1325.000000,206.000000
Pottersville,43.7363,-73.8212,1387.000000,206.000000
Belleville,43.7844,-76.1168,1323.000000,204.000000
Schroon Lake,43.8345,-73.7647,1388.000000,202.000000
Adams Center,43.8616,-76.0001,1326.000000,202.000000
Castorland,43.886,-75.5166,1340.000000,201.000000
Copenhagen,43.8934,-75.6726,1335.000000,201.000000
Sackets Harbor,43.9418,-76.1182,1323.000000,199.000000
West Carthage,43.973,-75.6219,1337.000000,198.000000
Watertown,43.9734,-75.9094,1329.000000,198.000000
Carthage,43.9837,-75.6021,1337.000000,198.000000
Glen Park,44.0016,-75.9548,1328.000000,197.000000
Black River,44.0089,-75.7966,1332.000000,197.000000
Dexter,44.0111,-76.0425,1325.000000,197.000000
Great Bend,44.0197,-75.7075,1334.000000,196.000000
Felts Mills,44.0201,-75.7595,1333.000000,196.000000
Herrings,44.0223,-75.6529,1336.000000,196.000000
Deferiet,44.0343,-75.6792,1335.000000,196.000000
Calcium,44.0401,-75.8468,1331.000000,196.000000
Pamelia Center,44.0409,-75.9017,1329.000000,196.000000
Fort Drum,44.0451,-75.7847,1332.000000,195.000000
Natural Bridge,44.0718,-75.4999,1340.000000,195.000000
Chaumont,44.0675,-76.1301,1323.000000,195.000000
Three Mile Bay,44.0829,-76.1983,1321.000000,194.000000
Evans Mills,44.087,-75.8078,1332.000000,194.000000
Witherbee,44.0837,-73.5371,1395.000000,194.000000
Mineville,44.0933,-73.5246,1395.000000,194.000000
Depauville,44.1425,-76.0451,1325.000000,192.000000
Harrisville,44.1532,-75.3211,1345.000000,192.000000
Star Lake,44.1613,-75.0363,1353.000000,192.000000
La Fargeville,44.196,-75.9627,1327.000000,190.000000
Cranberry Lake,44.2063,-74.8426,1358.000000,190.000000
Plessis,44.2735,-75.8575,1330.000000,188.000000
Fishers Landing,44.2743,-76.0069,1326.000000,188.000000
Lake Placid,44.2838,-73.9855,1382.000000,187.000000
Oxbow,44.287,-75.6227,1337.000000,187.000000
Thousand Island Park,44.2888,-76.026,1326.000000,187.000000
Redwood,44.3011,-75.8063,1332.000000,187.000000
Hailesboro,44.3098,-75.4357,1342.000000,187.000000
Saranac Lake,44.3245,-74.1314,1378.000000,186.000000
Alexandria Bay,44.34,-75.9161,1329.000000,185.000000
Richville,44.4151,-75.3924,1343.000000,183.000000
Paul Smiths,44.4341,-74.2533,1375.000000,182.000000
Au Sable Forks,44.4507,-73.6738,1391.000000,182.000000
Keeseville,44.5035,-73.4812,1396.000000,180.000000
Rensselaer Falls,44.5909,-75.319,1345.000000,177.000000
Hannawa Falls,44.6017,-74.9738,1355.000000,177.000000
Redford,44.6063,-73.8113,1387.000000,176.000000
Heuvelton,44.617,-75.4046,1343.000000,176.000000
Parc,44.6639,-73.453,1397.000000,174.000000
St. Regis Falls,44.6764,-74.5309,1367.000000,174.000000
Plattsburgh West,44.6837,-73.5037,1396.000000,174.000000
Morrisonville,44.6922,-73.5505,1394.000000,173.000000
Plattsburgh,44.6951,-73.4563,1397.000000,173.000000
Ogdensburg,44.7088,-75.4717,1341.000000,173.000000
Cumberland Head,44.7165,-73.3966,1398.000000,172.000000
Lyon Mountain,44.7249,-73.8823,1385.000000,172.000000
Norwood,44.7481,-74.997,1354.000000,172.000000
Winthrop,44.8006,-74.8016,1360.000000,170.000000
Brasher Falls,44.8096,-74.7789,1360.000000,170.000000
West Chazy,44.8178,-73.5118,1395.000000,169.000000
Brushton,44.8308,-74.5117,1368.000000,169.000000
Fort Covington Hamlet,44.9761,-74.5097,1368.000000,164.000000
Rouses Point,44.9933,-73.3633,1399.000000,163.000000
