Cape May Point,38.9372,-74.9651,1355.000000,369.000000
Cape May,38.9409,-74.9042,1357.000000,369.000000
West Cape May,38.9423,-74.9377,1356.000000,368.000000
Diamond Beach,38.9587,-74.852,1358.000000,368.000000
Wildwood Crest,38.9718,-74.8376,1359.000000,367.000000
North Cape May,38.9766,-74.9516,1356.000000,367.000000
Wildwood,38.9877,-74.8188,1359.000000,367.000000
Erma,38.9971,-74.8932,1357.000000,367.000000
West Wildwood,39.0005,-74.8234,1359.000000,366.000000
North Wildwood,39.0047,-74.799,1360.000000,366.000000
Villas,39.0158,-74.9349,1356.000000,366.000000
Rio Grande,39.0196,-74.8762,1358.000000,366.000000
Whitesboro,39.0417,-74.8674,1358.000000,365.000000
Stone Harbor,39.0437,-74.7687,1361.000000,365.000000
Burleigh,39.0489,-74.8464,1358.000000,365.000000
Cape May Court House,39.079,-74.8207,1359.000000,364.000000
Avalon,39.0906,-74.7357,1362.000000,363.000000
Sea Isle City,39.1523,-74.6976,1363.000000,361.000000
Strathmere,39.1944,-74.6618,1364.000000,360.000000
Woodbine,39.2283,-74.8096,1360.000000,359.000000
Port Norris,39.2521,-75.0412,1353.000000,358.000000
Belleplain,39.2662,-74.8672,1358.000000,357.000000
Ocean City,39.2682,-74.6019,1365.000000,357.000000
Corbin City,39.3046,-74.7199,1362.000000,356.000000
Longport,39.3136,-74.5261,1368.000000,356.000000
Somers Point,39.3167,-74.6066,1365.000000,356.000000
Laurel Lake,39.3265,-75.0306,1353.000000,355.000000
Margate City,39.3307,-74.5071,1368.000000,355.000000
Cedarville,39.3382,-75.2069,1348.000000,355.000000
Linwood,39.3436,-74.5708,1366.000000,355.000000
Ventnor City,39.3457,-74.486,1369.000000,355.000000
Estell Manor,39.3587,-74.7752,1360.000000,354.000000
Northfield,39.3718,-74.5543,1367.000000,354.000000
Fairton,39.3759,-75.2131,1348.000000,354.000000
Atlantic City,39.3797,-74.4527,1370.000000,354.000000
Millville,39.3903,-75.0561,1353.000000,353.000000
Pleasantville,39.39,-74.5169,1368.000000,353.000000
Brigantine,39.4138,-74.3787,1372.000000,352.000000
Absecon,39.4228,-74.4944,1368.000000,352.000000
Bridgeton,39.4286,-75.2281,1348.000000,352.000000
Mays Landing,39.4524,-74.7241,1362.000000,351.000000
Shiloh,39.4595,-75.297,1346.000000,351.000000
Vineland,39.4653,-74.9981,1354.000000,351.000000
Pomona,39.4687,-74.5501,1367.000000,351.000000
Rosenhayn,39.4787,-75.138,1350.000000,350.000000
Smithville,39.4934,-74.4782,1369.000000,350.000000
Seabrook Farms,39.5015,-75.219,1348.000000,350.000000
Hancocks Bridge,39.5046,-75.4612,1341.000000,349.000000
Buena,39.5282,-74.9448,1356.000000,349.000000
Port Republic,39.5328,-74.4852,1369.000000,348.000000
Olivet,39.5402,-75.1727,1349.000000,348.000000
Newfield,39.5484,-75.0167,1354.000000,348.000000
Egg Harbor City,39.564,-74.5961,1366.000000,347.000000
Mystic Island,39.5659,-74.3831,1372.000000,347.000000
Beach Haven,39.566,-74.2492,1375.000000,347.000000
Salem,39.5681,-75.4724,1341.000000,347.000000
Elwood,39.5731,-74.7148,1362.000000,347.000000
Elmer,39.5919,-75.174,1349.000000,346.000000
Folsom,39.5928,-74.8424,1359.000000,346.000000
Collings Lakes,39.5939,-74.8821,1357.000000,346.000000
Tuckerton,39.5974,-74.3306,1373.000000,346.000000
North Beach Haven,39.6008,-74.2123,1376.000000,346.000000
Victory Lakes,39.6305,-74.9661,1355.000000,345.000000
Ship Bottom,39.6459,-74.1835,1377.000000,345.000000
Woodstown,39.6503,-75.3251,1345.000000,344.000000
Hammonton,39.6572,-74.7678,1361.000000,344.000000
Clayton,39.6627,-75.0782,1352.000000,344.000000
Surf City,39.6646,-74.1711,1378.000000,344.000000
Beach Haven West,39.6702,-74.2338,1376.000000,344.000000
Williamstown,39.6874,-74.9786,1355.000000,343.000000
Manahawkin,39.6931,-74.2493,1375.000000,343.000000
Glassboro,39.7014,-75.1113,1351.000000,343.000000
Harvey Cedars,39.6995,-74.1426,1378.000000,343.000000
Richwood,39.714,-75.1734,1349.000000,342.000000
Mullica Hill,39.7266,-75.2191,1348.000000,342.000000
Penns Grove,39.7275,-75.4691,1341.000000,342.000000
Chesilhurst,39.7307,-74.8786,1358.000000,342.000000
Pitman,39.7335,-75.1306,1350.000000,342.000000
Ocean Acres,39.743,-74.2804,1374.000000,341.000000
Swedesboro,39.7459,-75.3117,1345.000000,341.000000
Barnegat Light,39.753,-74.1095,1379.000000,341.000000
Beckett,39.7565,-75.3564,1344.000000,341.000000
Pedricktown,39.7612,-75.4077,1343.000000,341.000000
Turnersville,39.7666,-75.0614,1352.000000,341.000000
Pine Valley,39.787,-74.9742,1355.000000,340.000000
Pine Hill,39.7879,-74.9857,1355.000000,340.000000
Wenonah,39.7913,-75.1486,1350.000000,340.000000
Berlin,39.7915,-74.9375,1356.000000,340.000000
Waretown,39.7898,-74.1925,1377.000000,340.000000
Blackwood,39.7982,-75.0629,1352.000000,339.000000
Clementon,39.8046,-74.9851,1355.000000,339.000000
Oak Valley,39.8055,-75.1589,1350.000000,339.000000
Woodbury Heights,39.816,-75.1512,1350.000000,339.000000
Lindenwold,39.8172,-74.9898,1354.000000,339.000000
Laurel Springs,39.8213,-75.0053,1354.000000,339.000000
Gibbstown,39.8233,-75.2783,1346.000000,339.000000
Forked River,39.8255,-74.1822,1377.000000,338.000000
Stratford,39.829,-75.0156,1354.000000,338.000000
Gibbsboro,39.8332,-74.9657,1355.000000,338.000000
Hi-Nella,39.8367,-75.022,1354.000000,338.000000
Woodbury,39.8379,-75.1524,1350.000000,338.000000
Paulsboro,39.84,-75.2397,1347.000000,338.000000
Glendora,39.8405,-75.0678,1352.000000,338.000000
Somerdale,39.8454,-75.0218,1354.000000,338.000000
Echelon,39.8482,-74.9957,1354.000000,338.000000
Runnemede,39.8521,-75.0739,1352.000000,338.000000
Magnolia,39.8562,-75.0365,1353.000000,338.000000
Medford Lakes,39.8582,-74.8054,1360.000000,337.000000
Bellmawr,39.8665,-75.0941,1351.000000,337.000000
Lawnside,39.8673,-75.0289,1353.000000,337.000000
National Park,39.8676,-75.1853,1349.000000,337.000000
Barrington,39.8689,-75.0514,1353.000000,337.000000
Westville,39.8704,-75.1301,1350.000000,337.000000
Tavistock,39.8758,-75.0272,1353.000000,337.000000
Springdale,39.8769,-74.9723,1355.000000,337.000000
Ashland,39.8782,-75.0085,1354.000000,337.000000
Brooklawn,39.8788,-75.1207,1351.000000,337.000000
Haddon Heights,39.8791,-75.0645,1352.000000,337.000000
Mount Ephraim,39.8806,-75.0917,1352.000000,337.000000
Audubon,39.8906,-75.0722,1352.000000,336.000000
Gloucester City,39.8924,-75.1172,1351.000000,336.000000
Haddonfield,39.8955,-75.0346,1353.000000,336.000000
Audubon Park,39.8969,-75.089,1352.000000,336.000000
Greentree,39.8989,-74.9614,1355.000000,336.000000
Leisuretowne,39.8987,-74.7052,1362.000000,336.000000
Barclay,39.9013,-75.0009,1354.000000,336.000000
Marlton,39.9016,-74.9297,1356.000000,336.000000
Oaklyn,39.9023,-75.0813,1352.000000,336.000000
Presidential Lakes Estates,39.915,-74.5649,1366.000000,335.000000
Collingswood,39.916,-75.0759,1352.000000,335.000000
Woodlynne,39.9167,-75.0957,1351.000000,335.000000
Kingston Estates,39.9188,-74.9898,1354.000000,335.000000
Ellisburg,39.9199,-75.0093,1354.000000,335.000000
Golden Triangle,39.9288,-75.0398,1353.000000,335.000000
Ocean Gate,39.9268,-74.135,1379.000000,335.000000
Seaside Park,39.9264,-74.0785,1380.000000,335.000000
Beachwood,39.9286,-74.2023,1377.000000,335.000000
Ramblewood,39.9322,-74.9527,1355.000000,335.000000
Camden,39.9362,-75.1073,1351.000000,335.000000
Cherry Hill Mall,39.9384,-75.0117,1354.000000,335.000000
Pine Beach,39.9359,-74.17,1378.000000,335.000000
Holiday Heights,39.9396,-74.2572,1375.000000,335.000000
South Toms River,39.9417,-74.2087,1376.000000,335.000000
Island Heights,39.9423,-74.1454,1378.000000,334.000000
Seaside Heights,39.9452,-74.079,1380.000000,334.000000
Country Lake Estates,39.9488,-74.5411,1367.000000,334.000000
Merchantville,39.9502,-75.0504,1353.000000,334.000000
Cedar Glen Lakes,39.9527,-74.3995,1371.000000,334.000000
Holiday City South,39.9533,-74.2366,1376.000000,334.000000
Pemberton Heights,39.9565,-74.6766,1363.000000,334.000000
Dover Beaches South,39.9549,-74.0756,1380.000000,334.000000
Crestwood Village,39.9568,-74.3524,1372.000000,334.000000
Pine Ridge at Crestwood,39.9585,-74.3169,1373.000000,334.000000
Silver Ridge,39.962,-74.2358,1376.000000,334.000000
Moorestown-Lenola,39.9659,-74.9643,1355.000000,334.000000
Holiday City-Berkeley,39.9639,-74.2787,1374.000000,334.000000
Lavallette,39.9699,-74.0722,1380.000000,334.000000
Browns Mills,39.9737,-74.5689,1366.000000,333.000000
Dover Beaches North,39.9921,-74.0715,1380.000000,333.000000
Palmyra,40.0025,-75.036,1353.000000,333.000000
Pine Lake Park,40.0017,-74.2595,1375.000000,332.000000
Fort Dix,40.006,-74.6089,1365.000000,332.000000
Riverton,40.0115,-75.0148,1354.000000,332.000000
Juliustown,40.0121,-74.6715,1363.000000,332.000000
Leisure Village West,40.0104,-74.2806,1374.000000,332.000000
Lakehurst,40.0132,-74.3201,1373.000000,332.000000
Leisure Knoll,40.0186,-74.2908,1374.000000,332.000000
Wrightstown,40.0258,-74.6317,1365.000000,332.000000
McGuire AFB,40.0285,-74.5883,1366.000000,332.000000
Leisure Village East,40.0384,-74.1678,1378.000000,331.000000
Cedar Glen West,40.0418,-74.2852,1374.000000,331.000000
Leisure Village,40.0445,-74.1852,1377.000000,331.000000
Mantoloking,40.0435,-74.0514,1381.000000,331.000000
Beverly,40.0652,-74.9221,1356.000000,330.000000
New Egypt,40.0644,-74.5284,1367.000000,330.000000
Bay Head,40.0701,-74.0482,1381.000000,330.000000
Point Pleasant,40.0772,-74.0702,1380.000000,330.000000
Point Pleasant Beach,40.0929,-74.0459,1381.000000,329.000000
Brielle,40.1048,-74.0636,1381.000000,329.000000
Roebling,40.1167,-74.7776,1360.000000,329.000000
Ramtown,40.1144,-74.1492,1378.000000,329.000000
Manasquan,40.1186,-74.045,1381.000000,328.000000
Sea Girt,40.1308,-74.0358,1381.000000,328.000000
Fieldsboro,40.1364,-74.7315,1362.000000,328.000000
Allenwood,40.1384,-74.1032,1379.000000,328.000000
Spring Lake Heights,40.1522,-74.043,1381.000000,327.000000
Spring Lake,40.1539,-74.0273,1382.000000,327.000000
Vista Center,40.1584,-74.3227,1373.000000,327.000000
Groveville,40.1678,-74.6515,1364.000000,327.000000
Lake Como,40.1706,-74.0262,1382.000000,327.000000
West Belmar,40.1707,-74.0376,1381.000000,327.000000
Allentown,40.1777,-74.5873,1366.000000,327.000000
Belmar,40.1798,-74.0255,1382.000000,326.000000
Yardville,40.1849,-74.6603,1364.000000,326.000000
White Horse,40.192,-74.7022,1363.000000,326.000000
Avon-by-the-Sea,40.1913,-74.0166,1382.000000,326.000000
Shark River Hills,40.1923,-74.0463,1381.000000,326.000000
Farmingdale,40.1983,-74.1701,1378.000000,326.000000
Neptune City,40.2005,-74.0333,1381.000000,326.000000
Bradley Beach,40.2018,-74.0128,1382.000000,326.000000
Ocean Grove,40.2119,-74.0083,1382.000000,325.000000
Roosevelt,40.2212,-74.4729,1369.000000,325.000000
Trenton,40.2236,-74.7641,1361.000000,325.000000
Hamilton Square,40.2248,-74.6526,1364.000000,325.000000
Asbury Park,40.2226,-74.0119,1382.000000,325.000000
West Freehold,40.2324,-74.2943,1374.000000,325.000000
Mercerville,40.236,-74.6916,1363.000000,325.000000
Loch Arbour,40.2323,-74.0014,1382.000000,325.000000
Interlaken,40.235,-74.0166,1382.000000,325.000000
Allenhurst,40.2362,-74.0017,1382.000000,324.000000
Wanamassa,40.2365,-74.0294,1382.000000,324.000000
Deal,40.2497,-73.9976,1382.000000,324.000000
Twin Rivers,40.263,-74.4917,1368.000000,324.000000
Oakhurst,40.2607,-74.0263,1382.000000,324.000000
Hightstown,40.2686,-74.5253,1368.000000,323.000000
East Freehold,40.2718,-74.2425,1375.000000,323.000000
Tinton Falls,40.2709,-74.0948,1380.000000,323.000000
West Long Branch,40.2883,-74.0185,1382.000000,323.000000
Eatontown,40.2913,-74.0558,1381.000000,323.000000
Englishtown,40.2971,-74.3607,1372.000000,323.000000
Long Branch,40.2965,-73.9915,1383.000000,322.000000
Lawrenceville,40.3018,-74.7378,1362.000000,322.000000
Yorketown,40.3064,-74.3385,1373.000000,322.000000
Clearbrook Park,40.3096,-74.4644,1369.000000,322.000000
Concordia,40.3117,-74.4477,1370.000000,322.000000
Oceanport,40.316,-74.0205,1382.000000,322.000000
Princeton Junction,40.3207,-74.6236,1365.000000,322.000000
Pennington,40.3262,-74.7908,1360.000000,322.000000
Shrewsbury,40.3249,-74.06,1381.000000,321.000000
Whittingham,40.3297,-74.4451,1370.000000,321.000000
Plainsboro Center,40.3311,-74.5937,1366.000000,321.000000
Princeton Meadows,40.3332,-74.5628,1366.000000,321.000000
Rossmoor,40.3361,-74.4726,1369.000000,321.000000
Little Silver,40.3357,-74.0346,1381.000000,321.000000
Monmouth Beach,40.3364,-73.9863,1383.000000,321.000000
Robertsville,40.3395,-74.2939,1374.000000,321.000000
Lincroft,40.3391,-74.1283,1379.000000,321.000000
Jamesburg,40.3494,-74.44,1370.000000,321.000000
Red Bank,40.3481,-74.0672,1380.000000,321.000000
Princeton,40.3563,-74.6693,1363.000000,321.000000
Fair Haven,40.3619,-74.0392,1381.000000,320.000000
Rumson,40.3626,-74.0046,1382.000000,320.000000
Lambertville,40.3687,-74.943,1356.000000,320.000000
Sea Bright,40.3653,-73.9769,1383.000000,320.000000
Morganville,40.3756,-74.2444,1375.000000,320.000000
Helmetta,40.3777,-74.4239,1370.000000,320.000000
Monmouth Junction,40.3811,-74.5435,1367.000000,320.000000
Kingston,40.3816,-74.6114,1365.000000,320.000000
Dayton,40.3815,-74.5137,1368.000000,320.000000
Hopewell,40.3893,-74.7638,1361.000000,319.000000
Heathcote,40.3908,-74.5756,1366.000000,319.000000
Spotswood,40.3949,-74.392,1371.000000,319.000000
Rocky Hill,40.4002,-74.6405,1364.000000,319.000000
Brownville,40.4009,-74.2959,1374.000000,319.000000
Strathmore,40.4018,-74.2193,1376.000000,319.000000
Navesink,40.4021,-74.0387,1381.000000,319.000000
Blawenburg,40.4058,-74.6973,1363.000000,319.000000
Stockton,40.4062,-74.9759,1355.000000,319.000000
Highlands,40.4036,-73.9899,1383.000000,319.000000
East Rocky Hill,40.4079,-74.6128,1365.000000,319.000000
Kendall Park,40.4138,-74.5626,1366.000000,319.000000
Matawan,40.4127,-74.2365,1376.000000,319.000000
Atlantic Highlands,40.4112,-74.0296,1381.000000,319.000000
Ten Mile Run,40.4219,-74.589,1366.000000,318.000000
Leonardo,40.4191,-74.0599,1381.000000,318.000000
Skillman,40.4247,-74.7139,1362.000000,318.000000
Belford,40.4262,-74.0803,1380.000000,318.000000
Keyport,40.4327,-74.2011,1377.000000,318.000000
Port Monmouth,40.4337,-74.101,1379.000000,318.000000
Griggstown,40.44,-74.5989,1365.000000,318.000000
North Middletown,40.439,-74.1187,1379.000000,318.000000
Franklin Park,40.4439,-74.5432,1367.000000,318.000000
Cliffwood Beach,40.4426,-74.2178,1376.000000,318.000000
South River,40.4455,-74.3784,1372.000000,317.000000
Madison Park,40.4461,-74.2959,1374.000000,317.000000
Union Beach,40.4454,-74.1699,1378.000000,317.000000
Harlingen,40.4493,-74.6586,1364.000000,317.000000
Keansburg,40.4471,-74.1316,1379.000000,317.000000
Laurence Harbor,40.4489,-74.2494,1375.000000,317.000000
Milltown,40.4504,-74.4351,1370.000000,317.000000
Pleasant Plains,40.4523,-74.5696,1366.000000,317.000000
Belle Mead,40.4645,-74.6725,1363.000000,317.000000
Sayreville,40.4656,-74.3237,1373.000000,317.000000
Six Mile Run,40.473,-74.5334,1367.000000,317.000000
Blackwells Mills,40.4815,-74.5714,1366.000000,316.000000
South Amboy,40.4852,-74.2831,1374.000000,316.000000
New Brunswick,40.487,-74.445,1370.000000,316.000000
Clyde,40.4874,-74.5132,1368.000000,316.000000
East Franklin,40.4933,-74.4711,1369.000000,316.000000
East Millstone,40.5011,-74.5661,1366.000000,316.000000
Highland Park,40.5006,-74.4283,1370.000000,316.000000
Middlebush,40.5015,-74.5349,1367.000000,316.000000
Flemington,40.5087,-74.8599,1358.000000,315.000000
Somerset,40.5083,-74.501,1368.000000,315.000000
Perth Amboy,40.5203,-74.2724,1375.000000,315.000000
Weston,40.5224,-74.5765,1366.000000,315.000000
Frenchtown,40.5273,-75.0571,1353.000000,315.000000
Franklin Center,40.5321,-74.5415,1367.000000,315.000000
Society Hill,40.5344,-74.4577,1369.000000,314.000000
Zarephath,40.5361,-74.5745,1366.000000,314.000000
Manville,40.5421,-74.5892,1366.000000,314.000000
Fords,40.5415,-74.3124,1374.000000,314.000000
Metuchen,40.5424,-74.3628,1372.000000,314.000000
Sewaren,40.5508,-74.2602,1375.000000,314.000000
South Bound Brook,40.5535,-74.5277,1367.000000,314.000000
Finderne,40.5626,-74.5743,1366.000000,314.000000
Bound Brook,40.5676,-74.5383,1367.000000,313.000000
Port Reading,40.5669,-74.2475,1375.000000,313.000000
Milford,40.5694,-75.0916,1352.000000,313.000000
Somerville,40.5696,-74.6092,1365.000000,313.000000
Bradley Gardens,40.5711,-74.6678,1363.000000,313.000000
Iselin,40.5702,-74.317,1373.000000,313.000000
Middlesex,40.5744,-74.5011,1368.000000,313.000000
South Plainfield,40.5748,-74.4153,1371.000000,313.000000
Avenel,40.5839,-74.272,1375.000000,313.000000
Carteret,40.5848,-74.2284,1376.000000,313.000000
Dunellen,40.5903,-74.4656,1369.000000,313.000000
Colonia,40.5929,-74.3151,1373.000000,312.000000
Martinsville,40.603,-74.5751,1366.000000,312.000000
Green Knoll,40.6048,-74.615,1365.000000,312.000000
Rahway,40.6077,-74.2807,1374.000000,312.000000
Finesville,40.6112,-75.1706,1349.000000,312.000000
White House Station,40.6159,-74.772,1361.000000,312.000000
Plainfield,40.6154,-74.4157,1371.000000,312.000000
North Plainfield,40.6209,-74.4386,1370.000000,312.000000
Linden,40.6251,-74.2381,1376.000000,311.000000
Fanwood,40.6417,-74.3857,1371.000000,311.000000
Watchung,40.6432,-74.4391,1370.000000,311.000000
Annandale,40.6468,-74.8881,1357.000000,311.000000
Garwood,40.6513,-74.3231,1373.000000,310.000000
Westfield,40.6515,-74.3433,1373.000000,310.000000
Bloomsbury,40.6537,-75.084,1352.000000,310.000000
Roselle,40.6527,-74.2599,1375.000000,310.000000
Alpha,40.6598,-75.1571,1350.000000,310.000000
Roselle Park,40.6653,-74.2666,1375.000000,310.000000
High Bridge,40.6684,-74.894,1357.000000,310.000000
Elizabeth,40.6657,-74.1912,1377.000000,310.000000
Bayonne,40.6661,-74.1141,1379.000000,310.000000
Upper Pohatcong,40.6774,-75.1558,1350.000000,310.000000
Kenilworth,40.6781,-74.2889,1374.000000,310.000000
Mountainside,40.6811,-74.36,1372.000000,309.000000
Phillipsburg,40.6895,-75.1821,1349.000000,309.000000
Far Hills,40.6905,-74.6257,1365.000000,309.000000
Stewartsville,40.6939,-75.1115,1351.000000,309.000000
Lopatcong Overlook,40.6972,-75.1452,1350.000000,309.000000
Asbury,40.7003,-75.0121,1354.000000,309.000000
Glen Gardner,40.7004,-74.9395,1356.000000,309.000000
New Providence,40.6996,-74.4034,1371.000000,309.000000
Upper Stewartsville,40.7028,-75.1194,1351.000000,309.000000
Delaware Park,40.7052,-75.1883,1349.000000,309.000000
Summit,40.7154,-74.3647,1372.000000,308.000000
Peapack and Gladstone,40.7168,-74.6561,1364.000000,308.000000
New Village,40.7184,-75.0774,1352.000000,308.000000
Califon,40.7192,-74.8371,1359.000000,308.000000
Jersey City,40.7161,-74.0682,1380.000000,308.000000
Newark,40.7245,-74.1725,1377.000000,308.000000
Bernardsville,40.7268,-74.5918,1366.000000,308.000000
Broadway,40.7356,-75.0495,1353.000000,308.000000
Short Hills,40.7389,-74.3278,1373.000000,308.000000
Harrison,40.7431,-74.1531,1378.000000,307.000000
Hoboken,40.7453,-74.0279,1382.000000,307.000000
East Newark,40.751,-74.1623,1378.000000,307.000000
Kearny,40.7528,-74.1202,1379.000000,307.000000
Washington,40.7587,-74.9825,1355.000000,307.000000
Madison,40.7586,-74.417,1371.000000,307.000000
Anderson,40.7617,-74.9301,1356.000000,307.000000
Brass Castle,40.7621,-75.0141,1354.000000,307.000000
East Orange,40.7651,-74.2117,1376.000000,307.000000
Port Colden,40.7684,-74.954,1355.000000,307.000000
Union City,40.7674,-74.0323,1381.000000,306.000000
Brainards,40.7718,-75.1699,1349.000000,306.000000
Florham Park,40.7773,-74.3953,1371.000000,306.000000
Hutchinson,40.7818,-75.1252,1351.000000,306.000000
Long Valley,40.7826,-74.7777,1360.000000,306.000000
Silver Lake,40.7804,-74.1829,1377.000000,306.000000
Secaucus,40.781,-74.0659,1380.000000,306.000000
West New York,40.7856,-74.0093,1382.000000,306.000000
North Arlington,40.7875,-74.1273,1379.000000,306.000000
Port Murray,40.7912,-74.9138,1357.000000,306.000000
Guttenberg,40.7927,-74.0048,1382.000000,306.000000
Morristown,40.7966,-74.4772,1369.000000,306.000000
Glen Ridge,40.8041,-74.2043,1377.000000,305.000000
Brookfield,40.8184,-75.0613,1352.000000,305.000000
East Rutherford,40.8179,-74.0854,1380.000000,305.000000
Beattystown,40.8222,-74.8502,1358.000000,305.000000
Fairview,40.8182,-74.0022,1382.000000,305.000000
Roseland,40.8208,-74.3085,1374.000000,305.000000
Rutherford,40.8203,-74.1057,1379.000000,305.000000
Cliffside Park,40.8221,-73.988,1383.000000,305.000000
Edgewater,40.8237,-73.974,1383.000000,305.000000
Carlstadt,40.8247,-74.0613,1381.000000,305.000000
Essex Fells,40.8271,-74.2798,1374.000000,305.000000
Belvidere,40.8294,-75.0728,1352.000000,305.000000
Ridgefield,40.8313,-74.0147,1382.000000,304.000000
Morris Plains,40.8357,-74.4786,1369.000000,304.000000
Bridgeville,40.8371,-75.0244,1353.000000,304.000000
Brookdale,40.8348,-74.1798,1377.000000,304.000000
Caldwell,40.839,-74.2776,1374.000000,304.000000
Moonachie,40.8409,-74.059,1381.000000,304.000000
Upper Montclair,40.8428,-74.2014,1377.000000,304.000000
Little Ferry,40.8463,-74.0388,1381.000000,304.000000
Succasunna,40.8507,-74.6596,1364.000000,304.000000
Palisades Park,40.8472,-73.9967,1382.000000,304.000000
Hackettstown,40.854,-74.8257,1359.000000,304.000000
Wood-Ridge,40.8507,-74.0878,1380.000000,304.000000
Fort Lee,40.8509,-73.9712,1383.000000,304.000000
Wallington,40.8535,-74.1069,1379.000000,304.000000
Ridgefield Park,40.8543,-74.0201,1382.000000,304.000000
Passaic,40.8574,-74.1282,1379.000000,303.000000
Mountain Lake,40.8614,-74.9858,1355.000000,303.000000
Teterboro,40.8579,-74.0594,1381.000000,303.000000
North Caldwell,40.8629,-74.2576,1375.000000,303.000000
Hasbrouck Heights,40.8618,-74.0741,1380.000000,303.000000
Clifton,40.8631,-74.1575,1378.000000,303.000000
Leonia,40.8638,-73.9899,1383.000000,303.000000
Vienna,40.8698,-74.881,1357.000000,303.000000
Budd Lake,40.8733,-74.7374,1362.000000,303.000000
Kenvil,40.8747,-74.6274,1365.000000,303.000000
Great Meadows,40.877,-74.9034,1357.000000,303.000000
Victory Gardens,40.8762,-74.5435,1367.000000,303.000000
Bogota,40.875,-74.0293,1381.000000,303.000000
Lodi,40.8784,-74.0814,1380.000000,303.000000
Garfield,40.8791,-74.1085,1379.000000,303.000000
Dover,40.8859,-74.5597,1367.000000,303.000000
Englewood Cliffs,40.8822,-73.9466,1384.000000,303.000000
Singac,40.8849,-74.243,1375.000000,303.000000
Mountain Lakes,40.8907,-74.4406,1370.000000,302.000000
Hackensack,40.889,-74.0461,1381.000000,302.000000
Woodland Park,40.8905,-74.1945,1377.000000,302.000000
Englewood,40.8917,-73.9736,1383.000000,302.000000
Netcong,40.8985,-74.7019,1363.000000,302.000000
Wharton,40.8999,-74.5808,1366.000000,302.000000
Boonton,40.9047,-74.4048,1371.000000,302.000000
Maywood,40.9025,-74.0634,1380.000000,302.000000
Totowa,40.9039,-74.2213,1376.000000,302.000000
Panther Valley,40.9078,-74.8412,1359.000000,302.000000
Elmwood Park,40.905,-74.1201,1379.000000,302.000000
Stanhope,40.9141,-74.7027,1362.000000,302.000000
Paterson,40.9147,-74.1624,1378.000000,302.000000
Mount Arlington,40.919,-74.639,1364.000000,301.000000
Tenafly,40.9175,-73.9531,1384.000000,301.000000
White Meadow Lake,40.924,-74.5121,1368.000000,301.000000
Lincoln Park,40.9239,-74.3035,1374.000000,301.000000
Columbia,40.926,-75.0945,1351.000000,301.000000
Mount Hermon,40.9269,-74.993,1354.000000,301.000000
Bergenfield,40.9236,-73.9983,1382.000000,301.000000
River Edge,40.9268,-74.0387,1381.000000,301.000000
New Milford,40.9337,-74.0196,1382.000000,301.000000
Haledon,40.9363,-74.1887,1377.000000,301.000000
Fair Lawn,40.9359,-74.1177,1379.000000,301.000000
Byram Center,40.9399,-74.7171,1362.000000,301.000000
Prospect Park,40.938,-74.1736,1377.000000,301.000000
Cresskill,40.9405,-73.9596,1383.000000,301.000000
Paramus,40.9455,-74.0712,1380.000000,300.000000
Dumont,40.9452,-73.9923,1382.000000,300.000000
Hainesburg,40.9542,-75.0632,1352.000000,300.000000
Hopatcong,40.9541,-74.6593,1364.000000,300.000000
Demarest,40.955,-73.9567,1383.000000,300.000000
Oradell,40.9562,-74.0314,1381.000000,300.000000
Hawthorne,40.9579,-74.1581,1378.000000,300.000000
Lake Telemark,40.9605,-74.4968,1368.000000,300.000000
Glen Rock,40.9601,-74.1249,1379.000000,300.000000
Johnsonburg,40.965,-74.8782,1358.000000,300.000000
North Haledon,40.9628,-74.1844,1377.000000,300.000000
Alpine,40.9615,-73.9199,1385.000000,300.000000
Haworth,40.9622,-73.9976,1382.000000,300.000000
Closter,40.9733,-73.9604,1383.000000,299.000000
Emerson,40.9748,-74.0239,1382.000000,299.000000
Ridgewood,40.9822,-74.1128,1379.000000,299.000000
Kinnelon,40.9847,-74.3862,1371.000000,299.000000
Marksboro,40.9881,-74.9061,1357.000000,299.000000
Westwood,40.9878,-74.0308,1381.000000,299.000000
Riverdale,40.9921,-74.3125,1373.000000,299.000000
Harrington Park,40.9899,-73.9803,1383.000000,299.000000
Norwood,40.9933,-73.951,1384.000000,299.000000
Midland Park,40.9952,-74.1411,1378.000000,299.000000
Butler,40.9989,-74.3471,1373.000000,299.000000
Ho-Ho-Kus,41.0001,-74.0972,1380.000000,299.000000
Pompton Lakes,41.0024,-74.2859,1374.000000,299.000000
Rockleigh,41.0025,-73.9327,1384.000000,298.000000
Franklin Lakes,41.0086,-74.2083,1376.000000,298.000000
Hillsdale,41.0074,-74.044,1381.000000,298.000000
Northvale,41.0099,-73.9505,1384.000000,298.000000
Lake Mohawk,41.015,-74.6639,1364.000000,298.000000
Waldwick,41.0134,-74.1259,1379.000000,298.000000
Old Tappan,41.0163,-73.9856,1383.000000,298.000000
Woodcliff Lake,41.0253,-74.0603,1381.000000,298.000000
Saddle River,41.0273,-74.0956,1380.000000,298.000000
Bloomingdale,41.03,-74.3319,1373.000000,298.000000
Oakland,41.0313,-74.2408,1375.000000,298.000000
Allendale,41.0333,-74.1333,1379.000000,298.000000
Park Ridge,41.0353,-74.0423,1381.000000,297.000000
Wanaque,41.044,-74.29,1374.000000,297.000000
Newton,41.0534,-74.7527,1361.000000,297.000000
Montvale,41.0529,-74.0499,1381.000000,297.000000
Ramsey,41.0595,-74.1454,1378.000000,297.000000
Upper Saddle River,41.0633,-74.0986,1379.000000,296.000000
Ogdensburg,41.0769,-74.5973,1365.000000,296.000000
Ringwood,41.1064,-74.2749,1375.000000,295.000000
Franklin,41.1101,-74.5886,1366.000000,295.000000
Crandon Lakes,41.1234,-74.8403,1359.000000,295.000000
Ross Corner,41.1276,-74.7134,1362.000000,294.000000
Branchville,41.1471,-74.7495,1361.000000,294.000000
Hamburg,41.1485,-74.5736,1366.000000,294.000000
Highland Lakes,41.1716,-74.4643,1369.000000,293.000000
Vernon Center,41.1874,-74.5015,1368.000000,292.000000
Sussex,41.2095,-74.6079,1365.000000,292.000000
Vernon Valley,41.2396,-74.4833,1369.000000,291.000000
