Burlington,38.4099,-82.5283,1152.000000,386.000000
South Point,38.4214,-82.5784,1150.000000,386.000000
Chesapeake,38.4298,-82.4489,1154.000000,386.000000
Proctorville,38.4375,-82.3818,1156.000000,385.000000
Coal Grove,38.4976,-82.6423,1148.000000,383.000000
Athalia,38.5126,-82.3093,1158.000000,383.000000
Ironton,38.5319,-82.6777,1147.000000,382.000000
Hanging Rock,38.5599,-82.7274,1146.000000,381.000000
Crown City,38.5901,-82.2912,1158.000000,380.000000
Franklin Furnace,38.6115,-82.8439,1143.000000,379.000000
Rome,38.6657,-83.3793,1127.000000,377.000000
Aberdeen,38.6714,-83.7705,1116.000000,377.000000
Friendship,38.698,-83.1004,1135.000000,376.000000
Manchester,38.6902,-83.6053,1121.000000,376.000000
Wheelersburg,38.7383,-82.8421,1143.000000,375.000000
Ripley,38.7325,-83.8346,1115.000000,374.000000
New Boston,38.7516,-82.9351,1140.000000,374.000000
Sciotodale,38.7539,-82.8605,1142.000000,374.000000
Portsmouth,38.7539,-82.9446,1140.000000,374.000000
Bentonville,38.7455,-83.6103,1121.000000,374.000000
West Portsmouth,38.7622,-83.0416,1137.000000,374.000000
Rosemount,38.7812,-82.9664,1139.000000,373.000000
West Union,38.7917,-83.5441,1123.000000,373.000000
Gallipolis,38.8186,-82.1934,1161.000000,372.000000
Higginsport,38.79,-83.9673,1111.000000,372.000000
Chilo,38.7934,-84.1373,1117.000000,372.000000
South Webster,38.817,-82.7282,1146.000000,372.000000
Neville,38.8123,-84.2115,1114.000000,372.000000
Kanauga,38.8411,-82.1495,1162.000000,372.000000
McDermott,38.8344,-83.0583,1137.000000,371.000000
Clarktown,38.8498,-82.9085,1141.000000,371.000000
Felicity,38.839,-84.0985,1118.000000,371.000000
Minford,38.8618,-82.8552,1142.000000,371.000000
Otway,38.865,-83.1886,1133.000000,370.000000
Rio Grande,38.8797,-82.379,1156.000000,370.000000
Moscow,38.86,-84.2281,1114.000000,370.000000
Lucasville,38.8783,-82.9934,1138.000000,370.000000
Russellville,38.8673,-83.7878,1116.000000,370.000000
Georgetown,38.8683,-83.8993,1113.000000,370.000000
Oak Hill,38.8962,-82.5691,1150.000000,370.000000
Cherry Fork,38.8872,-83.6126,1121.000000,369.000000
Rarden,38.9233,-83.2425,1131.000000,368.000000
Cheshire,38.9502,-82.113,1163.000000,368.000000
Hamersville,38.9192,-83.9856,1110.000000,368.000000
Seaman,38.937,-83.5754,1122.000000,368.000000
Peebles,38.9463,-83.4094,1127.000000,367.000000
Racine,38.9685,-81.9112,1169.000000,367.000000
Lake Waynoka,38.9401,-83.7786,1116.000000,367.000000
Winchester,38.9436,-83.654,1120.000000,367.000000
Vinton,38.9776,-82.3374,1157.000000,367.000000
New Richmond,38.962,-84.2779,1113.000000,367.000000
Bethel,38.9627,-84.0846,1118.000000,367.000000
Middleport,38.9948,-82.0643,1165.000000,367.000000
Syracuse,38.9984,-81.9686,1167.000000,366.000000
Pomeroy,39.0292,-82.034,1166.000000,365.000000
Sardinia,39.0072,-83.8022,1115.000000,365.000000
Beaver,39.0319,-82.8252,1143.000000,365.000000
Rutland,39.041,-82.1279,1163.000000,365.000000
Amelia,39.0229,-84.2184,1114.000000,365.000000
Jackson,39.046,-82.6492,1148.000000,365.000000
Mount Orab,39.0293,-83.9267,1112.000000,364.000000
Mowrystown,39.0405,-83.7518,1117.000000,364.000000
Coldstream,39.0479,-84.3474,1111.000000,364.000000
Piketon,39.0649,-82.9985,1138.000000,364.000000
Wilkesville,39.0765,-82.3271,1157.000000,364.000000
Williamsburg,39.0556,-84.0478,1119.000000,363.000000
Withamsville,39.0628,-84.2808,1112.000000,363.000000
Salem Heights,39.0658,-84.384,1110.000000,363.000000
Sinking Spring,39.0747,-83.3871,1127.000000,363.000000
Fruit Hill,39.0699,-84.367,1110.000000,363.000000
Forestville,39.0711,-84.3389,1111.000000,363.000000
Buford,39.072,-83.8393,1114.000000,363.000000
Cherry Grove,39.0802,-84.322,1111.000000,363.000000
Delhi Hills,39.0871,-84.6178,1103.000000,363.000000
Delshire,39.0884,-84.595,1104.000000,363.000000
Sherwood,39.0853,-84.3608,1110.000000,363.000000
Batavia,39.0815,-84.1718,1116.000000,363.000000
Coalton,39.1117,-82.611,1149.000000,362.000000
Wellston,39.1172,-82.5375,1151.000000,362.000000
Mount Carmel,39.0978,-84.2995,1112.000000,362.000000
Dry Run,39.1049,-84.3312,1111.000000,362.000000
Turpin Hills,39.1063,-84.3703,1110.000000,362.000000
Waverly,39.1256,-82.9836,1139.000000,362.000000
Summerside,39.1187,-84.2862,1112.000000,361.000000
Covedale,39.1267,-84.637,1102.000000,361.000000
Newtown,39.1243,-84.3516,1110.000000,361.000000
Owensville,39.1242,-84.1366,1117.000000,361.000000
Addyston,39.1371,-84.7104,1100.000000,361.000000
Cincinnati,39.1413,-84.5061,1106.000000,361.000000
Hamden,39.1591,-82.5243,1152.000000,361.000000
Fairfax,39.1432,-84.3972,1109.000000,361.000000
Mariemont,39.1429,-84.3784,1110.000000,361.000000
North Bend,39.1505,-84.7404,1099.000000,361.000000
Mack,39.1503,-84.6792,1101.000000,361.000000
Plainville,39.1439,-84.3593,1110.000000,361.000000
Tuppers Plains,39.1726,-81.8466,1171.000000,361.000000
Bridgetown,39.1551,-84.6359,1102.000000,360.000000
Cheviot,39.1577,-84.6139,1103.000000,360.000000
Elizabethtown,39.1621,-84.8037,1098.000000,360.000000
Cleves,39.1635,-84.7469,1099.000000,360.000000
Norwood,39.1605,-84.4535,1108.000000,360.000000
Terrace Park,39.1585,-84.3112,1112.000000,360.000000
Miami Heights,39.1687,-84.7152,1100.000000,360.000000
Hockingport,39.1907,-81.7495,1174.000000,360.000000
St. Bernard,39.1711,-84.4956,1106.000000,360.000000
Milford,39.1699,-84.2811,1112.000000,360.000000
Monfort Heights,39.1822,-84.6075,1103.000000,360.000000
Hooven,39.1864,-84.7632,1099.000000,359.000000
Day Heights,39.1755,-84.2275,1114.000000,359.000000
Elmwood Place,39.1855,-84.489,1107.000000,359.000000
Rocky Fork Point,39.1878,-83.4901,1124.000000,359.000000
Grandview,39.1922,-84.7245,1100.000000,359.000000
Madeira,39.1856,-84.3734,1110.000000,359.000000
Dent,39.1922,-84.6593,1102.000000,359.000000
Golf Manor,39.1878,-84.4469,1108.000000,359.000000
Newtonsville,39.1809,-84.0895,1118.000000,359.000000
Silverton,39.1884,-84.401,1109.000000,359.000000
Richmond Dale,39.2042,-82.8122,1144.000000,359.000000
Highland Holiday,39.1949,-83.4703,1125.000000,359.000000
Fayetteville,39.1848,-83.9317,1112.000000,359.000000
The Village of Indian Hill,39.1916,-84.3344,1111.000000,359.000000
Coolville,39.2201,-81.7977,1172.000000,359.000000
Mount Repose,39.1908,-84.2197,1114.000000,359.000000
Lake Lorelei,39.1875,-83.9716,1111.000000,359.000000
Camp Dennison,39.1946,-84.2896,1112.000000,359.000000
Mulberry,39.1975,-84.2511,1113.000000,359.000000
Albany,39.2245,-82.1977,1161.000000,359.000000
Amberley,39.2035,-84.4283,1108.000000,359.000000
Deer Park,39.2039,-84.3977,1109.000000,359.000000
White Oak,39.2106,-84.6061,1103.000000,359.000000
Kenwood,39.2067,-84.3746,1110.000000,359.000000
Miamitown,39.2171,-84.7095,1100.000000,358.000000
Concorde Hills,39.211,-84.3572,1110.000000,358.000000
Hillsboro,39.2123,-83.6112,1121.000000,358.000000
Finneytown,39.2159,-84.5145,1106.000000,358.000000
Arlington Heights,39.2153,-84.4555,1107.000000,358.000000
North College Hill,39.2174,-84.552,1105.000000,358.000000
Miamiville,39.2123,-84.3001,1112.000000,358.000000
Rossmoyne,39.2145,-84.3886,1109.000000,358.000000
Dillonvale,39.2173,-84.403,1109.000000,358.000000
St. Martin,39.2117,-83.8844,1113.000000,358.000000
Reading,39.2243,-84.4333,1108.000000,358.000000
Blue Jay,39.2308,-84.7443,1099.000000,358.000000
Skyline Acres,39.2276,-84.5665,1104.000000,358.000000
Groesbeck,39.2292,-84.5964,1103.000000,358.000000
Lockland,39.2278,-84.4565,1107.000000,358.000000
McArthur,39.2466,-82.4787,1153.000000,358.000000
Wyoming,39.2297,-84.4816,1107.000000,358.000000
Remington,39.2285,-84.3232,1111.000000,358.000000
Taylor Creek,39.2364,-84.6796,1101.000000,358.000000
Mount Healthy,39.2338,-84.5469,1105.000000,358.000000
Pleasant Hills,39.2365,-84.5229,1106.000000,358.000000
Little Hocking,39.2608,-81.702,1175.000000,358.000000
Goshen,39.2325,-84.1532,1116.000000,357.000000
Lincoln Heights,39.2434,-84.457,1107.000000,357.000000
Northbrook,39.2467,-84.5796,1104.000000,357.000000
Lynchburg,39.2401,-83.7883,1116.000000,357.000000
Blue Ash,39.248,-84.3827,1110.000000,357.000000
Northgate,39.2531,-84.5943,1104.000000,357.000000
Harrison,39.2582,-84.7868,1098.000000,357.000000
Evendale,39.2509,-84.4268,1108.000000,357.000000
Montgomery,39.2496,-84.3457,1111.000000,357.000000
Dry Ridge,39.2587,-84.6339,1102.000000,357.000000
Belpre,39.2815,-81.5971,1178.000000,357.000000
Woodlawn,39.2556,-84.471,1107.000000,357.000000
New Burlington,39.2624,-84.552,1105.000000,357.000000
Zaleski,39.2811,-82.395,1155.000000,357.000000
Greenhills,39.267,-84.5194,1106.000000,357.000000
Mount Healthy Heights,39.2702,-84.5693,1104.000000,356.000000
New Baltimore,39.2744,-84.6705,1101.000000,356.000000
Glendale,39.2707,-84.4586,1107.000000,356.000000
New Haven,39.2772,-84.744,1099.000000,356.000000
Loveland,39.2679,-84.2731,1113.000000,356.000000
Bourneville,39.2829,-83.1596,1134.000000,356.000000
Sixteen Mile Stand,39.2749,-84.3265,1111.000000,356.000000
Brecon,39.2797,-84.3521,1110.000000,356.000000
Sharonville,39.2825,-84.4071,1109.000000,356.000000
Stewart,39.308,-81.8974,1169.000000,356.000000
Forest Park,39.2861,-84.5259,1105.000000,356.000000
Pleasant Plain,39.2784,-84.112,1117.000000,356.000000
Dunlap,39.2908,-84.6303,1103.000000,356.000000
Pleasant Run,39.2927,-84.5757,1104.000000,356.000000
Springdale,39.2909,-84.476,1107.000000,356.000000
Highpoint,39.2892,-84.3472,1111.000000,356.000000
Loveland Park,39.2943,-84.2636,1113.000000,355.000000
Pleasant Run Farm,39.3017,-84.5493,1105.000000,355.000000
Blanchester,39.2934,-83.9797,1110.000000,355.000000
New Marshfield,39.3254,-82.2166,1160.000000,355.000000
Athens,39.3269,-82.0988,1164.000000,355.000000
Butlerville,39.3017,-84.0903,1118.000000,355.000000
Ross,39.3146,-84.6599,1102.000000,355.000000
Midland,39.3068,-83.9105,1112.000000,355.000000
Maineville,39.3126,-84.1985,1115.000000,355.000000
Landen,39.3153,-84.277,1113.000000,355.000000
Fairfield,39.3301,-84.5409,1105.000000,354.000000
Martinsville,39.3224,-83.8109,1115.000000,354.000000
Chillicothe,39.3393,-82.9937,1138.000000,354.000000
New Vienna,39.3256,-83.6937,1119.000000,354.000000
South Salem,39.3373,-83.3066,1130.000000,354.000000
Olde West Chester,39.3353,-84.4034,1109.000000,354.000000
Leesburg,39.3418,-83.552,1123.000000,354.000000
The Plains,39.3656,-82.1343,1163.000000,354.000000
Highland,39.3439,-83.6001,1121.000000,354.000000
Beckett Ridge,39.3448,-84.4381,1108.000000,354.000000
Vincent,39.3749,-81.671,1176.000000,354.000000
Reno,39.3769,-81.3932,1184.000000,354.000000
Greenfield,39.3535,-83.3884,1127.000000,354.000000
Morrow,39.35,-84.1231,1117.000000,353.000000
Mason,39.3571,-84.3023,1112.000000,353.000000
Kings Mills,39.3586,-84.2505,1113.000000,353.000000
Wetherington,39.3633,-84.3767,1110.000000,353.000000
Newport,39.3965,-81.2248,1188.000000,353.000000
South Lebanon,39.3672,-84.2204,1114.000000,353.000000
Amesville,39.4016,-81.9549,1168.000000,353.000000
Chauncey,39.4005,-82.1261,1163.000000,353.000000
Four Bridges,39.3828,-84.3542,1110.000000,353.000000
Millville,39.3924,-84.6528,1102.000000,352.000000
Hamilton,39.3938,-84.5653,1104.000000,352.000000
Marietta,39.4241,-81.4465,1182.000000,352.000000
Frankfort,39.4069,-83.1842,1133.000000,352.000000
Millfield,39.434,-82.0949,1164.000000,352.000000
Clarksville,39.4016,-83.9828,1110.000000,352.000000
Andersonville,39.4338,-83.019,1138.000000,351.000000
New Miami,39.4319,-84.5399,1105.000000,351.000000
Lebanon,39.4251,-84.2135,1114.000000,351.000000
Nelsonville,39.456,-82.2219,1160.000000,351.000000
Williamsdale,39.4421,-84.5298,1105.000000,351.000000
Buchtel,39.4634,-82.181,1161.000000,351.000000
Good Hope,39.4467,-83.3594,1128.000000,351.000000
Wilmington,39.4387,-83.8184,1115.000000,350.000000
Devola,39.4739,-81.468,1182.000000,350.000000
Monroe,39.4461,-84.3666,1110.000000,350.000000
Adelphi,39.4647,-82.7456,1145.000000,350.000000
Jacksonville,39.4762,-82.0799,1164.000000,350.000000
Laurelville,39.4719,-82.7374,1146.000000,350.000000
Kingston,39.4723,-82.912,1141.000000,350.000000
Haydenville,39.4807,-82.3238,1157.000000,350.000000
Trimble,39.4862,-82.0808,1164.000000,350.000000
Chesterhill,39.4908,-81.8667,1170.000000,350.000000
Trenton,39.4792,-84.462,1107.000000,349.000000
Glouster,39.5023,-82.0842,1164.000000,349.000000
Carbon Hill,39.502,-82.2426,1160.000000,349.000000
Seven Mile,39.4859,-84.5522,1105.000000,349.000000
Murray City,39.5097,-82.1678,1162.000000,349.000000
Sabina,39.4902,-83.6336,1120.000000,349.000000
Matamoras,39.5204,-81.0684,1193.000000,349.000000
Darrtown,39.4975,-84.669,1101.000000,349.000000
Clarksburg,39.5059,-83.1541,1134.000000,349.000000
Hunter,39.4947,-84.2903,1112.000000,349.000000
Oxford,39.5061,-84.7434,1099.000000,349.000000
Lowell,39.5292,-81.5068,1180.000000,349.000000
Middletown,39.5032,-84.366,1110.000000,348.000000
Harveysburg,39.5022,-83.9984,1110.000000,348.000000
Waterford,39.5407,-81.6424,1177.000000,348.000000
Logan,39.5386,-82.4063,1155.000000,348.000000
Stockport,39.5489,-81.7944,1172.000000,348.000000
Beverly,39.55,-81.6362,1177.000000,348.000000
Corwin,39.5249,-84.0676,1118.000000,347.000000
Washington Court House,39.5383,-83.4279,1126.000000,347.000000
Lower Salem,39.5635,-81.3942,1184.000000,347.000000
Jacksonburg,39.5383,-84.5035,1106.000000,347.000000
Tarlton,39.5543,-82.7782,1145.000000,347.000000
Waynesville,39.5329,-84.0903,1118.000000,347.000000
New Holland,39.5544,-83.2595,1131.000000,347.000000
Franklin,39.5538,-84.295,1112.000000,347.000000
Port William,39.5523,-83.7856,1116.000000,347.000000
New Straitsville,39.5793,-82.2343,1160.000000,347.000000
Logan Elm Village,39.5705,-82.9471,1140.000000,347.000000
Somerville,39.5639,-84.6391,1102.000000,347.000000
College Corner,39.5682,-84.8109,1097.000000,347.000000
Five Points,39.5595,-84.1867,1115.000000,346.000000
Springboro,39.5612,-84.2348,1114.000000,346.000000
Rockbridge,39.5862,-82.5262,1152.000000,346.000000
Hemlock,39.5905,-82.1545,1162.000000,346.000000
Williamsport,39.5824,-83.1206,1135.000000,346.000000
Corning,39.6016,-82.0876,1164.000000,346.000000
Carlisle,39.5807,-84.3201,1111.000000,346.000000
Shawnee,39.6063,-82.2046,1161.000000,346.000000
Bowersville,39.5808,-83.7232,1118.000000,346.000000
West Elkton,39.5882,-84.5596,1104.000000,346.000000
Stoutsville,39.6049,-82.8235,1143.000000,346.000000
Milledgeville,39.5934,-83.5878,1122.000000,345.000000
Circleville,39.6063,-82.9334,1140.000000,345.000000
Rendville,39.6199,-82.09,1164.000000,345.000000
Sardis,39.6266,-80.9059,1197.000000,345.000000
Macksburg,39.6314,-81.4562,1182.000000,345.000000
Bloomingburg,39.6079,-83.3953,1127.000000,345.000000
Sugar Grove,39.628,-82.5455,1151.000000,345.000000
Octa,39.6133,-83.6107,1121.000000,345.000000
Pancoastburg,39.6239,-83.2642,1131.000000,345.000000
Spring Valley,39.6103,-84.0069,1120.000000,345.000000
Malta,39.6515,-81.8639,1170.000000,344.000000
McConnelsville,39.6568,-81.8467,1171.000000,344.000000
Dexter City,39.6592,-81.4739,1181.000000,344.000000
Antioch,39.6608,-81.0668,1193.000000,344.000000
Camden,39.6374,-84.6445,1102.000000,344.000000
Germantown,39.6324,-84.3645,1110.000000,344.000000
Amanda,39.6501,-82.7422,1146.000000,344.000000
Graysville,39.6633,-81.1746,1190.000000,344.000000
Miamisburg,39.6323,-84.2725,1113.000000,344.000000
Hide-A-Way Hills,39.6551,-82.466,1153.000000,344.000000
Centerville,39.6339,-84.1449,1116.000000,344.000000
Hannibal,39.6719,-80.8741,1198.000000,344.000000
Gratis,39.6484,-84.5286,1105.000000,344.000000
Bellbrook,39.6384,-84.0863,1118.000000,344.000000
Jeffersonville,39.6522,-83.555,1123.000000,343.000000
Shawnee Hills,39.6515,-83.7822,1116.000000,343.000000
Jamestown,39.6599,-83.7424,1117.000000,343.000000
West Carrollton,39.6701,-84.2542,1113.000000,343.000000
Farmersville,39.6787,-84.4275,1108.000000,343.000000
Lake Lakengren,39.6894,-84.69,1101.000000,342.000000
Stafford,39.7124,-81.2765,1187.000000,342.000000
Bremen,39.7059,-82.4296,1154.000000,342.000000
Darbyville,39.6957,-83.1139,1135.000000,342.000000
Xenia,39.6828,-83.9414,1112.000000,342.000000
New Lexington,39.716,-82.208,1161.000000,342.000000
Junction City,39.7218,-82.2997,1158.000000,342.000000
Kettering,39.6957,-84.1495,1116.000000,342.000000
Moraine,39.6983,-84.2459,1113.000000,342.000000
South Bloomfield,39.717,-82.9931,1138.000000,342.000000
Mount Sterling,39.7134,-83.2734,1131.000000,342.000000
Lancaster,39.7249,-82.6049,1149.000000,342.000000
Ashville,39.7239,-82.9575,1139.000000,341.000000
Rose Farm,39.7359,-82.0779,1164.000000,341.000000
Caldwell,39.7467,-81.5127,1180.000000,341.000000
Wilberforce,39.7151,-83.8848,1113.000000,341.000000
Oakwood,39.7202,-84.1733,1115.000000,341.000000
Midway,39.7329,-83.4764,1125.000000,341.000000
Woodsfield,39.7631,-81.1169,1192.000000,341.000000
South Solon,39.7374,-83.6127,1121.000000,341.000000
Lewisville,39.7671,-81.2182,1189.000000,341.000000
Beavercreek,39.731,-84.0624,1118.000000,340.000000
Drexel,39.7382,-84.2931,1112.000000,340.000000
West Alexandria,39.7451,-84.5362,1105.000000,340.000000
West Rushville,39.764,-82.4483,1154.000000,340.000000
Rushville,39.7644,-82.4304,1154.000000,340.000000
New Lebanon,39.744,-84.3943,1109.000000,340.000000
Crooksville,39.769,-82.0956,1164.000000,340.000000
Eaton,39.7506,-84.6343,1102.000000,340.000000
Clarington,39.7763,-80.8647,1199.000000,340.000000
Cedarville,39.7471,-83.8109,1115.000000,340.000000
Derby,39.764,-83.2068,1132.000000,340.000000
Belle Valley,39.7888,-81.5564,1179.000000,340.000000
Summerfield,39.7969,-81.3355,1185.000000,339.000000
Commercial Point,39.7813,-83.0383,1137.000000,339.000000
Sarahsville,39.8076,-81.4692,1182.000000,339.000000
Roseville,39.8064,-82.0758,1164.000000,339.000000
Dayton,39.7797,-84.1998,1115.000000,339.000000
Somerset,39.8064,-82.2995,1158.000000,339.000000
Carroll,39.8027,-82.7063,1147.000000,339.000000
Riverside,39.7836,-84.1219,1117.000000,339.000000
Pleasantville,39.8098,-82.5224,1152.000000,339.000000
Trotwood,39.7927,-84.3165,1111.000000,339.000000
Lockbourne,39.8078,-82.9837,1139.000000,339.000000
Lithopolis,39.8113,-82.8155,1144.000000,339.000000
Orient,39.8056,-83.1528,1134.000000,339.000000
Harrisburg,39.8107,-83.1686,1134.000000,338.000000
Miltonsburg,39.8313,-81.1646,1190.000000,338.000000
Clifton,39.7972,-83.8257,1115.000000,338.000000
Yellow Springs,39.7986,-83.8905,1113.000000,338.000000
Fairborn,39.801,-84.0093,1120.000000,338.000000
Wright-Patterson AFB,39.8112,-84.0573,1119.000000,338.000000
Beallsville,39.8489,-81.0354,1194.000000,338.000000
Jerusalem,39.8519,-81.0961,1192.000000,338.000000
East Fultonham,39.8486,-82.1207,1163.000000,338.000000
South Charleston,39.8243,-83.6416,1120.000000,338.000000
Cumberland,39.8535,-81.6587,1176.000000,338.000000
Thurston,39.8451,-82.5532,1151.000000,338.000000
Baltimore,39.846,-82.6047,1149.000000,337.000000
Canal Winchester,39.8432,-82.8121,1144.000000,337.000000
Wilson,39.8597,-81.0689,1193.000000,337.000000
Fultonham,39.8557,-82.1408,1163.000000,337.000000
Powhatan Point,39.8625,-80.8098,1200.000000,337.000000
Philo,39.8613,-81.9088,1169.000000,337.000000
Brookville,39.8393,-84.4176,1108.000000,337.000000
Groveport,39.8585,-82.8978,1141.000000,337.000000
Darbydale,39.8545,-83.1795,1133.000000,337.000000
Lewisburg,39.8508,-84.5434,1105.000000,337.000000
New Paris,39.8565,-84.7922,1098.000000,337.000000
Duncan Falls,39.8777,-81.9112,1169.000000,337.000000
Obetz,39.8671,-82.9451,1140.000000,337.000000
Grove City,39.8659,-83.0694,1136.000000,337.000000
Holiday Valley,39.8536,-83.962,1111.000000,336.000000
Glenford,39.8863,-82.3202,1158.000000,336.000000
Huber Heights,39.8595,-84.113,1117.000000,336.000000
Englewood,39.8644,-84.3071,1112.000000,336.000000
Clayton,39.8689,-84.3292,1111.000000,336.000000
Thornville,39.8929,-82.4142,1155.000000,336.000000
Enon,39.865,-83.9331,1112.000000,336.000000
Pickerington,39.889,-82.7678,1145.000000,336.000000
Pleasant City,39.9033,-81.5437,1179.000000,336.000000
Green Meadows,39.8672,-83.9454,1112.000000,336.000000
South Zanesville,39.9036,-82.0178,1166.000000,336.000000
Millersport,39.8982,-82.5388,1151.000000,336.000000
Vandalia,39.879,-84.193,1115.000000,336.000000
Batesville,39.9156,-81.2824,1187.000000,335.000000
Buffalo,39.9169,-81.5204,1180.000000,335.000000
London,39.8936,-83.4376,1126.000000,335.000000
Blacklick Estates,39.9049,-82.8655,1142.000000,335.000000
Urbancrest,39.9016,-83.0859,1136.000000,335.000000
Crystal Lakes,39.8861,-84.0242,1120.000000,335.000000
Park Layne,39.8881,-84.0394,1119.000000,335.000000
West Manchester,39.9033,-84.6262,1103.000000,335.000000
Eldorado,39.9043,-84.6752,1101.000000,335.000000
Fairfield Beach,39.9183,-82.4791,1153.000000,335.000000
Verona,39.9018,-84.4959,1106.000000,335.000000
Thornport,39.9211,-82.4272,1155.000000,335.000000
Brice,39.9174,-82.8319,1143.000000,335.000000
Phillipsburg,39.904,-84.4009,1109.000000,335.000000
Senecaville,39.9348,-81.4594,1182.000000,335.000000
Union,39.909,-84.2896,1112.000000,335.000000
Buckeye Lake,39.9355,-82.4826,1153.000000,334.000000
Harbor Hills,39.9366,-82.4343,1154.000000,334.000000
Brownsville,39.9438,-82.2517,1159.000000,334.000000
Donnelsville,39.9154,-83.9429,1112.000000,334.000000
Pleasant Grove,39.9513,-81.9593,1168.000000,334.000000
Castine,39.9311,-84.6247,1103.000000,334.000000
Gordon,39.9303,-84.5091,1106.000000,334.000000
Gratiot,39.9515,-82.2167,1160.000000,334.000000
South Vienna,39.9295,-83.6139,1121.000000,334.000000
Zanesville,39.9565,-82.0132,1166.000000,334.000000
Kirkersville,39.95,-82.5985,1150.000000,334.000000
Springfield,39.9297,-83.7957,1116.000000,334.000000
Ithaca,39.9378,-84.5533,1105.000000,334.000000
Etna,39.9542,-82.688,1147.000000,334.000000
Quaker City,39.9697,-81.2973,1186.000000,334.000000
West Jefferson,39.9481,-83.2983,1130.000000,334.000000
Shadyside,39.9716,-80.7511,1202.000000,334.000000
Reynoldsburg,39.9587,-82.7944,1144.000000,334.000000
Lincoln Village,39.9532,-83.1314,1135.000000,334.000000
Hebron,39.9644,-82.4898,1153.000000,334.000000
Salesville,39.9742,-81.3365,1185.000000,333.000000
Byesville,39.9735,-81.5459,1179.000000,333.000000
Bexley,39.965,-82.9343,1140.000000,333.000000
Lake Darby,39.9604,-83.2243,1132.000000,333.000000
New Carlisle,39.9446,-84.0257,1119.000000,333.000000
Whitehall,39.9682,-82.8833,1142.000000,333.000000
Lore City,39.9832,-81.4601,1182.000000,333.000000
Norwich,39.9844,-81.7925,1172.000000,333.000000
Choctaw Lake,39.9609,-83.4874,1125.000000,333.000000
Barnesville,39.9888,-81.1728,1190.000000,333.000000
West Milton,39.9585,-84.3262,1111.000000,333.000000
New Madison,39.9676,-84.708,1100.000000,333.000000
Potsdam,39.9637,-84.4149,1108.000000,333.000000
North Zanesville,39.9905,-81.9982,1167.000000,333.000000
New Concord,39.9937,-81.7381,1174.000000,333.000000
Grandview Heights,39.9793,-83.0408,1137.000000,333.000000
Tipp City,39.9643,-84.1858,1115.000000,333.000000
Columbus,39.9862,-82.985,1139.000000,333.000000
Marble Cliff,39.9857,-83.0614,1137.000000,332.000000
Glencoe,40.0106,-80.8815,1198.000000,332.000000
Pitsburg,39.9871,-84.488,1106.000000,332.000000
Bethesda,40.0164,-81.0727,1193.000000,332.000000
Bellaire,40.0176,-80.7469,1202.000000,332.000000
Arcanum,39.9923,-84.5543,1105.000000,332.000000
Hollansburg,39.9986,-84.7927,1098.000000,332.000000
Cambridge,40.0221,-81.5868,1178.000000,332.000000
Pataskala,40.011,-82.7155,1146.000000,332.000000
Laura,39.9952,-84.4083,1109.000000,332.000000
North Hampton,39.9893,-83.9442,1112.000000,332.000000
Belmont,40.0279,-81.041,1194.000000,332.000000
Ludlow Falls,39.9981,-84.3392,1111.000000,332.000000
Catawba,39.9996,-83.6219,1121.000000,332.000000
Northridge,39.9971,-83.777,1116.000000,332.000000
Neffs,40.032,-80.8171,1200.000000,332.000000
Heath,40.0241,-82.4412,1154.000000,332.000000
Plumwood,40.0087,-83.4147,1127.000000,331.000000
Beechwood Trails,40.0252,-82.6463,1148.000000,331.000000
Old Washington,40.0376,-81.4442,1182.000000,331.000000
Gahanna,40.0251,-82.8637,1142.000000,331.000000
Wayne Lakes,40.0217,-84.6625,1101.000000,331.000000
Upper Arlington,40.0272,-83.0704,1136.000000,331.000000
Tremont City,40.0148,-83.8388,1115.000000,331.000000
Hilliard,40.0353,-83.1578,1134.000000,331.000000
Fairview,40.0573,-81.235,1188.000000,331.000000
Granville South,40.0521,-82.5415,1151.000000,331.000000
Morristown,40.0638,-81.0695,1193.000000,330.000000
Bridgeport,40.0673,-80.7473,1202.000000,330.000000
Wolfhurst,40.069,-80.781,1201.000000,330.000000
Brookside,40.0708,-80.7606,1202.000000,330.000000
Palestine,40.0501,-84.7444,1099.000000,330.000000
Adamsville,40.0689,-81.8826,1170.000000,330.000000
Granville,40.0648,-82.5023,1152.000000,330.000000
Lansing,40.0758,-80.7919,1201.000000,330.000000
Troy,40.0436,-84.2191,1114.000000,330.000000
St. Clairsville,40.0792,-80.8997,1198.000000,330.000000
Newark,40.0705,-82.4251,1155.000000,330.000000
Marne,40.0725,-82.3091,1158.000000,330.000000
Pleasant Hill,40.0506,-84.3462,1110.000000,330.000000
Casstown,40.0528,-84.1285,1117.000000,330.000000
Hanover,40.0819,-82.2761,1159.000000,330.000000
Minerva Park,40.077,-82.9407,1140.000000,329.000000
New Albany,40.0802,-82.7883,1144.000000,329.000000
Christiansburg,40.0567,-84.0254,1119.000000,329.000000
Riverlea,40.0805,-83.0254,1138.000000,329.000000
Alexandria,40.0901,-82.612,1149.000000,329.000000
Mechanicsburg,40.0735,-83.5564,1123.000000,329.000000
Martins Ferry,40.1014,-80.7253,1203.000000,329.000000
Bannock,40.1043,-80.9757,1195.000000,329.000000
Huber Ridge,40.0909,-82.9174,1141.000000,329.000000
Mutual,40.0794,-83.6368,1120.000000,329.000000
Worthington,40.0949,-83.021,1138.000000,329.000000
Lafferty,40.1142,-81.019,1194.000000,329.000000
Frazeysburg,40.1191,-82.1177,1163.000000,328.000000
Dresden,40.122,-82.013,1166.000000,328.000000
Greenville,40.1043,-84.6209,1103.000000,328.000000
Plain City,40.1067,-83.2693,1131.000000,328.000000
Dublin,40.1112,-83.1454,1134.000000,328.000000
Westerville,40.1241,-82.9209,1141.000000,328.000000
Urbana,40.1085,-83.7542,1117.000000,328.000000
Trinway,40.1376,-82.0119,1166.000000,328.000000
Gettysburg,40.1157,-84.4966,1106.000000,328.000000
Covington,40.1174,-84.3508,1110.000000,328.000000
Flushing,40.1481,-81.0644,1193.000000,328.000000
Kimbolton,40.1508,-81.5758,1179.000000,327.000000
Yorkville,40.1528,-80.7079,1203.000000,327.000000
Bradford,40.1319,-84.4293,1108.000000,327.000000
Unionville Center,40.1368,-83.3416,1129.000000,327.000000
Holloway,40.1621,-81.1313,1191.000000,327.000000
Johnstown,40.15,-82.6881,1147.000000,327.000000
St. Paris,40.127,-83.9644,1111.000000,327.000000
New California,40.1502,-83.2372,1132.000000,327.000000
Tiltonsville,40.1721,-80.6973,1203.000000,327.000000
Mount Pleasant,40.1759,-80.7996,1200.000000,327.000000
Fletcher,40.1419,-84.1119,1117.000000,327.000000
St. Louisville,40.1711,-82.4181,1155.000000,327.000000
Harrisville,40.1814,-80.8868,1198.000000,326.000000
Piqua,40.1505,-84.2441,1113.000000,326.000000
New Athens,40.1845,-80.9948,1195.000000,326.000000
Rayland,40.1842,-80.6911,1204.000000,326.000000
Powell,40.1684,-83.0826,1136.000000,326.000000
Conesville,40.1851,-81.892,1170.000000,326.000000
Connorville,40.1938,-80.7176,1203.000000,326.000000
Woodstock,40.1736,-83.5281,1123.000000,326.000000
Milford Center,40.1791,-83.4381,1126.000000,326.000000
Plainfield,40.205,-81.7181,1175.000000,326.000000
Freeport,40.2109,-81.2686,1187.000000,325.000000
Adena,40.2166,-80.8762,1198.000000,325.000000
Union City,40.1996,-84.7943,1098.000000,325.000000
Galena,40.2218,-82.8812,1142.000000,325.000000
Ansonia,40.2141,-84.6344,1102.000000,325.000000
Lockington,40.2075,-84.2358,1113.000000,324.000000
Utica,40.2335,-82.441,1154.000000,324.000000
North Lewisburg,40.2205,-83.5581,1123.000000,324.000000
Versailles,40.2225,-84.4832,1106.000000,324.000000
Hartford,40.2395,-82.6884,1147.000000,324.000000
Marysville,40.2278,-83.3595,1128.000000,324.000000
Rosewood,40.2174,-83.9635,1111.000000,324.000000
Russia,40.2341,-84.4077,1109.000000,324.000000
Sunbury,40.2485,-82.8804,1142.000000,324.000000
Cadiz,40.2644,-80.9981,1195.000000,324.000000
Coshocton,40.2618,-81.848,1171.000000,324.000000
Brilliant,40.2701,-80.6318,1205.000000,323.000000
Smithfield,40.2715,-80.7772,1201.000000,323.000000
Tippecanoe,40.2737,-81.2812,1187.000000,323.000000
Martinsburg,40.2695,-82.3545,1157.000000,323.000000
Newcomerstown,40.2762,-81.5949,1178.000000,323.000000
West Lafayette,40.2761,-81.7518,1174.000000,323.000000
Ostrander,40.2684,-83.2089,1132.000000,323.000000
West Liberty,40.2569,-83.7584,1117.000000,323.000000
New Alexandria,40.2916,-80.675,1204.000000,323.000000
Bladensburg,40.2851,-82.2837,1159.000000,323.000000
Canal Lewisville,40.299,-81.8402,1171.000000,322.000000
Rossburg,40.2803,-84.6385,1102.000000,322.000000
Delaware,40.2866,-83.0747,1136.000000,322.000000
Deersville,40.3083,-81.188,1190.000000,322.000000
Centerburg,40.3039,-82.6979,1147.000000,322.000000
Sidney,40.2891,-84.1667,1115.000000,322.000000
Mingo Junction,40.3244,-80.6174,1206.000000,322.000000
Hopedale,40.3265,-80.8954,1198.000000,322.000000
Port Washington,40.3268,-81.5191,1180.000000,322.000000
Fresno,40.3308,-81.7386,1174.000000,321.000000
Quincy,40.2956,-83.9687,1111.000000,321.000000
Warsaw,40.336,-82.0019,1167.000000,321.000000
Bloomingdale,40.3422,-80.818,1200.000000,321.000000
Nellie,40.3384,-82.0714,1165.000000,321.000000
Valley Hi,40.3163,-83.6759,1119.000000,321.000000
Kilbourne,40.3323,-82.9592,1140.000000,321.000000
De Graff,40.3127,-83.9167,1113.000000,321.000000
North Star,40.3243,-84.569,1104.000000,321.000000
Yorkshire,40.3253,-84.495,1106.000000,321.000000
Gnadenhutten,40.3594,-81.4293,1183.000000,320.000000
New Weston,40.337,-84.6436,1102.000000,320.000000
Raymond,40.335,-83.4634,1125.000000,320.000000
East Liberty,40.3339,-83.585,1122.000000,320.000000
Steubenville,40.3653,-80.652,1205.000000,320.000000
Osgood,40.3394,-84.4957,1106.000000,320.000000
Port Jefferson,40.3305,-84.0925,1118.000000,320.000000
Jewett,40.3681,-81.0031,1195.000000,320.000000
Zanesfield,40.3387,-83.6779,1119.000000,320.000000
Fort Loramie,40.3442,-84.3696,1110.000000,320.000000
Magnetic Springs,40.3533,-83.2628,1131.000000,320.000000
Burkettsville,40.353,-84.6426,1102.000000,320.000000
Wintersville,40.3791,-80.7095,1203.000000,320.000000
Gambier,40.3764,-82.3949,1155.000000,320.000000
Tuscarawas,40.3934,-81.4006,1184.000000,319.000000
Mount Vernon,40.3854,-82.4734,1153.000000,319.000000
Bellefontaine,40.3627,-83.763,1117.000000,319.000000
Dennison,40.3972,-81.3275,1186.000000,319.000000
Scio,40.399,-81.0882,1192.000000,319.000000
Uhrichsville,40.4005,-81.3515,1185.000000,319.000000
Stone Creek,40.3997,-81.558,1179.000000,319.000000
Pottery Addition,40.4031,-80.6241,1205.000000,319.000000
Radnor,40.3852,-83.1459,1134.000000,319.000000
Sparta,40.3943,-82.6995,1147.000000,319.000000
Marengo,40.4008,-82.8109,1144.000000,319.000000
Howard,40.4092,-82.3275,1157.000000,319.000000
Minster,40.3947,-84.3789,1109.000000,318.000000
Ashley,40.4098,-82.9516,1140.000000,318.000000
Bowerston,40.4273,-81.1874,1190.000000,318.000000
West Mansfield,40.4007,-83.5444,1123.000000,318.000000
Anna,40.3958,-84.176,1115.000000,318.000000
Fort Recovery,40.4112,-84.7761,1098.000000,318.000000
Richmond,40.4329,-80.772,1201.000000,318.000000
Midvale,40.4357,-81.3698,1184.000000,318.000000
St. Henry,40.4208,-84.6326,1102.000000,318.000000
Baltic,40.4436,-81.7016,1175.000000,318.000000
Apple Valley,40.4389,-82.3481,1157.000000,317.000000
East Springfield,40.4473,-80.8601,1199.000000,317.000000
Barnhill,40.4497,-81.3679,1184.000000,317.000000
Richwood,40.4277,-83.2955,1130.000000,317.000000
Leesville,40.4519,-81.2095,1189.000000,317.000000
Danville,40.447,-82.2608,1159.000000,317.000000
Toronto,40.4581,-80.6096,1206.000000,317.000000
Lewistown,40.4237,-83.8846,1113.000000,317.000000
Chickasaw,40.4367,-84.4936,1106.000000,317.000000
New Bremen,40.4356,-84.3777,1109.000000,317.000000
Kettlersville,40.4389,-84.2597,1113.000000,317.000000
Amsterdam,40.4717,-80.9217,1197.000000,317.000000
Prospect,40.454,-83.1848,1133.000000,317.000000
Gann,40.4693,-82.1913,1161.000000,317.000000
Jackson Center,40.4385,-84.0413,1119.000000,316.000000
Roswell,40.4759,-81.348,1185.000000,316.000000
Huntsville,40.4424,-83.8043,1116.000000,316.000000
Fulton,40.4629,-82.828,1143.000000,316.000000
Lake Buckhorn,40.4744,-81.9082,1169.000000,316.000000
Waldo,40.4598,-83.0847,1136.000000,316.000000
New Philadelphia,40.486,-81.4402,1182.000000,316.000000
Fredericktown,40.4784,-82.5485,1151.000000,316.000000
Chesterville,40.4777,-82.6818,1147.000000,316.000000
Rushsylvania,40.4613,-83.6712,1119.000000,316.000000
Botkins,40.4587,-84.1782,1115.000000,316.000000
Sherrodsville,40.4945,-81.2441,1188.000000,316.000000
Killbuck,40.4961,-81.9825,1167.000000,316.000000
Russells Point,40.468,-83.8939,1113.000000,316.000000
Coldwater,40.4833,-84.6317,1102.000000,315.000000
Sugarcreek,40.5076,-81.6409,1177.000000,315.000000
Empire,40.5117,-80.6261,1205.000000,315.000000
Cardington,40.498,-82.8937,1141.000000,315.000000
Montezuma,40.4892,-84.5497,1105.000000,315.000000
Bergholz,40.5208,-80.8851,1198.000000,315.000000
Glenmont,40.519,-82.0926,1164.000000,315.000000
Lakeview,40.4875,-83.9266,1112.000000,315.000000
New Knoxville,40.4943,-84.3158,1111.000000,315.000000
Stratton,40.5254,-80.6315,1205.000000,315.000000
Dover,40.5302,-81.4805,1181.000000,315.000000
Ridgeway,40.5119,-83.5688,1122.000000,314.000000
Belle Center,40.509,-83.7453,1117.000000,314.000000
Walnut Creek,40.5427,-81.7213,1174.000000,314.000000
Chippewa Park,40.516,-83.8875,1113.000000,314.000000
Green Camp,40.5321,-83.2076,1133.000000,314.000000
Dellroy,40.555,-81.1992,1189.000000,314.000000
Millersburg,40.5534,-81.9171,1169.000000,314.000000
Mount Victory,40.5338,-83.5211,1124.000000,314.000000
Parral,40.5609,-81.495,1181.000000,314.000000
Berlin,40.5628,-81.8011,1172.000000,313.000000
Mount Gilead,40.5532,-82.8279,1143.000000,313.000000
Irondale,40.5728,-80.7259,1203.000000,313.000000
Edison,40.5583,-82.8632,1142.000000,313.000000
St. Marys,40.5475,-84.3931,1109.000000,313.000000
Carrollton,40.5788,-81.0907,1192.000000,313.000000
Celina,40.5551,-84.5629,1104.000000,313.000000
Dundee,40.5868,-81.6069,1178.000000,313.000000
New Hampshire,40.554,-83.9531,1112.000000,313.000000
St. Johns,40.5558,-84.0796,1118.000000,313.000000
Butler,40.5896,-82.4211,1155.000000,312.000000
Wapakoneta,40.5663,-84.1915,1115.000000,312.000000
Nashville,40.5958,-82.1131,1163.000000,312.000000
Strasburg,40.6007,-81.5295,1180.000000,312.000000
Mineral City,40.6018,-81.361,1185.000000,312.000000
La Rue,40.578,-83.3821,1128.000000,312.000000
Wellsville,40.6042,-80.655,1205.000000,312.000000
New Bloomington,40.5837,-83.3125,1130.000000,312.000000
Marion,40.5933,-83.1237,1135.000000,312.000000
Zoar,40.6134,-81.4233,1183.000000,312.000000
Winesburg,40.6176,-81.6948,1175.000000,312.000000
Salineville,40.6207,-80.8345,1199.000000,312.000000
Holmesville,40.629,-81.9233,1169.000000,311.000000
East Liverpool,40.6333,-80.5677,1207.000000,311.000000
Candlewood Lake,40.6214,-82.7764,1145.000000,311.000000
Uniopolis,40.6024,-84.0858,1118.000000,311.000000
Bellville,40.6292,-82.5238,1152.000000,311.000000
Waynesfield,40.6024,-83.9739,1111.000000,311.000000
Loudonville,40.6342,-82.2328,1160.000000,311.000000
Sandyville,40.6467,-81.3671,1184.000000,311.000000
La Croft,40.6469,-80.5998,1206.000000,311.000000
Bolivar,40.6506,-81.4555,1182.000000,311.000000
Caledonia,40.6363,-82.9694,1139.000000,311.000000
Magnolia,40.653,-81.2928,1187.000000,310.000000
Beach City,40.6531,-81.5796,1178.000000,310.000000
Buckland,40.6235,-84.2599,1113.000000,310.000000
Wilmot,40.6557,-81.6349,1177.000000,310.000000
Lake Mohawk,40.6608,-81.1928,1189.000000,310.000000
East Sparta,40.6635,-81.3643,1185.000000,310.000000
Glenmoor,40.6639,-80.6133,1206.000000,310.000000
Perrysville,40.6584,-82.3144,1158.000000,310.000000
Waynesburg,40.6682,-81.2598,1187.000000,310.000000
Kenton,40.6448,-83.6095,1121.000000,310.000000
Summitville,40.6759,-80.8876,1198.000000,310.000000
Fredericksburg,40.677,-81.8697,1170.000000,310.000000
Calcutta,40.6847,-80.5624,1207.000000,309.000000
Shreve,40.6813,-82.0217,1166.000000,309.000000
Cridersville,40.6509,-84.1427,1116.000000,309.000000
Iberia,40.6747,-82.8403,1143.000000,309.000000
Malvern,40.6894,-81.1804,1190.000000,309.000000
Lexington,40.68,-82.5793,1150.000000,309.000000
Mount Eaton,40.6946,-81.7021,1175.000000,309.000000
Mendon,40.6733,-84.5175,1105.000000,309.000000
Morral,40.6914,-83.2098,1133.000000,308.000000
Lucas,40.7042,-82.4222,1155.000000,308.000000
Brewster,40.7135,-81.5992,1178.000000,308.000000
Rockford,40.6915,-84.6502,1102.000000,308.000000
Fort Shawnee,40.6814,-84.1487,1116.000000,308.000000
Marseilles,40.7012,-83.3923,1127.000000,308.000000
McGuffey,40.6928,-83.7859,1116.000000,308.000000
Navarre,40.7262,-81.5146,1180.000000,308.000000
Minerva,40.7306,-81.1022,1192.000000,308.000000
Westminster,40.699,-83.9795,1111.000000,308.000000
Spencerville,40.7079,-84.3526,1110.000000,308.000000
Harrod,40.7074,-83.9213,1112.000000,307.000000
Alger,40.7096,-83.8441,1115.000000,307.000000
Kidron,40.744,-81.7467,1174.000000,307.000000
East Rochester,40.7495,-81.04,1194.000000,307.000000
Apple Creek,40.7486,-81.8333,1171.000000,307.000000
Galion,40.7385,-82.7792,1145.000000,307.000000
Richville,40.7529,-81.4684,1182.000000,307.000000
Hanoverton,40.7547,-80.9355,1197.000000,307.000000
Harpster,40.7384,-83.2502,1131.000000,307.000000
Robertsville,40.7619,-81.194,1189.000000,307.000000
Lake Tomahawk,40.7638,-80.5952,1206.000000,307.000000
Willshire,40.7465,-84.7924,1098.000000,307.000000
Elgin,40.7428,-84.4759,1107.000000,307.000000
Lisbon,40.7752,-80.7628,1201.000000,306.000000
Mansfield,40.7656,-82.5275,1152.000000,306.000000
Lima,40.741,-84.1121,1117.000000,306.000000
Mifflin,40.7734,-82.3639,1156.000000,306.000000
Hayesville,40.7752,-82.2596,1159.000000,306.000000
Ontario,40.771,-82.6105,1149.000000,306.000000
Massillon,40.7838,-81.5254,1180.000000,306.000000
East Canton,40.7889,-81.285,1187.000000,306.000000
Rogers,40.7897,-80.6275,1205.000000,306.000000
Negley,40.7927,-80.536,1208.000000,306.000000
Ohio City,40.7703,-84.6162,1103.000000,306.000000
Lafayette,40.7589,-83.9499,1112.000000,306.000000
Crestline,40.7836,-82.7458,1146.000000,306.000000
Perry Heights,40.7977,-81.468,1182.000000,306.000000
Dalton,40.7986,-81.7033,1175.000000,306.000000
Ada,40.7681,-83.8253,1115.000000,305.000000
North Robinson,40.7924,-82.8568,1143.000000,305.000000
Canton,40.8075,-81.3677,1184.000000,305.000000
Patterson,40.7822,-83.5263,1124.000000,305.000000
Jeromesville,40.8037,-82.1965,1161.000000,305.000000
Venedocia,40.7852,-84.4559,1107.000000,305.000000
Dola,40.7848,-83.6989,1119.000000,305.000000
Meyers Lake,40.8159,-81.4165,1183.000000,305.000000
Dunkirk,40.788,-83.6429,1120.000000,305.000000
Elida,40.7868,-84.1995,1114.000000,305.000000
Wooster,40.8171,-81.9335,1169.000000,305.000000
Wren,40.8006,-84.7746,1098.000000,305.000000
Bucyrus,40.8054,-82.9719,1139.000000,305.000000
Hills and Dales,40.8292,-81.4439,1182.000000,305.000000
Forest,40.8051,-83.5116,1124.000000,304.000000
Homeworth,40.8358,-81.0649,1193.000000,304.000000
Louisville,40.8371,-81.2643,1187.000000,304.000000
Nevada,40.8188,-83.1312,1135.000000,304.000000
Kirby,40.8135,-83.4194,1127.000000,304.000000
East Palestine,40.8392,-80.5467,1208.000000,304.000000
North Lawrence,40.8417,-81.6347,1177.000000,304.000000
New Pittsburg,40.8416,-82.0989,1164.000000,304.000000
New Waterford,40.8478,-80.6188,1206.000000,304.000000
Orrville,40.848,-81.7743,1173.000000,304.000000
Upper Sandusky,40.8298,-83.2721,1131.000000,304.000000
Oceola,40.8442,-83.0947,1136.000000,303.000000
Smithville,40.8625,-81.8604,1171.000000,303.000000
Cairo,40.8307,-84.0847,1118.000000,303.000000
Beaverdam,40.8328,-83.974,1111.000000,303.000000
Ashland,40.8668,-82.3156,1158.000000,303.000000
North Canton,40.8742,-81.3971,1184.000000,303.000000
Leetonia,40.8785,-80.7623,1201.000000,303.000000
Delphos,40.8481,-84.3368,1110.000000,303.000000
Middle Point,40.8559,-84.4463,1107.000000,303.000000
Sulphur Springs,40.8722,-82.8765,1142.000000,303.000000
Columbiana,40.8871,-80.675,1204.000000,303.000000
Wharton,40.8613,-83.4648,1125.000000,303.000000
Van Wert,40.865,-84.5879,1103.000000,302.000000
Canal Fulton,40.8895,-81.5882,1178.000000,302.000000
Shelby,40.8847,-82.6578,1148.000000,302.000000
Washingtonville,40.899,-80.7677,1201.000000,302.000000
Marshallville,40.8996,-81.733,1174.000000,302.000000
Damascus,40.9042,-80.9524,1196.000000,302.000000
Salem,40.9049,-80.8491,1199.000000,302.000000
Alliance,40.9107,-81.1189,1191.000000,302.000000
Maple Ridge,40.9143,-81.0468,1193.000000,302.000000
Vaughnsville,40.8814,-84.1458,1116.000000,302.000000
Beloit,40.9196,-80.9963,1195.000000,301.000000
Tiro,40.9062,-82.769,1145.000000,301.000000
Sebring,40.9207,-81.0231,1194.000000,301.000000
Arlington,40.8939,-83.6529,1120.000000,301.000000
Mount Blanchard,40.8986,-83.5568,1123.000000,301.000000
Bluffton,40.8912,-83.8887,1113.000000,301.000000
Greentown,40.9274,-81.402,1183.000000,301.000000
Clinton,40.9284,-81.6304,1177.000000,301.000000
Congress,40.9255,-82.0557,1165.000000,301.000000
Jenera,40.8995,-83.7271,1118.000000,301.000000
Fort Jennings,40.9067,-84.2997,1112.000000,301.000000
Convoy,40.9177,-84.7053,1100.000000,301.000000
Green,40.9483,-81.4757,1181.000000,300.000000
Marlboro,40.9504,-81.2166,1189.000000,300.000000
Polk,40.9449,-82.2147,1161.000000,300.000000
New Franklin,40.9525,-81.5838,1178.000000,300.000000
Bailey Lakes,40.9489,-82.357,1157.000000,300.000000
Columbus Grove,40.9205,-84.0598,1118.000000,300.000000
Hartville,40.9618,-81.3347,1185.000000,300.000000
Ottoville,40.9343,-84.3383,1110.000000,300.000000
New Middletown,40.9646,-80.5597,1207.000000,300.000000
Chatfield,40.9511,-82.942,1140.000000,300.000000
Mount Cory,40.9348,-83.8235,1115.000000,300.000000
Sterling,40.9664,-81.8441,1171.000000,300.000000
Doylestown,40.97,-81.6954,1175.000000,300.000000
Sycamore,40.9517,-83.1709,1134.000000,300.000000
Uniontown,40.9736,-81.4045,1183.000000,300.000000
Carey,40.9499,-83.3826,1128.000000,300.000000
West Salem,40.9696,-82.108,1164.000000,300.000000
Savannah,40.9669,-82.3661,1156.000000,300.000000
New Washington,40.9604,-82.8547,1143.000000,300.000000
Rittman,40.9736,-81.7849,1173.000000,300.000000
Creston,40.9769,-81.8998,1169.000000,299.000000
Shiloh,40.9695,-82.6016,1150.000000,299.000000
Limaville,40.9842,-81.1482,1191.000000,299.000000
Pandora,40.9474,-83.9567,1112.000000,299.000000
Cinnamon Lake,40.9835,-82.1914,1161.000000,299.000000
Burbank,40.9862,-81.9949,1167.000000,299.000000
Rawson,40.9569,-83.785,1116.000000,299.000000
Vanlue,40.9751,-83.4824,1125.000000,299.000000
Portage Lakes,41.0034,-81.5347,1180.000000,299.000000
Plymouth,40.9966,-82.6672,1148.000000,298.000000
Barberton,41.0094,-81.6038,1178.000000,298.000000
Scott,40.989,-84.5837,1103.000000,298.000000
McCutchenville,40.9944,-83.2547,1131.000000,298.000000
Kalida,40.9854,-84.1945,1114.000000,298.000000
Lakemore,41.0215,-81.4264,1183.000000,298.000000
Poland,41.022,-80.6156,1206.000000,298.000000
Seville,41.0208,-81.8671,1170.000000,298.000000
Atwater,41.0266,-81.1622,1190.000000,298.000000
Wadsworth,41.0279,-81.7324,1174.000000,298.000000
Norton,41.0294,-81.6461,1177.000000,298.000000
Canfield,41.0315,-80.7672,1201.000000,298.000000
Westfield Center,41.0282,-81.9314,1169.000000,298.000000
Boardman,41.0334,-80.6671,1204.000000,298.000000
Sawyerwood,41.0344,-81.4413,1182.000000,298.000000
Benton Ridge,41.0042,-83.7927,1116.000000,297.000000
Lodi,41.0348,-82.0122,1166.000000,297.000000
Lowellville,41.039,-80.5463,1208.000000,297.000000
Celeryville,41.0287,-82.7273,1146.000000,297.000000
Greenwich,41.0318,-82.5198,1152.000000,297.000000
Haviland,41.0178,-84.5853,1103.000000,297.000000
Melmore,41.0262,-83.1049,1136.000000,297.000000
Grover Hill,41.019,-84.4775,1106.000000,297.000000
Cloverdale,41.0193,-84.3035,1111.000000,297.000000
Struthers,41.051,-80.592,1206.000000,297.000000
Mogadore,41.0523,-81.3993,1184.000000,297.000000
Gilboa,41.0186,-83.9214,1113.000000,297.000000
Ottawa,41.0203,-84.0354,1119.000000,297.000000
Gloria Glens Park,41.0577,-81.901,1169.000000,297.000000
Willard,41.0518,-82.7232,1146.000000,297.000000
Glandorf,41.0279,-84.0791,1118.000000,297.000000
Bloomville,41.0514,-83.0137,1138.000000,296.000000
New Riegel,41.0519,-83.319,1130.000000,296.000000
Findlay,41.0467,-83.6379,1121.000000,296.000000
Chippewa Lake,41.0737,-81.9047,1169.000000,296.000000
Campbell,41.0777,-80.5904,1206.000000,296.000000
Attica,41.0634,-82.8873,1142.000000,296.000000
Akron,41.0798,-81.5219,1180.000000,296.000000
Dupont,41.0547,-84.3011,1111.000000,296.000000
New London,41.0796,-82.4066,1155.000000,296.000000
Austintown,41.0932,-80.7405,1202.000000,296.000000
Brimfield,41.0941,-81.3483,1185.000000,296.000000
Lake Milton,41.096,-80.9812,1195.000000,295.000000
Youngstown,41.0993,-80.6463,1205.000000,295.000000
Payne,41.0797,-84.7272,1099.000000,295.000000
Tallmadge,41.1023,-81.4216,1183.000000,295.000000
Spencer,41.0991,-82.1231,1163.000000,295.000000
Holiday Lakes,41.0923,-82.7292,1146.000000,295.000000
Pigeon Creek,41.1101,-81.6723,1176.000000,295.000000
Latty,41.0879,-84.5832,1103.000000,295.000000
Broughton,41.088,-84.5351,1105.000000,295.000000
North Fairfield,41.1045,-82.6139,1149.000000,295.000000
Craig Beach,41.116,-80.9828,1195.000000,295.000000
Melrose,41.0887,-84.4201,1108.000000,295.000000
Oakwood,41.0927,-84.3747,1109.000000,295.000000
Fairlawn,41.127,-81.6215,1177.000000,294.000000
Rochester,41.1246,-82.3058,1158.000000,294.000000
Continental,41.1001,-84.2727,1112.000000,294.000000
Arcadia,41.1078,-83.5144,1124.000000,294.000000
Tiffin,41.1165,-83.1805,1133.000000,294.000000
Mineral Ridge,41.1379,-80.7653,1201.000000,294.000000
Medina,41.1358,-81.8694,1170.000000,294.000000
Miller City,41.1035,-84.1304,1116.000000,294.000000
Munroe Falls,41.1386,-81.4344,1183.000000,294.000000
Maplewood Park,41.1393,-80.5798,1207.000000,294.000000
McComb,41.1068,-83.7898,1116.000000,294.000000
Republic,41.125,-83.0167,1138.000000,294.000000
West Leipsic,41.1053,-84.0011,1120.000000,294.000000
Leipsic,41.1096,-83.9674,1111.000000,294.000000
Kent,41.149,-81.361,1185.000000,294.000000
Bascom,41.129,-83.2869,1130.000000,294.000000
Montrose-Ghent,41.1538,-81.6438,1177.000000,293.000000
Silver Lake,41.1593,-81.4605,1182.000000,293.000000
Hubbard,41.1595,-80.5672,1207.000000,293.000000
Ravenna,41.1613,-81.2421,1188.000000,293.000000
Hilltop,41.1627,-80.7408,1202.000000,293.000000
McDonald,41.1634,-80.723,1203.000000,293.000000
Cuyahoga Falls,41.1641,-81.5207,1180.000000,293.000000
Girard,41.1666,-80.6963,1203.000000,293.000000
Wellington,41.161,-82.2268,1160.000000,293.000000
Paulding,41.1424,-84.5824,1103.000000,293.000000
Lordstown,41.1684,-80.859,1199.000000,293.000000
Van Buren,41.1388,-83.6494,1120.000000,293.000000
Churchill,41.1692,-80.666,1204.000000,293.000000
South Canal,41.1759,-80.9864,1195.000000,293.000000
Stow,41.1765,-81.4344,1183.000000,293.000000
Fostoria,41.1601,-83.412,1127.000000,292.000000
McKinley Heights,41.1859,-80.7177,1203.000000,292.000000
Niles,41.1878,-80.753,1202.000000,292.000000
Newton Falls,41.1888,-80.9712,1196.000000,292.000000
Belmore,41.1549,-83.9419,1112.000000,292.000000
Bloomdale,41.1716,-83.5534,1123.000000,292.000000
Bairdstown,41.1711,-83.6072,1121.000000,292.000000
Antwerp,41.1798,-84.7377,1099.000000,292.000000
Sugar Bush Knolls,41.2037,-81.3471,1185.000000,292.000000
Bolindale,41.2089,-80.7784,1201.000000,292.000000
Masury,41.2083,-80.5378,1208.000000,292.000000
North Baltimore,41.1798,-83.6702,1120.000000,292.000000
Pheasant Run,41.2072,-82.1481,1163.000000,292.000000
Hoytville,41.19,-83.7844,1116.000000,291.000000
Fort Seneca,41.2042,-83.168,1134.000000,291.000000
West Hill,41.23,-80.5269,1208.000000,291.000000
Vienna Center,41.2345,-80.6541,1205.000000,291.000000
Richfield,41.2353,-81.6421,1177.000000,291.000000
Windham,41.2375,-81.0373,1194.000000,291.000000
New Bavaria,41.2038,-84.1673,1115.000000,291.000000
Warren,41.239,-80.8174,1200.000000,291.000000
Brookfield Center,41.2383,-80.5548,1207.000000,291.000000
Valley City,41.2354,-81.9357,1168.000000,291.000000
Peninsula,41.2379,-81.5519,1179.000000,291.000000
Streetsboro,41.2396,-81.3456,1185.000000,291.000000
Hudson,41.2399,-81.4408,1182.000000,291.000000
Cecil,41.219,-84.6018,1103.000000,290.000000
Deshler,41.2075,-83.9056,1113.000000,290.000000
Leavittsburg,41.2452,-80.8789,1198.000000,290.000000
LaGrange,41.2401,-82.1181,1163.000000,290.000000
Howland Center,41.2483,-80.7444,1202.000000,290.000000
Brunswick,41.2464,-81.8198,1172.000000,290.000000
Flat Rock,41.2355,-82.8592,1143.000000,290.000000
Boston Heights,41.2539,-81.509,1180.000000,290.000000
Norwalk,41.2443,-82.6088,1150.000000,290.000000
Monroeville,41.244,-82.7018,1147.000000,290.000000
Collins,41.2508,-82.4915,1153.000000,290.000000
Wakeman,41.253,-82.4028,1155.000000,290.000000
Old Fort,41.2419,-83.1515,1134.000000,290.000000
Bettsville,41.2441,-83.2338,1132.000000,290.000000
Hamler,41.2281,-84.0355,1119.000000,290.000000
Morgandale,41.267,-80.7958,1201.000000,290.000000
Kansas,41.2452,-83.2839,1131.000000,290.000000
Yankee Lake,41.2682,-80.568,1207.000000,290.000000
West Millgrove,41.2427,-83.4915,1125.000000,290.000000
Cygnet,41.2407,-83.6437,1120.000000,290.000000
Kipton,41.2665,-82.3039,1158.000000,289.000000
Green Springs,41.257,-83.0529,1137.000000,289.000000
Mantua,41.2819,-81.2221,1189.000000,289.000000
Jerry City,41.2537,-83.6023,1122.000000,289.000000
Garrettsville,41.2843,-81.0933,1192.000000,289.000000
Holgate,41.2493,-84.1292,1116.000000,289.000000
Grafton,41.2808,-82.0367,1166.000000,289.000000
Bellevue,41.2743,-82.8394,1143.000000,289.000000
Burgoon,41.2674,-83.2508,1132.000000,289.000000
Oberlin,41.2857,-82.2197,1161.000000,289.000000
Risingsun,41.2671,-83.4268,1127.000000,289.000000
Milan,41.2883,-82.5995,1150.000000,289.000000
Champion Heights,41.3031,-80.8514,1199.000000,288.000000
Twinsburg Heights,41.3064,-81.4579,1182.000000,288.000000
Brecksville,41.3079,-81.6193,1177.000000,288.000000
Eaton Estates,41.3061,-82.0114,1166.000000,288.000000
Defiance,41.281,-84.3661,1110.000000,288.000000
Hiram,41.3113,-81.1429,1191.000000,288.000000
Aurora,41.3118,-81.345,1185.000000,288.000000
Macedonia,41.3147,-81.4989,1181.000000,288.000000
Strongsville,41.3128,-81.8313,1171.000000,288.000000
Hicksville,41.2944,-84.7648,1098.000000,288.000000
North Royalton,41.3138,-81.7452,1174.000000,288.000000
Custar,41.2846,-83.8438,1115.000000,288.000000
Broadview Heights,41.3195,-81.6782,1176.000000,288.000000
Clyde,41.3046,-82.9782,1139.000000,288.000000
Twinsburg,41.322,-81.4451,1182.000000,288.000000
Rudolph,41.2966,-83.6641,1120.000000,288.000000
Wayne,41.301,-83.4717,1125.000000,288.000000
Berlin Heights,41.3204,-82.4904,1153.000000,288.000000
Cortland,41.332,-80.7195,1203.000000,287.000000
Reminderville,41.3338,-81.4018,1184.000000,287.000000
Milton Center,41.3008,-83.8295,1115.000000,287.000000
Orangeville,41.3421,-80.5277,1208.000000,287.000000
Northfield,41.3427,-81.5286,1180.000000,287.000000
Ballville,41.3269,-83.1367,1135.000000,287.000000
Bradner,41.3237,-83.4363,1126.000000,287.000000
Portage,41.3232,-83.6468,1120.000000,287.000000
Florida,41.3237,-84.2004,1114.000000,287.000000
Malinta,41.3196,-84.0353,1119.000000,287.000000
South Amherst,41.3515,-82.2394,1160.000000,287.000000
Glenwillow,41.3606,-81.4728,1182.000000,286.000000
Helena,41.3403,-83.2921,1130.000000,286.000000
Walton Hills,41.3662,-81.5554,1179.000000,286.000000
Oakwood,41.3668,-81.5036,1181.000000,286.000000
Olmsted Falls,41.3658,-81.9042,1169.000000,286.000000
Parkman,41.3722,-81.0591,1193.000000,286.000000
Stony Prairie,41.3521,-83.1519,1134.000000,286.000000
Middleburg Heights,41.3695,-81.8151,1172.000000,286.000000
Berea,41.3696,-81.8642,1171.000000,286.000000
Fremont,41.3536,-83.1148,1135.000000,286.000000
Independence,41.378,-81.6385,1177.000000,286.000000
Weston,41.3464,-83.7948,1116.000000,286.000000
Elyria,41.3761,-82.1063,1164.000000,286.000000
Seven Hills,41.3805,-81.6737,1176.000000,286.000000
Valley View,41.3832,-81.6067,1178.000000,286.000000
Parma,41.3843,-81.7286,1174.000000,286.000000
Solon,41.3864,-81.4401,1182.000000,286.000000
Parma Heights,41.3865,-81.7637,1173.000000,286.000000
North Ridgeville,41.3851,-82.0194,1166.000000,286.000000
Mitiwanga,41.3813,-82.466,1154.000000,286.000000
West Farmington,41.391,-80.974,1196.000000,286.000000
Bedford,41.3919,-81.5359,1180.000000,285.000000
Vickery,41.3769,-82.9416,1140.000000,285.000000
Bainbridge,41.3944,-81.3366,1185.000000,285.000000
Beulah Beach,41.3917,-82.4428,1154.000000,285.000000
Huron,41.3913,-82.5635,1151.000000,285.000000
Bedford Heights,41.4042,-81.5053,1181.000000,285.000000
Brook Park,41.4036,-81.8219,1172.000000,285.000000
Ney,41.3806,-84.5212,1105.000000,285.000000
Bowling Green,41.3773,-83.65,1120.000000,285.000000
McClure,41.371,-83.9415,1112.000000,285.000000
Amherst,41.4022,-82.2303,1160.000000,285.000000
Maple Heights,41.4094,-81.5625,1179.000000,285.000000
Gibsonburg,41.3875,-83.3216,1130.000000,285.000000
Bentleyville,41.4122,-81.4121,1183.000000,285.000000
Castalia,41.4011,-82.808,1144.000000,285.000000
Vermilion,41.4103,-82.3214,1158.000000,285.000000
North Olmsted,41.415,-81.919,1169.000000,285.000000
Brooklyn Heights,41.4178,-81.668,1176.000000,285.000000
Garfield Heights,41.4199,-81.6038,1178.000000,284.000000
Hessville,41.403,-83.243,1132.000000,284.000000
South Russell,41.4318,-81.3351,1185.000000,284.000000
Chagrin Falls,41.4321,-81.3887,1184.000000,284.000000
Napoleon,41.3978,-84.1244,1116.000000,284.000000
North Randall,41.4327,-81.5289,1180.000000,284.000000
Pemberville,41.4096,-83.4588,1126.000000,284.000000
Cuyahoga Heights,41.435,-81.6562,1176.000000,284.000000
Brooklyn,41.4349,-81.7498,1174.000000,284.000000
Warrensville Heights,41.4363,-81.5222,1180.000000,284.000000
Wightmans Grove,41.4241,-83.0466,1137.000000,284.000000
Orange,41.4415,-81.4743,1181.000000,284.000000
Moreland Hills,41.4422,-81.4294,1183.000000,284.000000
Lindsey,41.4217,-83.221,1132.000000,284.000000
Grand Rapids,41.4078,-83.868,1114.000000,284.000000
Fairview Park,41.4419,-81.853,1171.000000,284.000000
Whites Landing,41.4308,-82.896,1142.000000,284.000000
Lorain,41.4409,-82.184,1162.000000,284.000000
Linndale,41.4449,-81.7669,1173.000000,284.000000
Highland Hills,41.4507,-81.5191,1180.000000,283.000000
Newburgh Heights,41.4509,-81.6627,1176.000000,283.000000
Avon,41.4485,-82.0187,1166.000000,283.000000
Tontogany,41.4212,-83.741,1118.000000,283.000000
Kinsman Center,41.4544,-80.5854,1206.000000,283.000000
Westlake,41.4524,-81.9295,1169.000000,283.000000
Sandusky,41.4437,-82.7149,1147.000000,283.000000
Middlefield,41.4604,-81.0734,1193.000000,283.000000
Woodmere,41.46,-81.4798,1181.000000,283.000000
Sheffield,41.4559,-82.0912,1164.000000,283.000000
Crystal Rock,41.448,-82.8419,1143.000000,283.000000
Burton,41.4708,-81.1456,1191.000000,283.000000
Ridgeville Corners,41.4386,-84.2553,1113.000000,283.000000
Edgerton,41.4494,-84.75,1099.000000,283.000000
Rocky River,41.4703,-81.8526,1171.000000,283.000000
Woodville,41.451,-83.364,1128.000000,283.000000
Shaker Heights,41.4744,-81.5496,1179.000000,283.000000
Beachwood,41.4759,-81.503,1181.000000,283.000000
Cleveland,41.4767,-81.6804,1176.000000,283.000000
Luckey,41.4525,-83.4839,1125.000000,283.000000
Hunting Valley,41.4802,-81.4108,1183.000000,282.000000
Pepper Pike,41.4801,-81.4619,1182.000000,282.000000
Bay View,41.468,-82.825,1144.000000,282.000000
Liberty Center,41.4436,-84.0078,1120.000000,282.000000
Lakewood,41.4824,-81.8008,1172.000000,282.000000
Bay Village,41.4851,-81.9315,1169.000000,282.000000
Elmore,41.4707,-83.2912,1130.000000,282.000000
Sheffield Lake,41.4884,-82.0978,1164.000000,282.000000
University Heights,41.4948,-81.5348,1180.000000,282.000000
Haskins,41.4648,-83.7043,1119.000000,282.000000
Bryan,41.4706,-84.5484,1104.000000,282.000000
Avon Lake,41.4945,-82.016,1166.000000,282.000000
Cleveland Heights,41.5112,-81.5636,1179.000000,281.000000
Lyndhurst,41.5172,-81.4922,1181.000000,281.000000
Mayfield Heights,41.5175,-81.4534,1182.000000,281.000000
Chesterland,41.5213,-81.3363,1185.000000,281.000000
South Euclid,41.5239,-81.5245,1180.000000,281.000000
Port Clinton,41.5096,-82.9385,1140.000000,281.000000
Neapolis,41.4906,-83.8748,1114.000000,281.000000
Stryker,41.5026,-84.4183,1108.000000,281.000000
Oak Harbor,41.5122,-83.1425,1135.000000,281.000000
Gates Mills,41.5316,-81.41,1183.000000,281.000000
East Cleveland,41.5318,-81.5795,1179.000000,281.000000
Waterville,41.5015,-83.7365,1118.000000,281.000000
Stony Ridge,41.5075,-83.5093,1124.000000,281.000000
Marblehead,41.5223,-82.7279,1146.000000,281.000000
Orwell,41.5364,-80.8596,1199.000000,281.000000
Pulaski,41.5108,-84.5079,1105.000000,281.000000
Genoa,41.5204,-83.3619,1128.000000,280.000000
Blakeslee,41.5242,-84.7308,1099.000000,280.000000
Aquilla,41.5465,-81.173,1190.000000,280.000000
Archbold,41.5165,-84.3036,1111.000000,280.000000
Mayfield,41.5501,-81.4369,1183.000000,280.000000
Rocky Ridge,41.531,-83.2126,1133.000000,280.000000
Highland Heights,41.5518,-81.4691,1182.000000,280.000000
Lakeside,41.5408,-82.7534,1146.000000,280.000000
Whitehouse,41.5215,-83.7957,1116.000000,280.000000
Bratenahl,41.5546,-81.6046,1178.000000,280.000000
Richmond Heights,41.5589,-81.5029,1181.000000,280.000000
Pettisville,41.5323,-84.2231,1113.000000,280.000000
Perrysburg,41.5377,-83.6413,1121.000000,280.000000
Edon,41.5562,-84.7693,1098.000000,279.000000
Chardon,41.5803,-81.2082,1189.000000,279.000000
Willoughby Hills,41.5873,-81.4333,1183.000000,279.000000
Wauseon,41.5532,-84.141,1116.000000,279.000000
Millbury,41.5648,-83.4255,1127.000000,279.000000
Euclid,41.5904,-81.5188,1180.000000,279.000000
Kirtland,41.5969,-81.3406,1185.000000,279.000000
Clay Center,41.5732,-83.3643,1128.000000,279.000000
Maumee,41.5696,-83.6636,1120.000000,278.000000
Montpelier,41.5817,-84.5968,1103.000000,278.000000
Andover,41.6066,-80.5687,1207.000000,278.000000
Wickliffe,41.6072,-81.469,1182.000000,278.000000
Rossford,41.5832,-83.5692,1123.000000,278.000000
Waite Hill,41.6124,-81.3859,1184.000000,278.000000
Walbridge,41.5864,-83.4929,1125.000000,278.000000
Delta,41.5753,-84.0084,1120.000000,278.000000
Kelleys Island,41.6033,-82.7029,1147.000000,278.000000
West Unity,41.5889,-84.4305,1108.000000,278.000000
Swanton,41.584,-83.8881,1114.000000,278.000000
Williston,41.6026,-83.3419,1129.000000,278.000000
Willowick,41.6343,-81.468,1182.000000,277.000000
Northwood,41.6089,-83.4836,1125.000000,277.000000
Kirtland Hills,41.6362,-81.3193,1186.000000,277.000000
Roaming Shores,41.6366,-80.8249,1200.000000,277.000000
Tedrow,41.6029,-84.2043,1114.000000,277.000000
Curtice,41.616,-83.3744,1128.000000,277.000000
Holiday City,41.6182,-84.5385,1105.000000,277.000000
Willoughby,41.646,-81.4084,1183.000000,277.000000
Holland,41.6192,-83.7083,1119.000000,277.000000
Eastlake,41.6581,-81.4323,1183.000000,276.000000
Lakeline,41.6596,-81.4543,1182.000000,276.000000
Rock Creek,41.6604,-80.8543,1199.000000,276.000000
Kunkle,41.6359,-84.4941,1106.000000,276.000000
Timberlake,41.6655,-81.4428,1182.000000,276.000000
Put-in-Bay,41.6528,-82.8174,1144.000000,276.000000
Oregon,41.6528,-83.4322,1127.000000,276.000000
Mentor,41.6895,-81.3361,1185.000000,275.000000
Toledo,41.6639,-83.5822,1122.000000,275.000000
Alvordton,41.6646,-84.4347,1108.000000,275.000000
Lake Seneca,41.6695,-84.6516,1101.000000,275.000000
Ottawa Hills,41.6682,-83.6433,1121.000000,275.000000
Nettle Lake,41.6785,-84.7271,1099.000000,275.000000
Pioneer,41.6773,-84.5524,1104.000000,275.000000
Fayette,41.6727,-84.3284,1110.000000,275.000000
Mentor-on-the-Lake,41.7135,-81.365,1185.000000,275.000000
Harbor View,41.6933,-83.4447,1126.000000,274.000000
Painesville,41.724,-81.2536,1188.000000,274.000000
Lyons,41.7004,-84.0718,1118.000000,274.000000
Jefferson,41.7384,-80.7689,1201.000000,274.000000
Sylvania,41.71,-83.7091,1119.000000,274.000000
Grand River,41.7418,-81.2846,1187.000000,274.000000
Berkey,41.7084,-83.8383,1115.000000,274.000000
Fairport Harbor,41.7477,-81.2731,1187.000000,273.000000
Metamora,41.7114,-83.9057,1113.000000,273.000000
Perry,41.7637,-81.143,1191.000000,273.000000
Austinburg,41.7692,-80.8556,1199.000000,273.000000
Madison,41.7722,-81.053,1193.000000,273.000000
North Perry,41.8003,-81.1241,1191.000000,272.000000
Geneva,41.8006,-80.9461,1196.000000,272.000000
North Madison,41.8298,-81.0511,1193.000000,271.000000
Geneva-on-the-Lake,41.8562,-80.9493,1196.000000,270.000000
Edgewood,41.8783,-80.7461,1202.000000,269.000000
Ashtabula,41.8806,-80.7984,1200.000000,269.000000
North Kingsville,41.9189,-80.6724,1204.000000,268.000000
Conneaut,41.9278,-80.5685,1207.000000,267.000000
