Kemp,33.7695,-96.3543,792.000000,543.000000
Hendrix,33.7753,-96.4071,790.000000,542.000000
Thackerville,33.7937,-97.1422,770.000000,542.000000
Haworth,33.8403,-94.6571,829.000000,541.000000
Achille,33.8346,-96.39,791.000000,540.000000
Cartwright,33.8555,-96.561,786.000000,540.000000
Colbert,33.8578,-96.5043,788.000000,540.000000
Leon,33.8773,-97.4291,761.000000,540.000000
Terral,33.8966,-97.9383,747.000000,539.000000
Albany,33.8769,-96.16,797.000000,539.000000
Burneyville,33.9055,-97.2913,765.000000,539.000000
Idabel,33.9041,-94.8294,824.000000,539.000000
Platter,33.9066,-96.5337,787.000000,538.000000
Marietta,33.9355,-97.1242,770.000000,537.000000
Calera,33.9312,-96.4299,790.000000,537.000000
Grant,33.9387,-95.5156,805.000000,537.000000
Garvin,33.9559,-94.9348,821.000000,537.000000
New Woodville,33.9687,-96.655,783.000000,536.000000
Lebanon,33.9737,-96.9177,776.000000,536.000000
Millerton,33.9843,-95.019,819.000000,536.000000
Kingston,33.9979,-96.6952,782.000000,535.000000
Blue,33.9899,-96.2304,795.000000,535.000000
Valliant,34.0043,-95.0895,817.000000,535.000000
Durant,33.9957,-96.3938,791.000000,535.000000
Ryan,34.0213,-97.9541,747.000000,535.000000
Mead,34.0008,-96.511,788.000000,535.000000
Swink,34.0168,-95.2022,814.000000,535.000000
Hugo,34.0121,-95.5115,805.000000,535.000000
Bennington,34.0038,-96.0376,801.000000,534.000000
Broken Bow,34.0277,-94.7419,827.000000,534.000000
Sawyer,34.0206,-95.3773,809.000000,534.000000
Fort Towson,34.0244,-95.2972,811.000000,534.000000
Bokchito,34.0179,-96.1416,798.000000,534.000000
Eagletown,34.0417,-94.57,832.000000,534.000000
Boswell,34.0281,-95.8683,795.000000,534.000000
Silo,34.0358,-96.4746,789.000000,534.000000
Soper,34.0322,-95.6963,800.000000,534.000000
Wright City,34.0649,-95.0074,819.000000,533.000000
Armstrong,34.0528,-96.3446,792.000000,533.000000
Sugden,34.0826,-97.9788,746.000000,533.000000
Madill,34.0867,-96.7741,780.000000,532.000000
Oakland,34.0975,-96.7978,779.000000,532.000000
Bee,34.125,-96.5687,786.000000,531.000000
Caddo,34.1288,-96.2678,794.000000,530.000000
Cornish,34.1637,-97.5967,757.000000,530.000000
Kenefic,34.1501,-96.3642,792.000000,530.000000
Randlett,34.1773,-98.4639,732.000000,530.000000
Wilson,34.1685,-97.426,762.000000,530.000000
Ringling,34.1785,-97.5921,757.000000,529.000000
Waurika,34.1846,-98.0245,745.000000,529.000000
Lone Grove,34.1809,-97.2559,766.000000,529.000000
Devol,34.1954,-98.5881,729.000000,529.000000
Mannsville,34.1858,-96.8974,777.000000,529.000000
Dickson,34.1877,-96.997,774.000000,529.000000
Ardmore,34.1944,-97.1253,770.000000,529.000000
Rattan,34.2004,-95.4131,808.000000,528.000000
Hastings,34.2242,-98.1087,742.000000,528.000000
Grandfield,34.2305,-98.6873,726.000000,528.000000
Davidson,34.2421,-99.0781,715.000000,528.000000
Healdton,34.2335,-97.4868,760.000000,528.000000
Addington,34.2431,-97.9661,746.000000,527.000000
Antlers,34.2325,-95.6214,802.000000,527.000000
Tishomingo,34.2387,-96.6805,783.000000,527.000000
Ravia,34.2408,-96.7565,781.000000,527.000000
Milburn,34.2401,-96.552,786.000000,527.000000
Caney,34.2356,-96.217,796.000000,527.000000
Temple,34.273,-98.2352,739.000000,526.000000
Coleman,34.2635,-96.4194,790.000000,526.000000
Loveland,34.3045,-98.7708,723.000000,525.000000
Springer,34.2909,-97.1255,770.000000,525.000000
Gene Autry,34.3151,-97.0385,773.000000,525.000000
Lane,34.2997,-95.9894,791.000000,524.000000
Loco,34.3295,-97.6807,754.000000,524.000000
Hollister,34.3413,-98.8706,720.000000,524.000000
Tushka,34.3178,-96.1677,797.000000,524.000000
Walters,34.3612,-98.3563,735.000000,524.000000
Comanche,34.3597,-97.9478,747.000000,523.000000
Frederick,34.3709,-99.001,717.000000,523.000000
Wapanucka,34.3735,-96.4254,790.000000,522.000000
Dougherty,34.4005,-97.0514,772.000000,522.000000
Atoka,34.3857,-96.1313,798.000000,522.000000
Mill Creek,34.4019,-96.8257,779.000000,522.000000
Chattanooga,34.4242,-98.654,727.000000,521.000000
Bromide,34.418,-96.4949,788.000000,521.000000
Ratliff City,34.4492,-97.5155,759.000000,520.000000
Faxon,34.4603,-98.5794,729.000000,520.000000
Velma,34.4548,-97.6617,755.000000,520.000000
Connerville,34.4436,-96.6359,784.000000,520.000000
Davis,34.4577,-97.1655,769.000000,520.000000
Eldorado,34.473,-99.6498,698.000000,520.000000
Empire City,34.4738,-98.0562,744.000000,520.000000
Smithville,34.4689,-94.6462,829.000000,520.000000
Elmer,34.4808,-99.3519,707.000000,520.000000
Geronimo,34.4852,-98.3893,734.000000,519.000000
Tatums,34.4779,-97.4661,760.000000,519.000000
Tipton,34.502,-99.1383,713.000000,519.000000
Lehigh,34.4707,-96.2209,796.000000,519.000000
Stringtown,34.4697,-96.0548,801.000000,519.000000
Manitou,34.5071,-98.9809,717.000000,519.000000
Clarita,34.4826,-96.4367,790.000000,519.000000
Sulphur,34.4977,-96.9899,774.000000,518.000000
Phillips,34.5041,-96.2231,796.000000,518.000000
Duncan,34.5424,-97.919,748.000000,517.000000
Olustee,34.5476,-99.4241,705.000000,517.000000
Coalgate,34.5323,-96.2208,796.000000,517.000000
Hickory,34.557,-96.858,778.000000,516.000000
Katie,34.5833,-97.3389,764.000000,516.000000
Foster,34.5941,-97.4928,760.000000,515.000000
Clayton,34.5857,-95.3561,809.000000,515.000000
Lawton,34.6176,-98.4203,733.000000,515.000000
Indiahoma,34.6196,-98.752,724.000000,515.000000
Central High,34.617,-98.0892,743.000000,515.000000
Bray,34.616,-97.8207,750.000000,515.000000
Headrick,34.6268,-99.1373,713.000000,515.000000
Tupelo,34.6025,-96.4205,790.000000,514.000000
Cache,34.6297,-98.6181,728.000000,514.000000
Marlow,34.6296,-97.9579,746.000000,514.000000
Centrahoma,34.6104,-96.3437,792.000000,514.000000
Elmore City,34.6299,-97.3909,763.000000,514.000000
Roff,34.6288,-96.8411,778.000000,514.000000
Tuskahoma,34.6272,-95.2779,811.000000,514.000000
Snyder,34.6552,-98.9533,718.000000,514.000000
Altus,34.6566,-99.3051,708.000000,514.000000
Wynnewood,34.6442,-97.1627,769.000000,514.000000
East Duke,34.6628,-99.5696,701.000000,513.000000
Gould,34.6693,-99.7736,695.000000,513.000000
Stonewall,34.6504,-96.5268,787.000000,513.000000
Fitzhugh,34.6581,-96.7665,780.000000,513.000000
Albion,34.6623,-95.0992,817.000000,513.000000
Wardville,34.655,-96.0309,801.000000,512.000000
Hollis,34.6895,-99.9153,691.000000,512.000000
Friendship,34.6978,-99.2287,710.000000,512.000000
Mountain Park,34.6989,-98.9523,718.000000,512.000000
Whitesboro,34.6965,-94.879,823.000000,512.000000
Martha,34.7262,-99.3868,706.000000,511.000000
Medicine Park,34.7294,-98.4846,731.000000,511.000000
Pauls Valley,34.7236,-97.2291,767.000000,511.000000
Pittsburg,34.7116,-95.8502,795.000000,511.000000
Sterling,34.7498,-98.1729,740.000000,510.000000
Kiowa,34.7223,-95.9018,794.000000,510.000000
Talihina,34.7522,-95.0409,818.000000,510.000000
Latta,34.7531,-96.7088,782.000000,510.000000
Blair,34.7799,-99.3329,707.000000,509.000000
Blanco,34.7507,-95.7736,797.000000,509.000000
Rush Springs,34.7792,-97.9572,746.000000,509.000000
Elgin,34.7848,-98.301,737.000000,509.000000
Ada,34.7683,-96.6689,783.000000,509.000000
Ashland,34.7668,-96.0706,800.000000,509.000000
Stratford,34.7952,-96.9603,775.000000,508.000000
Erin Springs,34.8113,-97.6055,756.000000,508.000000
Fletcher,34.8224,-98.2391,738.000000,508.000000
Paoli,34.8261,-97.2619,766.000000,507.000000
Lindsay,34.8392,-97.6105,756.000000,507.000000
Roosevelt,34.8477,-99.0227,716.000000,507.000000
Maysville,34.8544,-97.3878,763.000000,507.000000
Hartshorne,34.8389,-95.5585,803.000000,506.000000
Gerty,34.8357,-96.289,794.000000,506.000000
Cooperton,34.8662,-98.8759,720.000000,506.000000
Savanna,34.8353,-95.8357,796.000000,506.000000
Mangum,34.8783,-99.504,703.000000,506.000000
Haileyville,34.8542,-95.5784,803.000000,506.000000
Bradley,34.878,-97.7087,754.000000,506.000000
Byars,34.8724,-97.0541,772.000000,506.000000
Byng,34.8659,-96.6678,783.000000,506.000000
Apache,34.8938,-98.3581,735.000000,505.000000
Francis,34.8743,-96.5926,785.000000,505.000000
Cyril,34.8986,-98.2031,739.000000,505.000000
Heavener,34.8919,-94.6075,830.000000,505.000000
Gowen,34.8781,-95.4742,806.000000,505.000000
Allen,34.8774,-96.413,790.000000,505.000000
Le Flore,34.8985,-94.9759,820.000000,505.000000
Wayne,34.9171,-97.3167,765.000000,504.000000
Alex,34.9227,-97.7763,752.000000,504.000000
Alderson,34.9008,-95.69,800.000000,504.000000
Rosedale,34.9188,-97.1855,768.000000,504.000000
Stuart,34.9011,-96.0995,799.000000,504.000000
Cement,34.9362,-98.1364,741.000000,504.000000
Wilburton,34.9183,-95.3046,811.000000,504.000000
Panola,34.9273,-95.2099,813.000000,504.000000
Granite,34.9561,-99.3703,706.000000,503.000000
McAlester,34.9262,-95.7698,797.000000,503.000000
Krebs,34.93,-95.72,799.000000,503.000000
Howe,34.95,-94.6408,830.000000,503.000000
Red Oak,34.9508,-95.0814,817.000000,503.000000
Ninnekah,34.9641,-97.9447,747.000000,503.000000
Arpelar,34.9356,-95.9589,792.000000,503.000000
Sasakwa,34.9469,-96.5253,787.000000,503.000000
Wanette,34.9627,-97.0319,773.000000,503.000000
Konawa,34.9582,-96.7535,781.000000,503.000000
Wister,34.9699,-94.7206,827.000000,503.000000
Atwood,34.9549,-96.3367,793.000000,502.000000
Fanshawe,34.9733,-94.856,823.000000,502.000000
Lone Wolf,34.9904,-99.2457,710.000000,502.000000
Norge,34.9892,-97.9941,745.000000,502.000000
Calvin,34.9672,-96.253,795.000000,502.000000
Monroe,34.9937,-94.5155,833.000000,502.000000
Asher,34.9884,-96.9254,776.000000,502.000000
Dibble,35.0152,-97.6275,756.000000,501.000000
Hobart,35.0246,-99.0875,714.000000,501.000000
Purcell,35.018,-97.3747,763.000000,501.000000
Lexington,35.0179,-97.3345,764.000000,501.000000
Spaulding,35.0132,-96.4406,790.000000,501.000000
Chickasha,35.041,-97.9472,747.000000,500.000000
Willow,35.0514,-99.5099,702.000000,500.000000
Poteau,35.043,-94.6357,830.000000,500.000000
Anadarko,35.0652,-98.2441,738.000000,500.000000
Washington,35.0583,-97.4922,760.000000,500.000000
Gotebo,35.0711,-98.8744,720.000000,500.000000
Verden,35.0831,-98.0872,743.000000,499.000000
Mountain View,35.0994,-98.7502,724.000000,499.000000
St. Louis,35.0812,-96.8598,778.000000,499.000000
Carnegie,35.1024,-98.5995,728.000000,498.000000
Slaughterville,35.091,-97.2879,765.000000,498.000000
Fort Cobb,35.1041,-98.4417,733.000000,498.000000
Cole,35.0992,-97.5663,758.000000,498.000000
Holdenville,35.0836,-96.4004,791.000000,498.000000
Tribbey,35.0992,-97.0938,771.000000,498.000000
Horntown,35.0869,-96.2476,795.000000,498.000000
Lequire,35.1098,-95.1065,816.000000,498.000000
Lamar,35.0942,-96.1238,799.000000,498.000000
Shady Point,35.1278,-94.6687,829.000000,497.000000
Goldsby,35.1304,-97.4779,760.000000,497.000000
Kinta,35.1193,-95.2378,813.000000,497.000000
Etowah,35.1291,-97.1639,769.000000,497.000000
Cameron,35.1351,-94.5359,833.000000,497.000000
Crowder,35.1157,-95.6787,800.000000,497.000000
Quinton,35.1249,-95.3676,809.000000,497.000000
Noble,35.1385,-97.371,763.000000,497.000000
Maud,35.1336,-96.7783,780.000000,497.000000
Rocky,35.156,-99.0593,715.000000,497.000000
Sentinel,35.1571,-99.1736,712.000000,497.000000
Blanchard,35.1523,-97.6613,755.000000,497.000000
Macomb,35.1479,-97.0087,773.000000,496.000000
Amber,35.1602,-97.882,749.000000,496.000000
McCurtain,35.1509,-94.9669,820.000000,496.000000
Bowlegs,35.1474,-96.6691,783.000000,496.000000
Wewoka,35.1441,-96.4967,788.000000,496.000000
Pocasset,35.178,-97.9592,746.000000,496.000000
Panama,35.1716,-94.6707,829.000000,496.000000
Yeager,35.1567,-96.34,792.000000,496.000000
Gracemont,35.1878,-98.257,738.000000,496.000000
Rock Island,35.1831,-94.4811,834.000000,495.000000
Indianola,35.1635,-95.7761,797.000000,495.000000
Lima,35.1737,-96.5985,785.000000,495.000000
Canadian,35.1741,-95.6496,801.000000,495.000000
Bokoshe,35.1908,-94.7902,825.000000,495.000000
Carter,35.2175,-99.5038,703.000000,495.000000
Erick,35.2155,-99.8686,692.000000,495.000000
Texola,35.2222,-99.9927,689.000000,494.000000
Brooksville,35.2103,-96.9609,775.000000,494.000000
Hanna,35.2042,-95.8894,794.000000,494.000000
Norman,35.2335,-97.3471,764.000000,494.000000
Bridge Creek,35.2393,-97.7305,753.000000,494.000000
Pink,35.2327,-97.1002,771.000000,494.000000
Newcastle,35.2404,-97.5998,757.000000,494.000000
Spiro,35.2412,-94.623,830.000000,493.000000
Pocola,35.2456,-94.4774,834.000000,493.000000
Seminole,35.2346,-96.65,784.000000,493.000000
Longtown,35.2405,-95.5183,805.000000,493.000000
Keota,35.2569,-94.9224,822.000000,493.000000
Wetumka,35.2409,-96.239,795.000000,493.000000
Stigler,35.2566,-95.1185,816.000000,493.000000
Whitefield,35.2546,-95.2391,813.000000,493.000000
Tecumseh,35.2639,-96.9338,776.000000,492.000000
Dill City,35.282,-99.1335,713.000000,492.000000
New Cordell,35.2973,-98.9815,717.000000,492.000000
Sayre,35.2973,-99.6284,699.000000,492.000000
Fort Coffee,35.2942,-94.5726,831.000000,492.000000
Eakly,35.3055,-98.556,729.000000,492.000000
Dustin,35.2712,-96.032,801.000000,492.000000
Binger,35.3105,-98.3433,735.000000,491.000000
Tuttle,35.3069,-97.7562,752.000000,491.000000
Eufaula,35.2922,-95.5862,803.000000,491.000000
Bethel Acres,35.3048,-97.037,773.000000,491.000000
Minco,35.3174,-97.9518,747.000000,491.000000
Cowlington,35.3106,-94.7879,825.000000,491.000000
Moore,35.3293,-97.4758,760.000000,490.000000
Arkoma,35.3374,-94.4438,835.000000,490.000000
Earlsboro,35.3277,-96.8014,779.000000,490.000000
Colony,35.3487,-98.6713,726.000000,490.000000
Burns Flat,35.3548,-99.1751,712.000000,490.000000
Lookeba,35.363,-98.3638,735.000000,490.000000
Shawnee,35.3529,-96.965,775.000000,489.000000
Weleetka,35.3428,-96.1353,798.000000,489.000000
Brent,35.364,-94.788,825.000000,489.000000
Porum,35.3568,-95.2634,812.000000,489.000000
Corn,35.3793,-98.7814,723.000000,489.000000
Texanna,35.3572,-95.5047,805.000000,489.000000
Bearden,35.3568,-96.3852,791.000000,489.000000
Bessie,35.3854,-98.9894,717.000000,489.000000
Elk City,35.385,-99.4331,705.000000,489.000000
Cromwell,35.3634,-96.4572,789.000000,489.000000
Mustang,35.3917,-97.7246,753.000000,488.000000
Stidham,35.3686,-95.7008,799.000000,488.000000
Gans,35.3874,-94.695,828.000000,488.000000
Dale,35.3842,-97.0435,772.000000,488.000000
Union City,35.4015,-97.9047,748.000000,488.000000
Valley Brook,35.4027,-97.4814,760.000000,488.000000
Moffett,35.4042,-94.4554,835.000000,488.000000
Muldrow,35.4039,-94.5969,831.000000,488.000000
Simms,35.3987,-95.1647,815.000000,488.000000
McLoud,35.407,-97.1013,771.000000,488.000000
Canute,35.422,-99.2776,709.000000,488.000000
Duchess Landing,35.3985,-95.4165,807.000000,488.000000
Tamaha,35.4059,-95.0181,819.000000,488.000000
Roland,35.4147,-94.5137,833.000000,488.000000
Johnson,35.4056,-96.8418,778.000000,488.000000
Sweetwater,35.4222,-99.9116,691.000000,488.000000
Clearview,35.3971,-96.1908,797.000000,487.000000
Foss,35.4501,-99.1707,712.000000,487.000000
Del City,35.4483,-97.4408,761.000000,486.000000
Okemah,35.4297,-96.3005,794.000000,486.000000
Smith Village,35.4508,-97.457,761.000000,486.000000
Remy,35.4578,-94.4984,834.000000,486.000000
Midwest City,35.463,-97.3709,763.000000,486.000000
Sallisaw,35.4605,-94.807,825.000000,486.000000
Liberty,35.4656,-94.5442,832.000000,486.000000
Oklahoma City,35.4676,-97.5136,759.000000,486.000000
Henryetta,35.4421,-95.9848,791.000000,486.000000
Hinton,35.4793,-98.359,735.000000,486.000000
Badger Lee,35.4726,-94.8151,825.000000,485.000000
Harrah,35.4779,-97.1857,768.000000,485.000000
Choctaw,35.48,-97.2666,766.000000,485.000000
Dewar,35.4583,-95.9476,792.000000,485.000000
Nicoma Park,35.4912,-97.3254,764.000000,485.000000
Meeker,35.4852,-96.8951,777.000000,485.000000
Castle,35.4752,-96.3835,791.000000,485.000000
Clinton,35.5058,-98.9724,718.000000,485.000000
Checotah,35.4821,-95.5224,804.000000,485.000000
Long,35.4993,-94.547,832.000000,485.000000
Warner,35.4902,-95.3085,811.000000,485.000000
Bethany,35.5072,-97.6417,755.000000,485.000000
Akins,35.5043,-94.67,829.000000,484.000000
Boley,35.4903,-96.4793,788.000000,484.000000
Woodlawn Park,35.5096,-97.6499,755.000000,484.000000
Vian,35.5018,-94.9698,820.000000,484.000000
Forest Park,35.5095,-97.4469,761.000000,484.000000
Carlisle,35.5042,-95.0323,818.000000,484.000000
Prague,35.4997,-96.6999,782.000000,484.000000
Spencer,35.5108,-97.3715,763.000000,484.000000
Hoffman,35.4889,-95.8449,795.000000,484.000000
Yukon,35.5201,-97.7639,752.000000,484.000000
Webbers Falls,35.512,-95.1601,815.000000,484.000000
Paden,35.5076,-96.5665,786.000000,484.000000
Warr Acres,35.5285,-97.6182,756.000000,484.000000
Weatherford,35.5384,-98.6872,726.000000,484.000000
Grayson,35.5053,-95.8718,795.000000,484.000000
Lake Aluma,35.5334,-97.4484,761.000000,484.000000
Pinhook Corner,35.5314,-94.891,822.000000,483.000000
Belfonte,35.5368,-94.5507,832.000000,483.000000
Schulter,35.511,-95.9567,792.000000,483.000000
El Reno,35.543,-97.966,746.000000,483.000000
Hydro,35.5482,-98.5792,729.000000,483.000000
Bridgeport,35.5476,-98.3775,735.000000,483.000000
IXL,35.5227,-96.3881,791.000000,483.000000
Hitchita,35.5198,-95.7518,798.000000,483.000000
Nichols Hills,35.5468,-97.5444,758.000000,483.000000
Rentiesville,35.533,-95.4849,806.000000,483.000000
Gore,35.5417,-95.1129,816.000000,483.000000
Dwight Mission,35.5466,-94.8594,823.000000,483.000000
Brushy,35.5578,-94.7434,827.000000,483.000000
Short,35.5664,-94.4936,834.000000,482.000000
Arapaho,35.5779,-98.9593,718.000000,482.000000
Jones,35.5662,-97.2901,765.000000,482.000000
Redbird Smith,35.5615,-95.0298,818.000000,482.000000
The Village,35.5706,-97.5567,758.000000,482.000000
Council Hill,35.5559,-95.6525,801.000000,482.000000
Box,35.5784,-94.9718,820.000000,482.000000
Geary,35.5927,-98.2914,737.000000,482.000000
Butler,35.5952,-99.181,712.000000,482.000000
Marble City,35.5824,-94.8186,824.000000,482.000000
Stoney Point,35.5847,-94.6635,829.000000,482.000000
Oktaha,35.5776,-95.4778,806.000000,482.000000
Notchietown,35.5857,-95.0901,817.000000,482.000000
Calumet,35.6014,-98.1247,742.000000,481.000000
Nicut,35.5986,-94.5626,832.000000,481.000000
Cheyenne,35.6102,-99.6782,698.000000,481.000000
Blackgum,35.6112,-94.99,820.000000,481.000000
Sparks,35.6113,-96.8191,779.000000,481.000000
Paradise Hill,35.6134,-95.0704,817.000000,481.000000
Hammon,35.6323,-99.3832,706.000000,481.000000
Evening Shade,35.6195,-94.9104,822.000000,480.000000
Flute Springs,35.623,-94.8044,825.000000,480.000000
Sour John,35.6206,-95.1433,815.000000,480.000000
Wainwright,35.6133,-95.5657,803.000000,480.000000
Morris,35.6152,-95.8624,795.000000,480.000000
Okmulgee,35.6136,-96.0069,802.000000,480.000000
Reydon,35.6503,-99.9237,691.000000,480.000000
Sand Hill,35.6343,-95.2012,814.000000,480.000000
River Bottom,35.6357,-95.2378,813.000000,480.000000
Custer City,35.6637,-98.8869,720.000000,479.000000
Strong City,35.6699,-99.6003,700.000000,479.000000
Arcadia,35.6655,-97.3255,764.000000,479.000000
Boynton,35.6493,-95.6543,801.000000,479.000000
Edmond,35.6689,-97.4159,762.000000,479.000000
Luther,35.668,-97.1905,768.000000,479.000000
Braggs,35.6634,-95.1986,814.000000,479.000000
Piedmont,35.6784,-97.7528,752.000000,479.000000
Summit,35.6678,-95.4218,807.000000,479.000000
Greasy,35.6821,-94.7177,827.000000,478.000000
Wellston,35.6861,-97.0616,772.000000,478.000000
Warwick,35.6882,-97.0016,774.000000,478.000000
Okarche,35.7189,-97.9757,746.000000,477.000000
Davenport,35.7093,-96.7643,780.000000,477.000000
Greenfield,35.7289,-98.3776,735.000000,477.000000
Dry Creek,35.7275,-94.8704,823.000000,477.000000
Chandler,35.7237,-96.8951,777.000000,477.000000
Thomas,35.7476,-98.7494,724.000000,477.000000
Cherry Tree,35.7454,-94.6428,829.000000,476.000000
Bell,35.7544,-94.5349,833.000000,476.000000
Fallis,35.7499,-97.1183,770.000000,476.000000
Muskogee,35.7431,-95.3568,809.000000,476.000000
Pettit,35.7656,-94.9692,820.000000,475.000000
Taft,35.7607,-95.5455,804.000000,475.000000
Stroud,35.768,-96.6474,784.000000,475.000000
Lyons Switch,35.7794,-94.6933,828.000000,475.000000
Zion,35.7853,-94.6378,830.000000,475.000000
Fort Gibson,35.7766,-95.2599,812.000000,475.000000
Elm Grove,35.7925,-94.563,832.000000,475.000000
Kendrick,35.7853,-96.7754,780.000000,475.000000
Rocky Mountain,35.7936,-94.778,826.000000,475.000000
Slick,35.7775,-96.2667,794.000000,475.000000
Cashion,35.8039,-97.6753,754.000000,474.000000
Tenkiller,35.7975,-94.8656,823.000000,474.000000
Beggs,35.7772,-96.0278,801.000000,474.000000
Keys,35.8056,-94.9425,821.000000,474.000000
Carney,35.8065,-97.0154,773.000000,474.000000
Depew,35.7977,-96.524,787.000000,474.000000
Zeb,35.8061,-95.0438,818.000000,474.000000
Stilwell,35.8151,-94.6312,830.000000,474.000000
Winchester,35.7906,-95.9983,791.000000,474.000000
Woodall,35.8246,-95.0823,817.000000,473.000000
Kingfisher,35.8439,-97.9381,747.000000,473.000000
Haskell,35.8187,-95.6805,800.000000,473.000000
Fairfield,35.8407,-94.6062,831.000000,473.000000
Guthrie,35.8428,-97.4357,761.000000,473.000000
Putnam,35.8559,-98.9679,718.000000,473.000000
Meridian,35.844,-97.2456,767.000000,473.000000
Bristow,35.8338,-96.3941,791.000000,473.000000
Tullahassee,35.8418,-95.4387,807.000000,473.000000
Watonga,35.8661,-98.4166,733.000000,473.000000
Leedey,35.8688,-99.3451,707.000000,473.000000
Welling,35.8561,-94.8458,824.000000,472.000000
Park Hill,35.8546,-94.9559,821.000000,472.000000
Mulberry,35.8631,-94.7014,828.000000,472.000000
Okay,35.854,-95.3143,810.000000,472.000000
Cedar Valley,35.8703,-97.5244,759.000000,472.000000
Wauhillau,35.8682,-94.7623,826.000000,472.000000
Porter,35.8687,-95.5206,805.000000,472.000000
Cimarron City,35.8887,-97.6022,757.000000,472.000000
Piney,35.8875,-94.5536,832.000000,472.000000
Tryon,35.8816,-96.9655,775.000000,472.000000
Peavine,35.8903,-94.6064,831.000000,471.000000
Titanic,35.8889,-94.7434,827.000000,471.000000
Agra,35.895,-96.8702,777.000000,471.000000
Mounds,35.8789,-96.0682,800.000000,471.000000
Redbird,35.8871,-95.5872,803.000000,471.000000
West Peavine,35.9133,-94.6481,829.000000,471.000000
Tahlequah,35.9116,-94.9773,820.000000,471.000000
Oakwood,35.9315,-98.7029,725.000000,470.000000
Shamrock,35.9113,-96.5772,786.000000,470.000000
Briggs,35.921,-94.9,822.000000,470.000000
Eldon,35.9305,-94.8179,825.000000,470.000000
Langston,35.9324,-97.263,766.000000,470.000000
Hulbert,35.9315,-95.1436,815.000000,470.000000
Crescent,35.9516,-97.5949,757.000000,469.000000
Coyle,35.9538,-97.2388,767.000000,469.000000
Shady Grove,35.9485,-95.0952,817.000000,469.000000
Hitchcock,35.9676,-98.3497,735.000000,469.000000
Grandview,35.9556,-95.0047,819.000000,469.000000
Loyal,35.9728,-98.1185,742.000000,469.000000
Christie,35.9674,-94.6549,829.000000,469.000000
Scraper,35.9642,-94.8912,822.000000,469.000000
Bixby,35.9454,-95.8773,794.000000,469.000000
Kiefer,35.9439,-96.0527,801.000000,469.000000
Kellyville,35.9482,-96.2143,796.000000,469.000000
Glenpool,35.9485,-96.0052,802.000000,469.000000
Dover,35.9815,-97.9106,748.000000,469.000000
Wagoner,35.9641,-95.379,809.000000,469.000000
Proctor,35.9759,-94.7511,826.000000,468.000000
Perkins,35.978,-97.0299,773.000000,468.000000
Old Green,35.9845,-94.6036,831.000000,468.000000
Coweta,35.968,-95.6543,801.000000,468.000000
Westville,35.9903,-94.5743,831.000000,468.000000
Cushing,35.9798,-96.7602,780.000000,468.000000
Steely Hollow,35.9887,-94.9578,821.000000,468.000000
Drumright,35.9893,-96.599,785.000000,468.000000
Camargo,36.0179,-99.2883,709.000000,467.000000
Lost City,36.0006,-95.1223,816.000000,467.000000
Gideon,36.0088,-95.036,818.000000,467.000000
Ripley,36.0158,-96.9039,776.000000,467.000000
Jenks,35.9981,-95.9737,792.000000,467.000000
Taloga,36.0403,-98.9642,718.000000,467.000000
Sapulpa,36.0089,-96.1006,799.000000,467.000000
Canton,36.055,-98.5884,729.000000,466.000000
Broken Arrow,36.0365,-95.7809,797.000000,466.000000
Peggs,36.0673,-95.0718,817.000000,465.000000
Mulhall,36.0917,-97.3615,763.000000,465.000000
Chewey,36.0905,-94.7385,827.000000,465.000000
Oilton,36.0821,-96.5819,786.000000,464.000000
Hennessey,36.1056,-97.8989,748.000000,464.000000
Lawrence Creek,36.0838,-96.4268,790.000000,464.000000
Watts,36.1073,-94.5717,832.000000,464.000000
Oakhurst,36.0828,-96.0641,800.000000,464.000000
Okeene,36.1171,-98.3165,736.000000,464.000000
Longdale,36.1337,-98.5509,730.000000,464.000000
Yale,36.115,-96.7012,782.000000,463.000000
Arnett,36.135,-99.7712,695.000000,463.000000
Teresita,36.123,-94.9803,820.000000,463.000000
Cedar Crest,36.1215,-95.1663,815.000000,463.000000
Pin Oak Acres,36.1226,-95.2889,811.000000,463.000000
Orlando,36.1355,-97.3653,763.000000,463.000000
Stillwater,36.1316,-97.074,772.000000,463.000000
Vici,36.1487,-99.2993,708.000000,463.000000
Murphy,36.1336,-95.2409,812.000000,463.000000
Seiling,36.1548,-98.9296,719.000000,463.000000
Inola,36.1315,-95.5373,804.000000,463.000000
Mannford,36.1298,-96.3348,793.000000,463.000000
Ballou,36.1421,-95.1998,814.000000,463.000000
Marshall,36.1555,-97.6257,756.000000,463.000000
Tulsa,36.1284,-95.9042,794.000000,463.000000
Mazie,36.1425,-95.3303,810.000000,463.000000
Lotsee,36.1334,-96.2091,796.000000,462.000000
Sand Springs,36.1342,-96.1284,798.000000,462.000000
Fair Oaks,36.1441,-95.6959,800.000000,462.000000
Iron Post,36.1558,-95.1353,815.000000,462.000000
Dripping Springs,36.171,-94.6852,828.000000,462.000000
Oaks,36.1695,-94.8526,824.000000,462.000000
West Siloam Springs,36.1755,-94.5941,831.000000,462.000000
Flint Creek,36.1765,-94.7436,827.000000,462.000000
Rocky Ford,36.1749,-94.9113,822.000000,462.000000
Snake Creek,36.1786,-95.0937,817.000000,461.000000
Gregory,36.1697,-95.5742,803.000000,461.000000
Bison,36.196,-97.8979,748.000000,461.000000
Twin Oaks,36.1927,-94.8217,824.000000,461.000000
Jennings,36.1823,-96.569,786.000000,461.000000
Chouteau,36.1884,-95.3362,810.000000,461.000000
Terlton,36.1857,-96.4904,788.000000,461.000000
Leach,36.1979,-94.9099,822.000000,461.000000
Catoosa,36.1832,-95.7662,798.000000,461.000000
Chester,36.2165,-98.9208,719.000000,461.000000
Locust Grove,36.1978,-95.1685,815.000000,461.000000
Kansas,36.2058,-94.789,825.000000,461.000000
Westport,36.195,-96.3361,793.000000,460.000000
Rose,36.2123,-95.0382,818.000000,460.000000
Mutual,36.2304,-99.1679,712.000000,460.000000
Oak Grove,36.2056,-96.3384,792.000000,460.000000
Isabella,36.2354,-98.3354,736.000000,460.000000
Glencoe,36.2313,-96.9302,776.000000,460.000000
Ames,36.2471,-98.1867,740.000000,460.000000
Hallett,36.2315,-96.5679,786.000000,459.000000
Maramec,36.242,-96.6805,783.000000,459.000000
Sportsmen Acres,36.2458,-95.2515,812.000000,459.000000
Douglas,36.2604,-97.6675,755.000000,459.000000
Shattuck,36.2651,-99.8774,692.000000,459.000000
Fairview,36.2705,-98.4771,732.000000,459.000000
Tiawah,36.2483,-95.5362,804.000000,459.000000
Sharon,36.2755,-99.3381,707.000000,459.000000
Colcord,36.2647,-94.692,828.000000,459.000000
Prue,36.2497,-96.2668,794.000000,459.000000
Verdigris,36.2533,-95.6602,801.000000,459.000000
Turley,36.2473,-95.9654,792.000000,458.000000
Cloud Creek,36.2712,-94.79,825.000000,458.000000
Lucien,36.2747,-97.4551,761.000000,458.000000
Waukomis,36.2833,-97.9038,748.000000,458.000000
Pump Back,36.2707,-95.1178,816.000000,458.000000
Perry,36.2844,-97.3088,765.000000,458.000000
Drummond,36.3012,-98.0358,744.000000,458.000000
Morrison,36.2924,-97.0291,773.000000,458.000000
Salina,36.2907,-95.1519,815.000000,458.000000
Valley Park,36.2818,-95.733,798.000000,457.000000
Wickliffe,36.2954,-95.1063,816.000000,457.000000
Covington,36.3075,-97.5866,757.000000,457.000000
Kenwood,36.3013,-94.9979,819.000000,457.000000
Justice,36.2909,-95.5635,803.000000,457.000000
Bull Hollow,36.3046,-94.9008,822.000000,457.000000
Gage,36.3182,-99.7578,695.000000,457.000000
Owasso,36.2882,-95.8328,796.000000,457.000000
Pryor Creek,36.2998,-95.3102,811.000000,457.000000
Osage,36.2948,-96.4179,790.000000,457.000000
Cleveland,36.3002,-96.4631,789.000000,457.000000
Sperry,36.2978,-95.9917,791.000000,457.000000
Claremore,36.3143,-95.6099,802.000000,456.000000
Limestone,36.3143,-95.7477,798.000000,456.000000
Pawnee,36.3363,-96.8019,779.000000,456.000000
Fairmont,36.3552,-97.7045,754.000000,456.000000
Old Eucha,36.3551,-94.9379,821.000000,456.000000
Fargo,36.3741,-99.6219,699.000000,455.000000
Hoot Owl,36.36,-95.1214,816.000000,455.000000
Ringwood,36.3821,-98.2412,738.000000,455.000000
Meno,36.3881,-98.1779,740.000000,455.000000
Lahoma,36.3878,-98.0898,743.000000,455.000000
Blackburn,36.3731,-96.5965,785.000000,455.000000
Skedee,36.3804,-96.7039,782.000000,454.000000
New Eucha,36.3912,-94.8522,824.000000,454.000000
Cleo Springs,36.4046,-98.44,733.000000,454.000000
Collinsville,36.3718,-95.8611,795.000000,454.000000
Sycamore,36.394,-94.716,827.000000,454.000000
Skiatook,36.3694,-95.9819,791.000000,454.000000
Sequoyah,36.3797,-95.5969,802.000000,454.000000
Spavinaw,36.3927,-95.0501,818.000000,454.000000
Enid,36.4061,-97.8701,749.000000,454.000000
Woodward,36.4247,-99.4057,705.000000,454.000000
Brush Creek,36.4164,-94.7842,825.000000,454.000000
Strang,36.4122,-95.1345,816.000000,453.000000
Mooreland,36.4379,-99.2045,711.000000,453.000000
Jay,36.4273,-94.7954,825.000000,453.000000
Garber,36.4365,-97.581,757.000000,453.000000
Hominy,36.422,-96.3929,791.000000,453.000000
North Enid,36.4457,-97.8634,749.000000,453.000000
Foyil,36.4309,-95.5215,805.000000,453.000000
Adair,36.4366,-95.2727,812.000000,453.000000
Breckenridge,36.4622,-97.7273,753.000000,452.000000
Deer Lick,36.4595,-94.7468,827.000000,452.000000
Red Rock,36.4601,-97.1796,769.000000,452.000000
Oologah,36.4436,-95.7085,799.000000,452.000000
Pensacola,36.4556,-95.1292,816.000000,452.000000
Carrier,36.4786,-98.0172,745.000000,452.000000
Vera,36.4504,-95.8965,794.000000,452.000000
Bushyhead,36.4596,-95.5164,805.000000,452.000000
Langley,36.4707,-95.0539,818.000000,452.000000
Drowning Creek,36.4778,-94.8942,822.000000,451.000000
Disney,36.477,-95.0195,819.000000,451.000000
Aline,36.5096,-98.4486,732.000000,451.000000
White Water,36.5017,-94.7289,827.000000,451.000000
Grand Lake Towne,36.5048,-95.0256,819.000000,450.000000
Avant,36.4886,-96.0599,800.000000,450.000000
Ralston,36.5036,-96.7374,781.000000,450.000000
Zena,36.5129,-94.8454,824.000000,450.000000
Goltry,36.5319,-98.1514,741.000000,450.000000
Texhoma,36.5053,-101.7876,638.000000,450.000000
Billings,36.5313,-97.4342,761.000000,450.000000
Ketchum,36.5261,-95.0383,818.000000,450.000000
Helena,36.5466,-98.2714,738.000000,450.000000
Kremlin,36.5466,-97.8324,750.000000,449.000000
Chelsea,36.5323,-95.4355,807.000000,449.000000
Dennis,36.5433,-94.8693,823.000000,449.000000
Talala,36.5294,-95.7011,799.000000,449.000000
Big Cabin,36.5401,-95.2221,813.000000,449.000000
Hillsdale,36.5634,-97.9927,745.000000,449.000000
Ramona,36.5322,-95.926,793.000000,449.000000
Hunter,36.5637,-97.6624,755.000000,449.000000
Fort Supply,36.5722,-99.5736,701.000000,449.000000
Marland,36.5611,-97.1529,769.000000,449.000000
Wynona,36.5458,-96.3267,793.000000,449.000000
Carmen,36.5791,-98.4578,732.000000,448.000000
Felt,36.5633,-102.7946,620.000000,448.000000
Waynoka,36.5848,-98.8785,720.000000,448.000000
Cleora,36.5738,-94.948,821.000000,448.000000
Dodge,36.5789,-94.6385,830.000000,448.000000
Fairfax,36.5698,-96.708,782.000000,448.000000
Barnsdall,36.5609,-96.1626,797.000000,448.000000
Grove,36.593,-94.7879,825.000000,448.000000
May,36.6174,-99.7484,696.000000,447.000000
Goodwell,36.5943,-101.6326,642.000000,447.000000
White Oak,36.6098,-95.2763,811.000000,447.000000
Hardesty,36.6147,-101.1936,655.000000,447.000000
New Alluwe,36.6099,-95.4888,805.000000,447.000000
Cayuga,36.6252,-94.6542,829.000000,447.000000
Bernice,36.622,-94.9109,822.000000,447.000000
Ochelata,36.6011,-95.9808,791.000000,446.000000
Vinita,36.6364,-95.177,814.000000,446.000000
Dacoma,36.6596,-98.5635,729.000000,446.000000
Nash,36.6648,-98.0521,744.000000,445.000000
Jet,36.6664,-98.1814,740.000000,445.000000
Copeland,36.6571,-94.8204,824.000000,445.000000
Pond Creek,36.6677,-97.8029,751.000000,445.000000
Lambert,36.6832,-98.4237,733.000000,445.000000
Tonkawa,36.6787,-97.3281,764.000000,445.000000
McCord,36.6798,-97.0346,773.000000,445.000000
Pawhuska,36.6687,-96.3312,793.000000,444.000000
Lamont,36.6913,-97.5582,758.000000,444.000000
Laverne,36.7054,-99.8971,691.000000,444.000000
Afton,36.6965,-94.9579,821.000000,444.000000
Guymon,36.6901,-101.4776,646.000000,444.000000
Burbank,36.6964,-96.7294,781.000000,444.000000
Jefferson,36.7203,-97.7909,751.000000,443.000000
Nowata,36.699,-95.6379,801.000000,443.000000
Ponca City,36.7235,-97.0679,772.000000,443.000000
Cherokee,36.7547,-98.3551,735.000000,442.000000
Nescatunga,36.7543,-98.156,741.000000,442.000000
Boise City,36.7314,-102.5098,628.000000,442.000000
Fairland,36.7506,-94.8483,824.000000,442.000000
Freedom,36.768,-99.1131,714.000000,442.000000
Bartlesville,36.7357,-95.9453,792.000000,442.000000
Optima,36.762,-101.3497,650.000000,442.000000
Kaw City,36.7682,-96.8629,778.000000,441.000000
Alva,36.7892,-98.6648,726.000000,441.000000
Shidler,36.7808,-96.6596,783.000000,441.000000
Wyandotte,36.7925,-94.7231,827.000000,441.000000
Delaware,36.7789,-95.6426,801.000000,441.000000
Medford,36.8037,-97.738,753.000000,441.000000
Blackwell,36.8011,-97.3008,765.000000,441.000000
Nardin,36.8041,-97.4499,761.000000,441.000000
Deer Creek,36.8067,-97.5193,759.000000,440.000000
Rosston,36.8128,-99.9328,690.000000,440.000000
Narcissa,36.801,-94.9278,821.000000,440.000000
Bluejacket,36.8008,-95.074,817.000000,440.000000
Kildare,36.8083,-97.0499,772.000000,440.000000
Beaver,36.8151,-100.5235,674.000000,440.000000
Dewey,36.7915,-95.9328,793.000000,440.000000
Webb City,36.8074,-96.7119,782.000000,440.000000
Buffalo,36.8373,-99.6464,698.000000,440.000000
Keyes,36.8077,-102.2518,636.000000,440.000000
Gate,36.8517,-100.0553,687.000000,439.000000
Dotyville,36.8514,-94.9097,822.000000,439.000000
Knowles,36.873,-100.1931,683.000000,438.000000
Lenapah,36.8514,-95.6356,801.000000,438.000000
Hooker,36.8612,-101.216,654.000000,438.000000
Turpin,36.8705,-100.8825,663.000000,438.000000
Wakita,36.8818,-97.9238,747.000000,438.000000
Welch,36.8738,-95.0948,817.000000,438.000000
Foraker,36.8722,-96.5691,786.000000,438.000000
Newkirk,36.8816,-97.0554,772.000000,438.000000
Burlington,36.9001,-98.4234,733.000000,438.000000
Miami,36.8877,-94.8718,823.000000,438.000000
Byron,36.9014,-98.2946,737.000000,438.000000
Forgan,36.9068,-100.5377,673.000000,437.000000
Kenton,36.9064,-102.9653,615.000000,437.000000
Amorita,36.924,-98.2936,737.000000,437.000000
Peoria,36.9152,-94.6699,829.000000,437.000000
Renfrow,36.9249,-97.657,755.000000,437.000000
North Miami,36.92,-94.8797,823.000000,436.000000
Braman,36.9237,-97.3351,764.000000,436.000000
Copan,36.9008,-95.9254,793.000000,436.000000
Wann,36.9146,-95.8047,796.000000,436.000000
Commerce,36.9352,-94.8611,823.000000,436.000000
Grainola,36.9379,-96.6488,784.000000,436.000000
Quapaw,36.9581,-94.7813,826.000000,435.000000
Tyrone,36.9556,-101.0679,658.000000,435.000000
Manchester,36.9944,-98.0351,744.000000,434.000000
South Coffeyville,36.9934,-95.6219,802.000000,433.000000
