Brave,39.7264,-80.2593,1216.000000,342.000000
Delta,39.7267,-76.3271,1317.000000,342.000000
Mount Morris,39.7342,-80.0755,1221.000000,342.000000
Fawn Grove,39.7312,-76.4521,1313.000000,341.000000
Point Marion,39.7355,-79.9008,1226.000000,341.000000
Markleysburg,39.7363,-79.4516,1239.000000,341.000000
New Freedom,39.7353,-76.6967,1306.000000,341.000000
Wellersburg,39.7306,-78.848,1256.000000,341.000000
Pen Mar,39.7243,-77.515,1283.000000,341.000000
Blue Ridge Summit,39.7256,-77.4687,1284.000000,341.000000
New Freeport,39.7594,-80.4279,1211.000000,341.000000
Rouzerville,39.734,-77.528,1283.000000,341.000000
Stewartstown,39.7528,-76.5925,1309.000000,341.000000
Littlestown,39.7452,-77.0892,1295.000000,341.000000
Bobtown,39.7603,-79.9848,1223.000000,341.000000
State Line,39.7329,-77.7247,1277.000000,341.000000
Susquehanna Trails,39.7583,-76.3684,1315.000000,341.000000
Salisbury,39.7535,-79.0843,1249.000000,340.000000
Railroad,39.7596,-76.696,1306.000000,340.000000
Wayne Heights,39.7455,-77.5436,1282.000000,340.000000
Carroll Valley,39.7499,-77.3805,1287.000000,340.000000
Waynesboro,39.7525,-77.5822,1281.000000,340.000000
Wakefield,39.7766,-76.1804,1321.000000,340.000000
Shrewsbury,39.7714,-76.6799,1307.000000,340.000000
Oxford,39.7858,-75.9801,1326.000000,340.000000
Greensboro,39.7921,-79.9126,1226.000000,340.000000
Parkville,39.7859,-76.9686,1299.000000,339.000000
Pennville,39.788,-76.9906,1298.000000,339.000000
Glen Rock,39.7935,-76.7307,1305.000000,339.000000
Smithfield,39.8023,-79.8089,1228.000000,339.000000
Mapletown,39.805,-79.9406,1225.000000,339.000000
Lincoln University,39.8065,-75.9279,1328.000000,339.000000
Fairfield,39.7891,-77.3698,1287.000000,339.000000
Marcus Hook,39.8131,-75.4165,1342.000000,339.000000
Farmington,39.81,-79.5623,1235.000000,339.000000
Callimont,39.8011,-78.9216,1254.000000,339.000000
Confluence,39.8094,-79.3552,1241.000000,339.000000
McSherrystown,39.8035,-77.0199,1297.000000,339.000000
Midway,39.8039,-77.0052,1297.000000,339.000000
Greencastle,39.7907,-77.7267,1277.000000,339.000000
West Grove,39.8206,-75.8284,1331.000000,339.000000
Trainer,39.8244,-75.4032,1343.000000,339.000000
Linwood,39.8244,-75.4244,1342.000000,339.000000
Ursina,39.8153,-79.3325,1242.000000,338.000000
Avondale,39.8248,-75.7819,1332.000000,338.000000
Hanover,39.8117,-76.9835,1298.000000,338.000000
Meyersdale,39.8133,-79.0277,1251.000000,338.000000
Bonneauville,39.8105,-77.1363,1294.000000,338.000000
Jefferson,39.8156,-76.841,1302.000000,338.000000
Lake Heritage,39.8098,-77.1854,1292.000000,338.000000
Cross Roads,39.82,-76.5728,1310.000000,338.000000
Fairchance,39.8251,-79.754,1230.000000,338.000000
Toughkenamon,39.8313,-75.7565,1333.000000,338.000000
Boothwyn,39.8357,-75.4453,1342.000000,338.000000
Hyndman,39.8207,-78.7214,1259.000000,338.000000
Kennett Square,39.8438,-75.7113,1334.000000,338.000000
Chester,39.8456,-75.3718,1344.000000,338.000000
Gettysburg,39.8304,-77.2339,1291.000000,338.000000
Winterstown,39.8408,-76.6175,1308.000000,338.000000
Masontown,39.8488,-79.9081,1226.000000,338.000000
Chalkhill,39.8461,-79.6143,1234.000000,338.000000
Upland,39.8562,-75.3795,1343.000000,337.000000
Eddystone,39.8566,-75.3342,1345.000000,337.000000
Kirkwood,39.8539,-76.0798,1324.000000,337.000000
Village Green-Green Ridge,39.8638,-75.4256,1342.000000,337.000000
Felton,39.857,-76.5611,1310.000000,337.000000
Seven Valleys,39.8545,-76.7667,1304.000000,337.000000
Parkside,39.8674,-75.378,1343.000000,337.000000
Mercersburg,39.832,-77.903,1272.000000,337.000000
Loganville,39.8558,-76.7078,1306.000000,337.000000
Mont Alto,39.8404,-77.5555,1282.000000,337.000000
Orrtanna,39.846,-77.359,1287.000000,337.000000
Brookhaven,39.8715,-75.3918,1343.000000,337.000000
Ronco,39.8686,-79.921,1225.000000,337.000000
Woodlyn,39.8774,-75.3445,1344.000000,337.000000
Ohiopyle,39.869,-79.4947,1237.000000,337.000000
Ridley Park,39.8785,-75.3251,1345.000000,337.000000
Garrett,39.8643,-79.0619,1250.000000,337.000000
New Oxford,39.863,-77.0555,1296.000000,337.000000
Needmore,39.8474,-78.1433,1276.000000,337.000000
Rogersville,39.8807,-80.2693,1215.000000,337.000000
Nemacolin,39.8784,-79.9295,1225.000000,337.000000
Leith-Hatfield,39.8772,-79.7314,1231.000000,337.000000
Hopwood,39.8773,-79.7017,1231.000000,337.000000
Prospect Park,39.8858,-75.3074,1345.000000,336.000000
Norwood,39.8865,-75.2964,1346.000000,336.000000
Edenborn,39.882,-79.8877,1226.000000,336.000000
Folcroft,39.8891,-75.277,1346.000000,336.000000
Marion,39.8607,-77.7016,1278.000000,336.000000
Folsom,39.8924,-75.3287,1345.000000,336.000000
McKnightstown,39.8701,-77.3303,1288.000000,336.000000
Chester Heights,39.8926,-75.4698,1341.000000,336.000000
Cochranville,39.8905,-75.9241,1328.000000,336.000000
Fairdale,39.8901,-79.968,1224.000000,336.000000
Jacobus,39.8825,-76.7121,1306.000000,336.000000
Rose Valley,39.8948,-75.3852,1343.000000,336.000000
Spring Grove,39.8809,-76.8641,1301.000000,336.000000
Casselman,39.8857,-79.2111,1245.000000,336.000000
Glenolden,39.8996,-75.292,1346.000000,336.000000
South Uniontown,39.8939,-79.7465,1230.000000,336.000000
Waynesburg,39.8983,-80.1855,1218.000000,336.000000
Abbottstown,39.8843,-76.9888,1298.000000,336.000000
Rutledge,39.901,-75.3274,1345.000000,336.000000
Quarryville,39.8957,-76.1617,1321.000000,336.000000
Carmichaels,39.8976,-79.975,1224.000000,336.000000
Hunterstown,39.8826,-77.1569,1293.000000,336.000000
Swarthmore,39.9023,-75.3488,1344.000000,336.000000
West Waynesburg,39.9001,-80.2006,1217.000000,336.000000
East Uniontown,39.896,-79.6976,1232.000000,336.000000
Uniontown,39.8994,-79.7244,1231.000000,336.000000
Cashtown,39.8837,-77.3533,1288.000000,336.000000
Sharon Hill,39.9075,-75.2678,1347.000000,336.000000
Red Lion,39.8986,-76.6078,1309.000000,336.000000
Dallastown,39.8996,-76.641,1308.000000,336.000000
Morton,39.9116,-75.3267,1345.000000,336.000000
Colwyn,39.9119,-75.253,1347.000000,336.000000
Wind Ridge,39.9113,-80.4319,1211.000000,336.000000
Collingdale,39.9151,-75.2776,1346.000000,335.000000
New Salem,39.9037,-76.7912,1304.000000,335.000000
Lemont Furnace,39.9103,-79.6629,1233.000000,335.000000
Lima,39.9194,-75.4417,1342.000000,335.000000
Media,39.9198,-75.3888,1343.000000,335.000000
Yoe,39.9094,-76.6366,1308.000000,335.000000
Darby,39.921,-75.2611,1347.000000,335.000000
Rainsburg,39.8956,-78.5172,1265.000000,335.000000
Oliver,39.9153,-79.7213,1231.000000,335.000000
Aldan,39.9224,-75.2881,1346.000000,335.000000
Spry,39.9125,-76.6863,1307.000000,335.000000
Windsor,39.9163,-76.5841,1309.000000,335.000000
Rockwood,39.9157,-79.1574,1247.000000,335.000000
Clifton Heights,39.9301,-75.2958,1346.000000,335.000000
Yeadon,39.9325,-75.2527,1347.000000,335.000000
Table Rock,39.9122,-77.2229,1291.000000,335.000000
Jefferson,39.9305,-80.0578,1221.000000,335.000000
Cheyney University,39.9343,-75.5306,1339.000000,335.000000
Mather,39.9357,-80.0751,1221.000000,335.000000
Fayetteville,39.9114,-77.5651,1282.000000,335.000000
Lansdowne,39.9408,-75.276,1346.000000,335.000000
Tyler Run,39.9304,-76.7011,1306.000000,335.000000
Dry Tavern,39.9399,-80.0095,1223.000000,335.000000
East Lansdowne,39.944,-75.2608,1347.000000,335.000000
Arendtsville,39.9233,-77.2999,1289.000000,334.000000
Georgetown,39.9426,-76.0789,1324.000000,334.000000
Drexel Hill,39.9495,-75.3039,1346.000000,334.000000
Atglen,39.9473,-75.9754,1327.000000,334.000000
Rices Landing,39.9476,-79.9986,1223.000000,334.000000
Biglerville,39.9303,-77.2462,1291.000000,334.000000
Crucible,39.9479,-79.9657,1224.000000,334.000000
Queens Gate,39.9406,-76.6874,1306.000000,334.000000
Grantley,39.9406,-76.7287,1305.000000,334.000000
East Berlin,39.9368,-76.9794,1298.000000,334.000000
Refton,39.9474,-76.2386,1319.000000,334.000000
New Centerville,39.9424,-79.1916,1246.000000,334.000000
Fort Loudon,39.9219,-77.9073,1272.000000,334.000000
Christiana,39.9545,-75.997,1326.000000,334.000000
West Chester,39.9601,-75.6058,1337.000000,334.000000
Chambersburg,39.9315,-77.6556,1279.000000,334.000000
Valley View,39.9498,-76.701,1306.000000,334.000000
Parkesburg,39.9593,-75.9177,1328.000000,334.000000
Millbourne,39.9638,-75.2527,1347.000000,334.000000
Modena,39.9618,-75.8024,1331.000000,334.000000
West York,39.9534,-76.761,1304.000000,334.000000
Pomeroy,39.9639,-75.885,1329.000000,334.000000
Broomall,39.9694,-75.3529,1344.000000,334.000000
Heidlersburg,39.9504,-77.1494,1293.000000,334.000000
McConnellsburg,39.932,-77.9958,1270.000000,334.000000
Republic,39.9664,-79.8767,1227.000000,334.000000
South Coatesville,39.969,-75.8135,1331.000000,334.000000
Westwood,39.9702,-75.8555,1330.000000,334.000000
York,39.9651,-76.7315,1305.000000,333.000000
Clarksville,39.9745,-80.044,1222.000000,333.000000
East York,39.9687,-76.6759,1307.000000,333.000000
East Prospect,39.971,-76.5215,1311.000000,333.000000
Yorkana,39.976,-76.5846,1309.000000,333.000000
Penn Wynne,39.9867,-75.2715,1346.000000,333.000000
Shiloh,39.9734,-76.792,1304.000000,333.000000
Coatesville,39.9849,-75.8199,1331.000000,333.000000
Willow Street,39.9809,-76.2705,1318.000000,333.000000
Allison,39.9853,-79.8732,1227.000000,333.000000
North York,39.978,-76.7309,1305.000000,333.000000
Stonybrook,39.9798,-76.6318,1308.000000,333.000000
Gap,39.9891,-76.0215,1325.000000,333.000000
Millsboro,39.9902,-80.0022,1223.000000,333.000000
Lampeter,39.9909,-76.242,1319.000000,333.000000
Aspers,39.9764,-77.226,1291.000000,333.000000
Scotland,39.9697,-77.5844,1281.000000,333.000000
Weigelstown,39.9843,-76.8315,1302.000000,333.000000
Lake Meade,39.9835,-77.0421,1296.000000,333.000000
Thorndale,39.9991,-75.7517,1333.000000,333.000000
Bendersville,39.9813,-77.2493,1291.000000,333.000000
South Connellsville,39.9946,-79.5807,1235.000000,333.000000
Ardmore,40.0033,-75.2947,1346.000000,333.000000
Yorklyn,39.9929,-76.6428,1308.000000,332.000000
New Baltimore,39.9835,-78.7724,1258.000000,332.000000
Fredericktown,40.0019,-80.0092,1223.000000,332.000000
Smock,39.9997,-79.7775,1229.000000,332.000000
Philadelphia,40.0077,-75.1339,1350.000000,332.000000
Narberth,40.0077,-75.2635,1347.000000,332.000000
Haverford College,40.0082,-75.3064,1345.000000,332.000000
Downingtown,40.0076,-75.7019,1334.000000,332.000000
Washington Boro,40.0017,-76.467,1313.000000,332.000000
Millersville,40.0047,-76.3522,1316.000000,332.000000
Hiller,40.0081,-79.9042,1226.000000,332.000000
Hallam,40.0024,-76.6042,1309.000000,332.000000
Rowes Run,40.0089,-79.8177,1228.000000,332.000000
Marianna,40.0128,-80.1121,1220.000000,332.000000
Soudersburg,40.0151,-76.1529,1322.000000,332.000000
Somerset,40.005,-79.0778,1249.000000,332.000000
Emigsville,40.0085,-76.731,1305.000000,332.000000
Bryn Mawr,40.0227,-75.3156,1345.000000,332.000000
Brownsville,40.0188,-79.891,1226.000000,332.000000
Connellsville,40.0158,-79.5899,1235.000000,332.000000
Gordonville,40.0211,-76.1365,1322.000000,332.000000
Gardners,40.0063,-77.2084,1292.000000,332.000000
Grindstone,40.0218,-79.8232,1228.000000,332.000000
Manns Choice,40.0035,-78.5912,1263.000000,332.000000
York Springs,40.0093,-77.1159,1294.000000,332.000000
Deemston,40.0273,-80.0334,1222.000000,332.000000
Exton,40.0307,-75.6303,1336.000000,332.000000
Ronks,40.0267,-76.171,1321.000000,332.000000
Earlston,40.0038,-78.3736,1269.000000,331.000000
Wrightsville,40.0239,-76.5311,1311.000000,331.000000
Malvern,40.0329,-75.5146,1340.000000,331.000000
Centerville,40.03,-79.9632,1224.000000,331.000000
Shanksville,40.0173,-78.9069,1254.000000,331.000000
West Brownsville,40.0314,-79.8913,1226.000000,331.000000
Seven Springs,40.0251,-79.2935,1243.000000,331.000000
Berwyn,40.0396,-75.4439,1342.000000,331.000000
Idaville,40.0199,-77.2034,1292.000000,331.000000
Vanderbilt,40.0339,-79.6633,1233.000000,331.000000
Paoli,40.042,-75.4912,1340.000000,331.000000
Intercourse,40.0378,-76.1082,1323.000000,331.000000
Everett,40.0133,-78.3667,1269.000000,331.000000
Bird-in-Hand,40.0373,-76.1863,1321.000000,331.000000
Columbia,40.0348,-76.4944,1312.000000,331.000000
Smoketown,40.0388,-76.204,1320.000000,331.000000
Mountville,40.0402,-76.4341,1314.000000,331.000000
Lancaster,40.0421,-76.3012,1317.000000,331.000000
Devon,40.0496,-75.4271,1342.000000,331.000000
Lionville,40.0524,-75.644,1336.000000,331.000000
Dawson,40.0472,-79.6575,1233.000000,331.000000
Witmer,40.05,-76.2114,1320.000000,331.000000
Eagleview,40.0598,-75.6789,1335.000000,331.000000
Friedens,40.0449,-79.0027,1251.000000,331.000000
Valley-Hi,40.0299,-78.1917,1274.000000,330.000000
Indian Lake,40.0446,-78.8603,1255.000000,330.000000
Beallsville,40.0619,-80.0302,1222.000000,330.000000
Wellsville,40.0512,-76.9408,1299.000000,330.000000
Star Junction,40.0612,-79.7652,1230.000000,330.000000
Marietta,40.0574,-76.5515,1310.000000,330.000000
West Conshohocken,40.0702,-75.3189,1345.000000,330.000000
Schellsburg,40.0481,-78.6434,1261.000000,330.000000
Mount Wolf,40.0616,-76.7053,1306.000000,330.000000
Manchester,40.0614,-76.7194,1306.000000,330.000000
California,40.0692,-79.9152,1225.000000,330.000000
Chesterbrook,40.0736,-75.4582,1341.000000,330.000000
Coal Center,40.07,-79.9009,1226.000000,330.000000
Shippensburg,40.0484,-77.5227,1283.000000,330.000000
Cornwells Heights,40.0771,-74.9516,1355.000000,330.000000
Conshohocken,40.0772,-75.3035,1346.000000,330.000000
Newell,40.0748,-79.8897,1226.000000,330.000000
Rockledge,40.0822,-75.0898,1352.000000,330.000000
Roscoe,40.0782,-79.8641,1227.000000,330.000000
Wyndmoor,40.0856,-75.1941,1349.000000,330.000000
Elco,40.0811,-79.8816,1226.000000,330.000000
Eddington,40.0865,-74.9445,1356.000000,330.000000
Orrstown,40.0589,-77.6081,1280.000000,330.000000
Stockdale,40.0835,-79.8503,1227.000000,330.000000
Shippensburg University,40.0618,-77.5228,1283.000000,330.000000
Maytown,40.0791,-76.5791,1310.000000,330.000000
Croydon,40.0911,-74.8975,1357.000000,330.000000
Wyncote,40.0915,-75.1462,1350.000000,330.000000
Arcadia University,40.0918,-75.1653,1349.000000,330.000000
Perryopolis,40.0868,-79.7528,1230.000000,329.000000
Franklintown,40.0761,-77.0296,1297.000000,329.000000
Jenkintown,40.0962,-75.1296,1350.000000,329.000000
King of Prussia,40.0963,-75.382,1343.000000,329.000000
Leola,40.0915,-76.1891,1321.000000,329.000000
Landisville,40.0902,-76.4063,1314.000000,329.000000
Everson,40.0904,-79.5871,1235.000000,329.000000
Edie,40.0863,-79.128,1248.000000,329.000000
Salunga,40.0929,-76.4279,1314.000000,329.000000
Glenside,40.1032,-75.1517,1350.000000,329.000000
Bainbridge,40.0915,-76.6581,1307.000000,329.000000
Long Branch,40.0984,-79.8801,1226.000000,329.000000
Cokeburg,40.1001,-80.0656,1221.000000,329.000000
Flourtown,40.1039,-75.2069,1348.000000,329.000000
Bridgeport,40.1042,-75.3437,1344.000000,329.000000
New Holland,40.1008,-76.09,1323.000000,329.000000
Fayette City,40.1007,-79.8392,1228.000000,329.000000
West Alexander,40.107,-80.5092,1209.000000,329.000000
East Petersburg,40.1006,-76.3511,1316.000000,329.000000
Plymouth Meeting,40.11,-75.2794,1346.000000,329.000000
Ellsworth,40.1073,-80.0214,1222.000000,329.000000
Scottdale,40.1034,-79.5899,1235.000000,329.000000
Oreland,40.1148,-75.1801,1349.000000,329.000000
Naomi,40.1111,-79.8464,1227.000000,329.000000
Green Hills,40.1153,-80.3049,1214.000000,329.000000
Dunlevy,40.113,-79.8591,1227.000000,329.000000
Mount Joy,40.1105,-76.5065,1312.000000,329.000000
Blue Ball,40.1157,-76.0517,1324.000000,329.000000
Fairhope,40.1151,-79.8389,1228.000000,329.000000
Twilight,40.1158,-79.8936,1226.000000,329.000000
Stoystown,40.1031,-78.9547,1253.000000,329.000000
Claysville,40.1199,-80.4131,1211.000000,329.000000
Bentleyville,40.1178,-80.0044,1223.000000,328.000000
Norristown,40.1224,-75.3398,1345.000000,328.000000
York Haven,40.1106,-76.7149,1306.000000,328.000000
Donegal,40.112,-79.3808,1241.000000,328.000000
Arnold City,40.1176,-79.8228,1228.000000,328.000000
Speers,40.1222,-79.8799,1226.000000,328.000000
Dillsburg,40.1103,-77.0335,1297.000000,328.000000
Central City,40.1096,-78.8043,1257.000000,328.000000
Belle Vernon,40.1256,-79.867,1227.000000,328.000000
Audubon,40.1304,-75.428,1342.000000,328.000000
Goodville,40.128,-76.0046,1326.000000,328.000000
New Paris,40.1084,-78.643,1261.000000,328.000000
Brownstown,40.1268,-76.2184,1320.000000,328.000000
Mount Holly Springs,40.1126,-77.1854,1292.000000,328.000000
Farmersville,40.1291,-76.1551,1322.000000,328.000000
Lynnwood-Pricedale,40.1303,-79.8515,1227.000000,328.000000
Rheems,40.1256,-76.5734,1310.000000,328.000000
Bear Rocks,40.1265,-79.4651,1238.000000,328.000000
Phoenixville,40.1358,-75.5201,1339.000000,328.000000
North Belle Vernon,40.132,-79.8641,1227.000000,328.000000
Churchtown,40.135,-75.9593,1327.000000,328.000000
Tullytown,40.1401,-74.8107,1359.000000,328.000000
Fort Washington,40.1407,-75.1925,1349.000000,328.000000
Bryn Athyn,40.1411,-75.0674,1352.000000,328.000000
Hulmeville,40.1421,-74.9075,1357.000000,328.000000
Charleroi,40.1384,-79.9002,1226.000000,328.000000
Falmouth,40.1316,-76.7045,1306.000000,328.000000
Cairnbrook,40.1247,-78.8189,1256.000000,328.000000
Blue Bell,40.1474,-75.2687,1347.000000,328.000000
Willow Grove,40.1495,-75.1178,1351.000000,328.000000
Trooper,40.1489,-75.3995,1343.000000,328.000000
Lewisberry,40.1357,-76.8609,1302.000000,328.000000
Trevose,40.1509,-74.982,1355.000000,328.000000
Levittown,40.1537,-74.853,1358.000000,327.000000
Feasterville,40.154,-74.9915,1354.000000,327.000000
North Charleroi,40.15,-79.9083,1226.000000,327.000000
Penndel,40.1552,-74.9147,1357.000000,327.000000
Ambler,40.1564,-75.2215,1348.000000,327.000000
Monessen,40.1519,-79.8828,1226.000000,327.000000
Morgantown,40.1539,-75.8906,1329.000000,327.000000
Taylorstown,40.1566,-80.3869,1212.000000,327.000000
Elverson,40.1559,-75.8304,1331.000000,327.000000
Rothsville,40.1532,-76.2473,1319.000000,327.000000
Mount Pleasant,40.151,-79.5435,1236.000000,327.000000
Smithton,40.1538,-79.7424,1230.000000,327.000000
Eagleville,40.1604,-75.409,1343.000000,327.000000
Lititz,40.154,-76.3044,1317.000000,327.000000
Terre Hill,40.1592,-76.0507,1324.000000,327.000000
Akron,40.158,-76.2031,1320.000000,327.000000
Van Voorhis,40.1598,-79.9731,1224.000000,327.000000
Elizabethtown,40.1534,-76.5991,1309.000000,327.000000
Newburg,40.1371,-77.5545,1282.000000,327.000000
Langhorne Manor,40.1658,-74.9174,1356.000000,327.000000
Hopewell,40.1345,-78.2665,1272.000000,327.000000
Goldsboro,40.1544,-76.7516,1305.000000,327.000000
Hooversville,40.1504,-78.9132,1254.000000,327.000000
Valley Green,40.1567,-76.7947,1303.000000,327.000000
Manheim,40.1631,-76.3963,1315.000000,327.000000
Messiah College,40.1576,-76.984,1298.000000,327.000000
Washington,40.174,-80.2466,1216.000000,327.000000
East Washington,40.1745,-80.2325,1216.000000,327.000000
Hatboro,40.1775,-75.1054,1351.000000,327.000000
Langhorne,40.1777,-74.9212,1356.000000,327.000000
Maple Glen,40.1778,-75.1793,1349.000000,327.000000
Spring City,40.1768,-75.5466,1339.000000,327.000000
Boswell,40.1615,-79.0275,1250.000000,327.000000
Fairless Hills,40.1784,-74.8524,1358.000000,327.000000
Boiling Springs,40.1592,-77.139,1294.000000,327.000000
Jennerstown,40.1635,-79.0611,1250.000000,327.000000
Eighty Four,40.1777,-80.1303,1219.000000,326.000000
Wickerham Manor-Fisher,40.1771,-79.9079,1226.000000,326.000000
St. Clairsville,40.1561,-78.5108,1265.000000,326.000000
Donora,40.179,-79.8625,1227.000000,326.000000
Spring House,40.1847,-75.2267,1348.000000,326.000000
New Morgan,40.1833,-75.8896,1329.000000,326.000000
Ephrata,40.1812,-76.1811,1321.000000,326.000000
Royersford,40.1862,-75.5382,1339.000000,326.000000
Fivepointville,40.1828,-76.0553,1324.000000,326.000000
Collegeville,40.1873,-75.4581,1341.000000,326.000000
Warminster Heights,40.1884,-75.0841,1352.000000,326.000000
Fellsburg,40.1842,-79.8269,1228.000000,326.000000
Evansburg,40.1899,-75.4348,1342.000000,326.000000
Defiance,40.1599,-78.232,1273.000000,326.000000
Webster,40.1877,-79.8489,1227.000000,326.000000
Baidland,40.1888,-79.9533,1224.000000,326.000000
Newville,40.1702,-77.4015,1286.000000,326.000000
Churchville,40.1994,-74.9986,1354.000000,326.000000
Trappe,40.1991,-75.4753,1341.000000,326.000000
Royalton,40.1873,-76.727,1305.000000,326.000000
Wolfdale,40.1983,-80.3028,1214.000000,326.000000
Monongahela,40.1956,-79.9221,1225.000000,326.000000
Village Shires,40.2016,-74.9706,1355.000000,326.000000
Woodbourne,40.2016,-74.8872,1357.000000,326.000000
Bowmansville,40.203,-76.0199,1325.000000,326.000000
Morrisville,40.2074,-74.78,1360.000000,326.000000
Ivyland,40.2083,-75.0733,1352.000000,326.000000
Wyano,40.2015,-79.694,1232.000000,326.000000
Mammoth,40.1987,-79.4628,1238.000000,326.000000
Penryn,40.2017,-76.3675,1316.000000,326.000000
New Eagle,40.2064,-79.9532,1224.000000,325.000000
North Wales,40.2111,-75.2744,1346.000000,325.000000
Hunker,40.2041,-79.6155,1234.000000,325.000000
Wylandville,40.2099,-80.1263,1219.000000,325.000000
Middletown,40.201,-76.7289,1305.000000,325.000000
Norvelt,40.205,-79.497,1237.000000,325.000000
Shade Gap,40.1803,-77.8662,1273.000000,325.000000
West Newton,40.2094,-79.77,1230.000000,325.000000
Reamstown,40.2113,-76.118,1323.000000,325.000000
Meadowlands,40.2173,-80.23,1217.000000,325.000000
Stevens,40.2141,-76.1605,1321.000000,325.000000
Carlisle,40.1999,-77.2042,1292.000000,325.000000
Benson,40.2027,-78.9293,1253.000000,325.000000
Yukon,40.2139,-79.6864,1232.000000,325.000000
Highspire,40.2085,-76.7851,1304.000000,325.000000
Laurel Mountain,40.2112,-79.1851,1246.000000,325.000000
Kenilworth,40.2242,-75.6418,1336.000000,325.000000
Collinsburg,40.2196,-79.7846,1229.000000,325.000000
Richboro,40.2262,-75.0006,1354.000000,325.000000
Calumet,40.2189,-79.4892,1237.000000,325.000000
Mechanicsburg,40.2115,-77.006,1298.000000,325.000000
Newtown,40.229,-74.9324,1356.000000,325.000000
Brickerville,40.2226,-76.2863,1318.000000,325.000000
Woodside,40.2305,-74.8607,1358.000000,325.000000
Jerome,40.2136,-78.9809,1252.000000,325.000000
New Stanton,40.2237,-79.6086,1234.000000,325.000000
Swartzville,40.2287,-76.0809,1324.000000,325.000000
Three Springs,40.197,-77.9819,1270.000000,325.000000
Broad Top City,40.2012,-78.1406,1276.000000,325.000000
Alleghenyville,40.2327,-75.9762,1327.000000,325.000000
New Market,40.2232,-76.8566,1302.000000,325.000000
Denver,40.2325,-76.1393,1322.000000,325.000000
South Pottstown,40.2367,-75.6599,1336.000000,325.000000
Shiremanstown,40.2223,-76.9555,1299.000000,325.000000
Dudley,40.2055,-78.179,1274.000000,325.000000
Steelton,40.2258,-76.8254,1303.000000,324.000000
Hopeland,40.2336,-76.2615,1319.000000,324.000000
Yardley,40.2408,-74.8385,1359.000000,324.000000
McGovern,40.2385,-80.2257,1217.000000,324.000000
Lansdale,40.2417,-75.2812,1346.000000,324.000000
Sutersville,40.2361,-79.8015,1229.000000,324.000000
Kulpsville,40.244,-75.3407,1345.000000,324.000000
West Middletown,40.2432,-80.4252,1211.000000,324.000000
New Cumberland,40.2298,-76.8763,1301.000000,324.000000
Coalmont,40.2112,-78.2,1274.000000,324.000000
Saxton,40.2127,-78.247,1272.000000,324.000000
Bressler,40.2319,-76.819,1303.000000,324.000000
Adamstown,40.2417,-76.0608,1324.000000,324.000000
Enhaut,40.2324,-76.8253,1303.000000,324.000000
Stonerstown,40.2155,-78.2572,1272.000000,324.000000
New Kingstown,40.2311,-77.0728,1296.000000,324.000000
Saltillo,40.2117,-78.0062,1279.000000,324.000000
Montgomeryville,40.2502,-75.2405,1347.000000,324.000000
Schoeneck,40.2453,-76.1765,1321.000000,324.000000
Sanatoga,40.2498,-75.5886,1338.000000,324.000000
Houston,40.2494,-80.211,1217.000000,324.000000
Pottstown,40.2507,-75.6444,1336.000000,324.000000
Youngwood,40.2443,-79.5812,1235.000000,324.000000
Madison,40.2456,-79.6748,1232.000000,324.000000
Davidsville,40.2348,-78.9356,1253.000000,324.000000
Oberlin,40.2397,-76.8156,1303.000000,324.000000
Mount Gretna,40.2456,-76.4717,1313.000000,324.000000
Timber Hills,40.2457,-76.4838,1312.000000,324.000000
Woodbury,40.2255,-78.366,1269.000000,324.000000
Windber,40.2355,-78.8247,1256.000000,324.000000
Elrama,40.2517,-79.9243,1225.000000,324.000000
Finleyville,40.2529,-80.0017,1223.000000,324.000000
Mount Gretna Heights,40.2488,-76.4664,1313.000000,324.000000
Schwenksville,40.2574,-75.4662,1341.000000,324.000000
Camp Hill,40.2423,-76.9274,1300.000000,324.000000
Lemoyne,40.2442,-76.8991,1301.000000,324.000000
Newtown Grant,40.2599,-74.9561,1355.000000,324.000000
Douglassville,40.2577,-75.7251,1334.000000,324.000000
Paint,40.2421,-78.8501,1255.000000,324.000000
Schlusser,40.2421,-77.1778,1293.000000,324.000000
Birdsboro,40.262,-75.8099,1331.000000,324.000000
Pottsgrove,40.2644,-75.6093,1337.000000,324.000000
Canonsburg,40.2643,-80.1868,1218.000000,324.000000
Brittany Farms-The Highlands,40.269,-75.214,1348.000000,324.000000
Scalp Level,40.2495,-78.8442,1256.000000,323.000000
Herminie,40.2633,-79.7138,1231.000000,323.000000
Gastonville,40.2669,-80.0095,1223.000000,323.000000
Amity Gardens,40.2719,-75.7321,1333.000000,323.000000
Cornwall,40.2659,-76.4077,1314.000000,323.000000
Gouglersville,40.2701,-76.0192,1325.000000,323.000000
Avella,40.2737,-80.4672,1210.000000,323.000000
Hostetter,40.264,-79.3976,1240.000000,323.000000
Reinholds,40.2697,-76.1218,1322.000000,323.000000
Arona,40.2683,-79.6579,1233.000000,323.000000
Wormleysburg,40.2604,-76.9094,1300.000000,323.000000
Spring Mount,40.2755,-75.4651,1341.000000,323.000000
Paxtang,40.2623,-76.8342,1302.000000,323.000000
Elizabeth,40.2716,-79.8872,1226.000000,323.000000
Rockhill,40.241,-77.8995,1272.000000,323.000000
West Elizabeth,40.2722,-79.8952,1226.000000,323.000000
Lawnton,40.2638,-76.7978,1303.000000,323.000000
Hummelstown,40.2657,-76.7126,1306.000000,323.000000
Orbisonia,40.2429,-77.893,1272.000000,323.000000
Harleysville,40.2791,-75.3872,1343.000000,323.000000
Baumstown,40.2777,-75.8066,1331.000000,323.000000
Westland,40.2789,-80.2731,1215.000000,323.000000
Halfway House,40.2795,-75.6402,1336.000000,323.000000
Flying Hills,40.2787,-75.9164,1328.000000,323.000000
Rutherford,40.2696,-76.7678,1304.000000,323.000000
University of Pittsburgh Johnstown,40.263,-78.8296,1256.000000,323.000000
Thompsonville,40.2802,-80.1204,1220.000000,323.000000
Gibraltar,40.2809,-75.8608,1330.000000,323.000000
McMurray,40.2815,-80.0874,1221.000000,323.000000
Campbelltown,40.2761,-76.5848,1309.000000,323.000000
South Greensburg,40.2783,-79.5473,1236.000000,323.000000
Quentin,40.2793,-76.4352,1314.000000,323.000000
Chalfont,40.2894,-75.2096,1348.000000,323.000000
Harrisburg,40.2752,-76.8843,1301.000000,323.000000
Youngstown,40.2798,-79.3659,1241.000000,323.000000
Mohnton,40.2872,-75.9871,1326.000000,323.000000
Hershey,40.2806,-76.6458,1308.000000,323.000000
Penbrook,40.278,-76.8484,1302.000000,323.000000
Pennwyn,40.2895,-75.9731,1327.000000,323.000000
West Fairview,40.2777,-76.9195,1300.000000,323.000000
Muse,40.2924,-80.2055,1217.000000,323.000000
Lorane,40.2921,-75.8486,1330.000000,323.000000
Jefferson Hills,40.2927,-79.9329,1225.000000,323.000000
Hickory,40.2957,-80.3052,1214.000000,323.000000
Southwest Greensburg,40.292,-79.5477,1236.000000,322.000000
Belmont,40.283,-78.8907,1254.000000,322.000000
St. Vincent College,40.2914,-79.4054,1240.000000,322.000000
Clairton,40.2976,-79.8853,1226.000000,322.000000
Union Deposit,40.291,-76.681,1307.000000,322.000000
South Park Township,40.2989,-79.9944,1223.000000,322.000000
Hendersonville,40.3007,-80.1582,1219.000000,322.000000
Grill,40.3,-75.9344,1328.000000,322.000000
Schaefferstown,40.2969,-76.2938,1318.000000,322.000000
Lawson Heights,40.2938,-79.3873,1240.000000,322.000000
Lincoln,40.2994,-79.8554,1227.000000,322.000000
Progress,40.2905,-76.8382,1302.000000,322.000000
Shillington,40.3029,-75.967,1327.000000,322.000000
Enola,40.2908,-76.9348,1300.000000,322.000000
Ferndale,40.2884,-78.918,1254.000000,322.000000
Lawrence,40.3042,-80.1185,1220.000000,322.000000
Palmdale,40.2963,-76.6233,1308.000000,322.000000
Montrose Manor,40.3065,-75.9869,1326.000000,322.000000
Kenhorst,40.3069,-75.9438,1328.000000,322.000000
Souderton,40.311,-75.3224,1345.000000,322.000000
Woxall,40.311,-75.4512,1341.000000,322.000000
Geistown,40.2935,-78.8727,1255.000000,322.000000
Colonial Park,40.2997,-76.8068,1303.000000,322.000000
Lorain,40.296,-78.8961,1254.000000,322.000000
Reiffton,40.3126,-75.8662,1330.000000,322.000000
Dunlo,40.2935,-78.7176,1259.000000,322.000000
Elim,40.2989,-78.943,1253.000000,322.000000
Salix,40.296,-78.7599,1258.000000,322.000000
Claysburg,40.2896,-78.4482,1267.000000,322.000000
Boston,40.312,-79.8237,1228.000000,322.000000
Greenock,40.3125,-79.8036,1229.000000,322.000000
Lincoln Park,40.3147,-75.9886,1326.000000,322.000000
Adamsburg,40.3124,-79.6542,1233.000000,322.000000
Greensburg,40.3113,-79.5444,1236.000000,322.000000
Palmyra,40.31,-76.5945,1309.000000,322.000000
Cecil-Bishop,40.3184,-80.1933,1218.000000,322.000000
Gilbertsville,40.3219,-75.609,1337.000000,322.000000
Versailles,40.3177,-79.8309,1228.000000,322.000000
Latrobe,40.3125,-79.3826,1240.000000,322.000000
Oakland,40.3055,-78.8819,1255.000000,322.000000
Loyalhanna,40.3144,-79.356,1241.000000,322.000000
Telford,40.3259,-75.3274,1345.000000,322.000000
West Wyomissing,40.3221,-75.9953,1326.000000,322.000000
Bethel Park,40.3239,-80.0364,1222.000000,322.000000
Sinking Spring,40.3241,-76.0236,1325.000000,321.000000
Southmont,40.3108,-78.9327,1253.000000,321.000000
St. Lawrence,40.3262,-75.8661,1330.000000,321.000000
Liberty,40.3244,-79.8589,1227.000000,321.000000
Paxtonia,40.3166,-76.7884,1304.000000,321.000000
Cassville,40.2927,-78.0273,1279.000000,321.000000
Jacksonwald,40.3279,-75.8413,1330.000000,321.000000
Dale,40.312,-78.9049,1254.000000,321.000000
Glassport,40.3262,-79.8861,1226.000000,321.000000
Springmont,40.3274,-76.0043,1326.000000,321.000000
Mount Penn,40.3287,-75.8897,1329.000000,321.000000
Irwin,40.3249,-79.6997,1231.000000,321.000000
West Lawn,40.3289,-75.9939,1326.000000,321.000000
Shirleysburg,40.2974,-77.8764,1273.000000,321.000000
Grapeville,40.3253,-79.606,1234.000000,321.000000
Boyertown,40.3323,-75.6375,1336.000000,321.000000
Southview,40.332,-80.256,1216.000000,321.000000
Pleasant Hills,40.3298,-79.9596,1224.000000,321.000000
Wernersville,40.3302,-76.082,1324.000000,321.000000
Bradenville,40.3236,-79.3403,1242.000000,321.000000
Wyomissing,40.3317,-75.9703,1327.000000,321.000000
Jeannette,40.3277,-79.6139,1234.000000,321.000000
Lebanon South,40.328,-76.4066,1314.000000,321.000000
Green Lane,40.3364,-75.4709,1341.000000,321.000000
Penn,40.3294,-79.6419,1233.000000,321.000000
Westmont,40.3194,-78.9524,1253.000000,321.000000
West Reading,40.3337,-75.947,1327.000000,321.000000
Daisytown,40.3201,-78.9034,1254.000000,321.000000
Whitfield,40.3358,-76.0048,1326.000000,321.000000
Pennside,40.3384,-75.8781,1329.000000,321.000000
Martinsburg,40.3109,-78.3242,1270.000000,321.000000
Port Vue,40.3371,-79.872,1227.000000,321.000000
Reading,40.34,-75.9267,1328.000000,321.000000
Johnstown,40.3258,-78.9193,1253.000000,321.000000
Atlasburg,40.3436,-80.3804,1212.000000,321.000000
Sidman,40.3235,-78.7523,1258.000000,321.000000
Pleasant Hill,40.3369,-76.4481,1313.000000,321.000000
Derry,40.3335,-79.3011,1243.000000,321.000000
North Irwin,40.3389,-79.7115,1231.000000,321.000000
New Berlinville,40.3451,-75.6313,1336.000000,321.000000
Beaverdale,40.3243,-78.7011,1260.000000,321.000000
Hebron,40.339,-76.3989,1315.000000,321.000000
Silverdale,40.3472,-75.2719,1346.000000,321.000000
McKeesport,40.3419,-79.8439,1227.000000,321.000000
White Oak,40.3415,-79.8007,1229.000000,321.000000
Cleona,40.3385,-76.477,1312.000000,321.000000
St. Michael,40.3272,-78.7701,1258.000000,321.000000
Lebanon,40.3412,-76.4227,1314.000000,321.000000
Skyline View,40.3376,-76.7256,1305.000000,321.000000
Colony Park,40.3465,-75.9827,1326.000000,321.000000
Avon,40.3429,-76.3794,1315.000000,321.000000
Stony Creek Mills,40.3493,-75.864,1330.000000,321.000000
Manor,40.3459,-79.6693,1232.000000,321.000000
Marysville,40.3377,-76.9337,1300.000000,321.000000
Robesonia,40.3495,-76.1391,1322.000000,321.000000
Dravosburg,40.3509,-79.8906,1226.000000,321.000000
Spring Ridge,40.3533,-75.9892,1326.000000,321.000000
Newmanstown,40.3514,-76.2117,1320.000000,321.000000
Linglestown,40.3445,-76.795,1304.000000,320.000000
Sellersville,40.36,-75.3083,1345.000000,320.000000
Franklin,40.3417,-78.8846,1254.000000,320.000000
Slovan,40.3595,-80.385,1212.000000,320.000000
Bridgeville,40.3578,-80.1061,1220.000000,320.000000
New Hope,40.3616,-74.9574,1355.000000,320.000000
Harrison City,40.3544,-79.6506,1233.000000,320.000000
Millwood,40.3504,-79.2853,1243.000000,320.000000
West Mifflin,40.3581,-79.9072,1226.000000,320.000000
Blain,40.3365,-77.5124,1283.000000,320.000000
Roaring Spring,40.3348,-78.3958,1268.000000,320.000000
Richland,40.3574,-76.2568,1319.000000,320.000000
Langeloth,40.3631,-80.4137,1211.000000,320.000000
Landisburg,40.343,-77.306,1289.000000,320.000000
Greenfields,40.3627,-75.9565,1327.000000,320.000000
East Conemaugh,40.3476,-78.886,1254.000000,320.000000
Sand Hill,40.3614,-76.4217,1314.000000,320.000000
Castle Shannon,40.3664,-80.0194,1222.000000,320.000000
Womelsdorf,40.3655,-76.1864,1321.000000,320.000000
Perkasie,40.3719,-75.292,1346.000000,320.000000
McDonald,40.3701,-80.2323,1216.000000,320.000000
Bechtelsville,40.3711,-75.6307,1336.000000,320.000000
Dublin,40.373,-75.204,1348.000000,320.000000
Baldwin,40.369,-79.9668,1224.000000,320.000000
Crabtree,40.3639,-79.4694,1238.000000,320.000000
Brentwood,40.3734,-79.9757,1224.000000,320.000000
Red Hill,40.3771,-75.4838,1340.000000,320.000000
Bulger,40.3767,-80.323,1214.000000,320.000000
Duquesne,40.3732,-79.8502,1227.000000,320.000000
Hyde Park,40.3755,-75.924,1328.000000,320.000000
Myerstown,40.3722,-76.3055,1317.000000,320.000000
Joffre,40.3809,-80.3533,1213.000000,320.000000
Burgettstown,40.3813,-80.3926,1212.000000,320.000000
Dauphin,40.3684,-76.9296,1300.000000,320.000000
South Fork,40.3636,-78.7919,1257.000000,320.000000
East Freedom,40.3573,-78.4366,1267.000000,320.000000
Sturgeon,40.3835,-80.2153,1217.000000,320.000000
Plumsteadville,40.3863,-75.1429,1350.000000,320.000000
Stouchsburg,40.3808,-76.2306,1319.000000,320.000000
Muhlenberg Park,40.3867,-75.9398,1328.000000,319.000000
East McKeesport,40.3849,-79.8073,1228.000000,319.000000
Trafford,40.3847,-79.7575,1230.000000,319.000000
Laureldale,40.3897,-75.9135,1328.000000,319.000000
Spring Hill,40.3703,-78.6691,1261.000000,319.000000
Pennsburg,40.3936,-75.4965,1340.000000,319.000000
Heidelberg,40.3914,-80.0923,1220.000000,319.000000
New Florence,40.379,-79.0752,1249.000000,319.000000
Riverview Park,40.3912,-75.9509,1327.000000,319.000000
Ehrenfeld,40.3743,-78.7761,1258.000000,319.000000
Level Green,40.3902,-79.7215,1231.000000,319.000000
Wall,40.3916,-79.786,1229.000000,319.000000
Dormont,40.3941,-80.0377,1222.000000,319.000000
Noblestown,40.3954,-80.2019,1217.000000,319.000000
Summerhill,40.3765,-78.7616,1258.000000,319.000000
Munhall,40.3937,-79.9004,1226.000000,319.000000
Fox Chase,40.3952,-75.9634,1327.000000,319.000000
Wilmerding,40.3942,-79.8101,1228.000000,319.000000
East Waterford,40.3711,-77.6047,1281.000000,319.000000
Alsace Manor,40.3973,-75.8547,1330.000000,319.000000
Bally,40.4004,-75.5876,1338.000000,319.000000
South Temple,40.399,-75.9224,1328.000000,319.000000
East Pittsburgh,40.3969,-79.8382,1228.000000,319.000000
West Homestead,40.3977,-79.9185,1225.000000,319.000000
Oakdale,40.4001,-80.1872,1218.000000,319.000000
Rennerdale,40.4002,-80.1397,1219.000000,319.000000
Allenport,40.3686,-77.8707,1273.000000,319.000000
New Alexandria,40.3945,-79.4175,1239.000000,319.000000
Whitaker,40.4007,-79.8864,1226.000000,319.000000
East Greenville,40.4057,-75.5059,1340.000000,319.000000
Braddock,40.4018,-79.8688,1227.000000,319.000000
North Braddock,40.4023,-79.8533,1227.000000,319.000000
Bolivar,40.3952,-79.1521,1247.000000,319.000000
Portage,40.3868,-78.6746,1260.000000,319.000000
Wilmore,40.3877,-78.717,1259.000000,319.000000
Paris,40.4104,-80.5067,1209.000000,319.000000
Carnegie,40.408,-80.0861,1221.000000,319.000000
Temple,40.4085,-75.9225,1328.000000,319.000000
Kistler,40.3769,-77.8654,1273.000000,319.000000
Homestead,40.4074,-79.9097,1226.000000,319.000000
Duncannon,40.3952,-77.0277,1297.000000,319.000000
Trumbauersville,40.4132,-75.3801,1343.000000,319.000000
Pitcairn,40.4079,-79.7765,1229.000000,319.000000
Turtle Creek,40.4085,-79.8214,1228.000000,319.000000
Mount Oliver,40.4113,-79.9856,1223.000000,319.000000
Chalfant,40.41,-79.8387,1228.000000,319.000000
Rankin,40.411,-79.8811,1226.000000,319.000000
Marklesburg,40.3821,-78.1697,1275.000000,319.000000
Robinson,40.4048,-79.1383,1247.000000,318.000000
Mount Union,40.3845,-77.8824,1273.000000,318.000000
Green Tree,40.417,-80.0544,1221.000000,318.000000
Newry,40.3933,-78.4358,1267.000000,318.000000
Jonestown,40.4129,-76.4807,1312.000000,318.000000
Delmont,40.4145,-79.573,1235.000000,318.000000
Braddock Hills,40.418,-79.8629,1227.000000,318.000000
Export,40.417,-79.6232,1234.000000,318.000000
Rosslyn Farms,40.4224,-80.0886,1220.000000,318.000000
Swissvale,40.4207,-79.8858,1226.000000,318.000000
Newton Hamilton,40.3926,-77.8354,1274.000000,318.000000
Mount Aetna,40.4207,-76.2965,1318.000000,318.000000
Seward,40.413,-79.0219,1251.000000,318.000000
Mapleton,40.3928,-77.9412,1271.000000,318.000000
Forest Hills,40.4251,-79.8544,1227.000000,318.000000
Vinco,40.4111,-78.8446,1256.000000,318.000000
Pennsbury Village,40.4282,-80.1011,1220.000000,318.000000
Cassandra,40.4085,-78.6407,1261.000000,318.000000
Cedar Crest,40.3966,-77.8858,1273.000000,318.000000
Monroeville,40.4262,-79.7605,1230.000000,318.000000
Milford Square,40.4325,-75.4056,1343.000000,318.000000
Edgewood,40.4313,-79.8839,1226.000000,318.000000
Crafton,40.4333,-80.0712,1221.000000,318.000000
Thornburg,40.4345,-80.0842,1221.000000,318.000000
Bernville,40.4334,-76.1107,1323.000000,318.000000
Bloomfield,40.4189,-77.189,1292.000000,318.000000
Quakertown,40.4398,-75.3456,1344.000000,318.000000
Spinnerstown,40.4412,-75.4414,1342.000000,318.000000
Pittsburgh,40.4396,-79.9762,1224.000000,318.000000
Churchill,40.4389,-79.8417,1227.000000,318.000000
Blairsville,40.4325,-79.2599,1244.000000,318.000000
Foot of Ten,40.4182,-78.4612,1266.000000,318.000000
Blandon,40.4446,-75.8799,1329.000000,317.000000
New Jerusalem,40.4455,-75.753,1333.000000,317.000000
Ingram,40.4449,-80.0684,1221.000000,317.000000
Lilly,40.4244,-78.6202,1262.000000,317.000000
Leesport,40.4451,-75.9684,1327.000000,317.000000
Wilkinsburg,40.4442,-79.8733,1227.000000,317.000000
Walnuttown,40.4467,-75.8405,1330.000000,317.000000
Fredericksburg,40.4441,-76.4377,1314.000000,317.000000
Fort Indiantown Gap,40.4421,-76.5971,1309.000000,317.000000
Murrysville,40.4456,-79.6555,1233.000000,317.000000
Enlow,40.4523,-80.2317,1216.000000,317.000000
Duncansville,40.4263,-78.4303,1267.000000,317.000000
Imperial,40.4537,-80.2499,1216.000000,317.000000
Fleetwood,40.4565,-75.8209,1331.000000,317.000000
New Schaefferstown,40.4536,-76.1692,1321.000000,317.000000
Frystown,40.452,-76.3326,1317.000000,317.000000
Hollidaysburg,40.4311,-78.393,1268.000000,317.000000
Mundys Corner,40.4432,-78.8325,1256.000000,317.000000
Rehrersburg,40.4575,-76.2462,1319.000000,317.000000
Dryville,40.4623,-75.7532,1333.000000,317.000000
Dauberville,40.4606,-75.9984,1326.000000,317.000000
New Buffalo,40.4543,-76.9705,1299.000000,317.000000
Slickville,40.4622,-79.5184,1237.000000,317.000000
McKees Rocks,40.4688,-80.063,1221.000000,317.000000
Richlandtown,40.4726,-75.3212,1345.000000,317.000000
Mill Creek,40.4373,-77.9308,1271.000000,317.000000
Mohrsville,40.4781,-75.9852,1326.000000,316.000000
Frankfort Springs,40.481,-80.4428,1211.000000,316.000000
Lyons,40.4807,-75.7591,1333.000000,316.000000
Atkinson Mills,40.4519,-77.8053,1275.000000,316.000000
Millvale,40.4818,-79.9736,1224.000000,316.000000
Bowers,40.4848,-75.7423,1333.000000,316.000000
Cresson,40.4626,-78.5866,1263.000000,316.000000
Centerport,40.4865,-76.0056,1326.000000,316.000000
Nanty-Glo,40.4708,-78.8339,1256.000000,316.000000
Clinton,40.4926,-80.296,1215.000000,316.000000
Saltsburg,40.4848,-79.448,1239.000000,316.000000
Lakemont,40.466,-78.3916,1268.000000,316.000000
Sankertown,40.4714,-78.5921,1263.000000,316.000000
Williamsburg,40.4627,-78.2045,1274.000000,316.000000
Strausstown,40.4911,-76.1823,1321.000000,316.000000
Blawnox,40.4923,-79.86,1227.000000,316.000000
Aspinwall,40.493,-79.9038,1226.000000,316.000000
Bellevue,40.4945,-80.055,1221.000000,316.000000
Vintondale,40.4795,-78.9114,1254.000000,316.000000
Sharpsburg,40.494,-79.9251,1225.000000,316.000000
McConnellstown,40.464,-78.0672,1278.000000,316.000000
Etna,40.4975,-79.9476,1224.000000,316.000000
Schubert,40.4979,-76.2197,1320.000000,316.000000
Tunnelhill,40.4783,-78.5423,1264.000000,316.000000
Shoemakersville,40.5004,-75.97,1327.000000,316.000000
Avalon,40.501,-80.068,1221.000000,316.000000
Mertztown,40.5033,-75.6674,1335.000000,316.000000
Topton,40.5032,-75.7024,1334.000000,316.000000
Gallitzin,40.4809,-78.5547,1264.000000,315.000000
Plum,40.5024,-79.7496,1230.000000,315.000000
Ben Avon,40.5058,-80.0814,1221.000000,315.000000
Alburtis,40.509,-75.6001,1337.000000,315.000000
Ebensburg,40.4884,-78.7264,1259.000000,315.000000
Verona,40.505,-79.8419,1227.000000,315.000000
Coopersburg,40.5102,-75.3915,1343.000000,315.000000
Kutztown University,40.5103,-75.785,1332.000000,315.000000
Revloc,40.4914,-78.7636,1258.000000,315.000000
Emsworth,40.5112,-80.0965,1220.000000,315.000000
Ben Avon Heights,40.5125,-80.0731,1221.000000,315.000000
Coral,40.502,-79.1746,1246.000000,315.000000
Macungie,40.5165,-75.5545,1339.000000,315.000000
Coraopolis,40.5148,-80.1627,1218.000000,315.000000
Shartlesville,40.5135,-76.1017,1323.000000,315.000000
Carnot-Moon,40.5187,-80.2178,1217.000000,315.000000
Graceton,40.5071,-79.1687,1246.000000,315.000000
West View,40.5182,-80.0333,1222.000000,315.000000
Virginville,40.5191,-75.8638,1330.000000,315.000000
Kutztown,40.5213,-75.7772,1332.000000,315.000000
Glenfield,40.5207,-80.1333,1219.000000,315.000000
Oakmont,40.5201,-79.8365,1228.000000,315.000000
Mattawana,40.4968,-77.7283,1277.000000,315.000000
Haysville,40.5268,-80.1561,1219.000000,315.000000
Fox Chapel,40.5247,-79.8898,1226.000000,315.000000
McVeytown,40.4981,-77.7415,1277.000000,315.000000
Loretto,40.5086,-78.635,1261.000000,315.000000
Glen Osborne,40.5308,-80.1678,1218.000000,315.000000
Emmaus,40.5352,-75.4978,1340.000000,314.000000
Longfellow,40.5063,-77.6665,1279.000000,314.000000
Avonmore,40.5272,-79.4694,1238.000000,314.000000
Altoona,40.5082,-78.4007,1268.000000,314.000000
Ancient Oaks,40.536,-75.5852,1338.000000,314.000000
Huntingdon,40.5,-78.0097,1279.000000,314.000000
DeSales University,40.5388,-75.3778,1343.000000,314.000000
Breinigsville,40.5394,-75.6344,1336.000000,314.000000
Glenshaw,40.5391,-79.9735,1224.000000,314.000000
Springdale,40.5409,-79.782,1229.000000,314.000000
Cheswick,40.5428,-79.8013,1229.000000,314.000000
Lenkerville,40.5327,-76.9594,1299.000000,314.000000
Trexlertown,40.5523,-75.6039,1337.000000,314.000000
Homer City,40.5403,-79.1597,1247.000000,314.000000
West Hamburg,40.5524,-76.002,1326.000000,314.000000
Edgeworth,40.5546,-80.1922,1218.000000,314.000000
Port Royal,40.5338,-77.3895,1287.000000,314.000000
Millersburg,40.5422,-76.9554,1299.000000,314.000000
Hamburg,40.5561,-75.9825,1326.000000,314.000000
Elizabethville,40.5472,-76.816,1303.000000,314.000000
Pine Grove,40.5534,-76.386,1315.000000,314.000000
Harwick,40.5562,-79.8054,1228.000000,314.000000
Sewickley Heights,40.5594,-80.1528,1219.000000,314.000000
Greenwood,40.5325,-78.3589,1269.000000,314.000000
Wescosville,40.5617,-75.5489,1339.000000,314.000000
Colver,40.5426,-78.7891,1257.000000,314.000000
Mexico,40.5416,-77.3582,1288.000000,313.000000
Allensville,40.5331,-77.8141,1275.000000,313.000000
Summit Station,40.5615,-76.1996,1320.000000,313.000000
Leetsdale,40.5656,-80.2142,1217.000000,313.000000
Edenburg,40.5658,-75.9593,1327.000000,313.000000
Lucerne Mines,40.5559,-79.1558,1247.000000,313.000000
Sewickley Hills,40.568,-80.1271,1219.000000,313.000000
Millerstown,40.5543,-77.153,1293.000000,313.000000
Lenhartsville,40.572,-75.8894,1329.000000,313.000000
Lykens,40.5641,-76.6983,1306.000000,313.000000
Dorneyville,40.5755,-75.5188,1340.000000,313.000000
Ravine,40.5686,-76.3937,1315.000000,313.000000
South Heights,40.5745,-80.2363,1216.000000,313.000000
Allison Park,40.573,-79.9603,1224.000000,313.000000
Jacksonville,40.5652,-79.2952,1243.000000,313.000000
New Kensington,40.5711,-79.7521,1230.000000,313.000000
Strodes Mills,40.5487,-77.6751,1279.000000,313.000000
Hellertown,40.5811,-75.3378,1345.000000,313.000000
Arnold,40.5789,-79.7653,1230.000000,313.000000
Ashville,40.5601,-78.5472,1264.000000,313.000000
Port Clinton,40.5818,-76.0267,1325.000000,313.000000
Cetronia,40.5851,-75.5435,1339.000000,313.000000
Wiconsico,40.5742,-76.6773,1307.000000,313.000000
Thompsontown,40.5658,-77.2362,1291.000000,313.000000
Lower Burrell,40.5818,-79.7141,1231.000000,313.000000
Williamstown,40.5809,-76.617,1309.000000,313.000000
Bell Acres,40.5898,-80.1738,1218.000000,313.000000
Mifflin,40.5686,-77.4048,1286.000000,313.000000
Franklin Park,40.5903,-80.0999,1220.000000,313.000000
Apollo,40.5849,-79.5648,1235.000000,313.000000
Lake Wynonah,40.5878,-76.1806,1321.000000,313.000000
Orwin,40.5839,-76.5314,1311.000000,313.000000
Orchard Hills,40.5849,-79.5416,1236.000000,313.000000
Alexandria,40.5582,-78.0994,1277.000000,312.000000
Ambridge,40.5922,-80.2265,1217.000000,312.000000
Mifflintown,40.5711,-77.3951,1287.000000,312.000000
Riegelsville,40.5965,-75.1987,1349.000000,312.000000
Allentown,40.5961,-75.4756,1341.000000,312.000000
Tower City,40.5884,-76.553,1310.000000,312.000000
Hookstown,40.5989,-80.4738,1210.000000,312.000000
Reinerton,40.5914,-76.5359,1311.000000,312.000000
Chest Springs,40.5781,-78.6105,1262.000000,312.000000
North Apollo,40.5938,-79.5564,1235.000000,312.000000
Fountain Hill,40.6029,-75.3961,1343.000000,312.000000
Muir,40.5943,-76.5186,1311.000000,312.000000
East Vandergrift,40.5973,-79.563,1235.000000,312.000000
Vandergrift,40.5994,-79.5748,1235.000000,312.000000
Petersburg,40.5726,-78.0507,1278.000000,312.000000
Tarentum,40.6041,-79.7601,1230.000000,312.000000
Friedensburg,40.607,-76.2291,1319.000000,312.000000
Russellton,40.6082,-79.8401,1227.000000,312.000000
Juniata Terrace,40.5855,-77.5782,1281.000000,312.000000
Brackenridge,40.6079,-79.7411,1230.000000,312.000000
Berrysburg,40.6029,-76.8102,1303.000000,312.000000
Aliquippa,40.6155,-80.2547,1216.000000,312.000000
North Vandergrift,40.61,-79.5555,1236.000000,312.000000
Gratz,40.6073,-76.7159,1306.000000,312.000000
Pleasant View,40.6121,-79.5711,1235.000000,312.000000
Lewistown,40.5964,-77.573,1282.000000,311.000000
Deer Lake,40.6214,-76.0565,1324.000000,311.000000
Kiskimere,40.6177,-79.584,1235.000000,311.000000
Shippingport,40.625,-80.422,1211.000000,311.000000
Bethlehem,40.6266,-75.3679,1344.000000,311.000000
Carrolltown,40.6048,-78.7072,1259.000000,311.000000
Freemansburg,40.628,-75.3401,1345.000000,311.000000
Raubsville,40.6295,-75.2024,1348.000000,311.000000
East Salem,40.6086,-77.2371,1291.000000,311.000000
Kempton,40.6278,-75.8548,1330.000000,311.000000
Landingville,40.6256,-76.1235,1322.000000,311.000000
Bellwood,40.6009,-78.3343,1270.000000,311.000000
Fullerton,40.6308,-75.4834,1341.000000,311.000000
Bairdford,40.6279,-79.8818,1226.000000,311.000000
Schuylkill Haven,40.6284,-76.1729,1321.000000,311.000000
Cressona,40.6304,-76.1938,1320.000000,311.000000
Indiana,40.622,-79.1552,1247.000000,311.000000
Gibsonia,40.6322,-79.9684,1224.000000,311.000000
Belleville,40.606,-77.721,1277.000000,311.000000
Midland,40.6373,-80.4565,1210.000000,311.000000
Tremont,40.6302,-76.3912,1315.000000,311.000000
Leechburg,40.6303,-79.6022,1234.000000,311.000000
Bradford Woods,40.6369,-80.0809,1221.000000,311.000000
West Leechburg,40.6338,-79.617,1234.000000,311.000000
Baden,40.6396,-80.2228,1217.000000,311.000000
Georgetown,40.6417,-80.4994,1209.000000,311.000000
Economy,40.641,-80.184,1218.000000,311.000000
Middletown,40.6441,-75.3244,1345.000000,311.000000
Donaldson,40.6364,-76.4046,1315.000000,311.000000
Glasgow,40.6444,-80.508,1209.000000,311.000000
Highland Park,40.6216,-77.5707,1282.000000,311.000000
Maitland,40.6242,-77.5019,1284.000000,311.000000
Heilwood,40.6322,-78.8931,1254.000000,311.000000
Catasauqua,40.6531,-75.4643,1341.000000,310.000000
Pillow,40.6406,-76.803,1303.000000,310.000000
Chevy Chase Heights,40.6403,-79.1456,1247.000000,310.000000
Renningers,40.6497,-76.1484,1322.000000,310.000000
Curtisville,40.6497,-79.8492,1227.000000,310.000000
Bakerstown,40.6528,-79.9407,1225.000000,310.000000
Old Orchard,40.6575,-75.2609,1347.000000,310.000000
Orwigsburg,40.6541,-76.104,1323.000000,310.000000
Hokendauqua,40.6584,-75.4952,1340.000000,310.000000
McAlisterville,40.6381,-77.273,1290.000000,310.000000
Newtown,40.6529,-76.3461,1316.000000,310.000000
Glendon,40.6607,-75.2364,1347.000000,310.000000
Industry,40.6595,-80.4115,1211.000000,310.000000
Burnham,40.6353,-77.5632,1282.000000,310.000000
North Catasauqua,40.664,-75.4741,1341.000000,310.000000
Dalmatia,40.65,-76.9026,1301.000000,310.000000
Tipton,40.6359,-78.3001,1271.000000,310.000000
Stiles,40.6666,-75.5072,1340.000000,310.000000
Shelocta,40.6573,-79.3017,1243.000000,310.000000
Conway,40.6674,-80.2411,1216.000000,310.000000
Yeagertown,40.6414,-77.5803,1281.000000,310.000000
Schnecksville,40.6693,-75.6116,1337.000000,310.000000
Klingerstown,40.6588,-76.6931,1306.000000,310.000000
Coplay,40.671,-75.4961,1340.000000,310.000000
Northern Cambria,40.6561,-78.7784,1257.000000,310.000000
West Easton,40.6781,-75.2357,1347.000000,310.000000
Mount Carbon,40.6735,-76.1885,1321.000000,310.000000
New Tripoli,40.6773,-75.7498,1333.000000,310.000000
Branchdale,40.6732,-76.3222,1317.000000,310.000000
Valencia,40.6767,-79.9881,1223.000000,310.000000
Wilson,40.6844,-75.2407,1347.000000,309.000000
Monaca,40.6833,-80.2736,1215.000000,309.000000
Clymer,40.6686,-79.0132,1251.000000,309.000000
Easton,40.6858,-75.2209,1348.000000,309.000000
Pottsville,40.6798,-76.2092,1320.000000,309.000000
McKeansburg,40.6822,-76.0197,1325.000000,309.000000
Egypt,40.6858,-75.5334,1339.000000,309.000000
Freedom,40.6849,-80.2533,1216.000000,309.000000
Hastings,40.6647,-78.7094,1259.000000,309.000000
Lumber City,40.6583,-77.6014,1281.000000,309.000000
Northampton,40.6866,-75.4904,1340.000000,309.000000
Alfarata,40.6619,-77.4559,1285.000000,309.000000
Ohioville,40.6872,-80.4783,1209.000000,309.000000
Grazierville,40.6576,-78.2707,1272.000000,309.000000
Cementon,40.689,-75.5161,1340.000000,309.000000
Freeport,40.6829,-79.6837,1232.000000,309.000000
Seven Fields,40.6867,-80.0639,1221.000000,309.000000
Palmer Heights,40.6907,-75.2671,1347.000000,309.000000
Palo Alto,40.6861,-76.1699,1321.000000,309.000000
Marlin,40.686,-76.2422,1319.000000,309.000000
Ernest,40.6783,-79.1647,1247.000000,309.000000
New Ringgold,40.6892,-75.9928,1326.000000,309.000000
Reedsville,40.6646,-77.593,1281.000000,309.000000
Creekside,40.6811,-79.193,1246.000000,309.000000
Beaver,40.6936,-80.3074,1214.000000,309.000000
Mechanicsville,40.6908,-76.1807,1321.000000,309.000000
Barrville,40.6663,-77.6831,1279.000000,309.000000
Minersville,40.6908,-76.2594,1319.000000,309.000000
East Rochester,40.6981,-80.2689,1215.000000,309.000000
Forestville,40.6938,-76.2921,1318.000000,309.000000
Mars,40.6969,-80.0141,1223.000000,309.000000
Seltzer,40.6957,-76.2361,1319.000000,309.000000
Port Carbon,40.6969,-76.1666,1321.000000,309.000000
Rochester,40.7025,-80.2838,1215.000000,309.000000
Wagner,40.6801,-77.3879,1287.000000,309.000000
Richfield,40.6868,-77.114,1295.000000,309.000000
Elderton,40.6945,-79.3421,1242.000000,309.000000
Port Trevorton,40.6928,-76.894,1301.000000,309.000000
Tyrone,40.6764,-78.246,1272.000000,309.000000
Blandburg,40.6838,-78.4158,1268.000000,308.000000
Buck Run,40.7068,-76.3212,1317.000000,308.000000
Cumbola,40.7139,-76.1433,1322.000000,308.000000
Northwood,40.6864,-78.2272,1273.000000,308.000000
Church Hill,40.6926,-77.5949,1281.000000,308.000000
New Philadelphia,40.7178,-76.1167,1323.000000,308.000000
Laurys Station,40.7232,-75.5366,1339.000000,308.000000
Herndon,40.7103,-76.8515,1302.000000,308.000000
Fallston,40.7241,-80.3133,1214.000000,308.000000
St. Clair,40.7211,-76.1903,1321.000000,308.000000
Beurys Lake,40.7194,-76.3797,1315.000000,308.000000
Heckscherville,40.7211,-76.2666,1318.000000,308.000000
Bath,40.7279,-75.3919,1343.000000,308.000000
McClure,40.7078,-77.3107,1289.000000,308.000000
Dicksonville,40.7153,-79.0105,1251.000000,308.000000
Middleport,40.7278,-76.0868,1324.000000,308.000000
Commodore,40.7154,-78.939,1253.000000,308.000000
New Brighton,40.7355,-80.3091,1214.000000,308.000000
Nazareth,40.74,-75.3132,1345.000000,308.000000
Mount Pleasant Mills,40.723,-77.0214,1297.000000,308.000000
Patterson Heights,40.7391,-80.3263,1214.000000,308.000000
Tatamy,40.7409,-75.2561,1347.000000,308.000000
Callery,40.7393,-80.038,1222.000000,307.000000
Milroy,40.7164,-77.5871,1281.000000,307.000000
Slatedale,40.7439,-75.6583,1336.000000,307.000000
Eastlawn Gardens,40.748,-75.2913,1346.000000,307.000000
Baileyville,40.711,-77.9924,1270.000000,307.000000
Walnutport,40.7514,-75.5955,1337.000000,307.000000
Stockertown,40.7548,-75.2628,1347.000000,307.000000
Slatington,40.7544,-75.6114,1337.000000,307.000000
Cherryville,40.7549,-75.5309,1339.000000,307.000000
Potlicker Flats,40.7268,-77.6077,1281.000000,307.000000
Saxonburg,40.751,-79.815,1228.000000,307.000000
Gordon,40.75,-76.3401,1316.000000,307.000000
Chapman,40.7585,-75.4013,1343.000000,307.000000
Ramblewood,40.7238,-77.9432,1271.000000,307.000000
Atwood,40.7501,-79.2601,1244.000000,307.000000
Beaver Falls,40.762,-80.3225,1214.000000,307.000000
Siglerville,40.7367,-77.5319,1283.000000,307.000000
Beaver Springs,40.7448,-77.2169,1292.000000,307.000000
Pine Grove Mills,40.7315,-77.8884,1273.000000,307.000000
Tuscarora,40.7638,-76.0601,1324.000000,307.000000
Eastvale,40.7669,-80.3148,1214.000000,307.000000
Westover,40.7465,-78.6822,1260.000000,307.000000
Ford Cliff,40.7608,-79.5357,1236.000000,307.000000
Lavelle,40.7623,-76.3869,1315.000000,307.000000
Evans City,40.7685,-80.0584,1221.000000,306.000000
Beavertown,40.7522,-77.1691,1293.000000,306.000000
Lenape Heights,40.7633,-79.5217,1236.000000,306.000000
Coalport,40.7476,-78.532,1264.000000,306.000000
Ford City,40.7693,-79.5327,1236.000000,306.000000
Freeburg,40.7626,-76.9409,1299.000000,306.000000
Fountain Springs,40.7722,-76.3284,1317.000000,306.000000
Martins Creek,40.7816,-75.1912,1349.000000,306.000000
West Mayfield,40.7802,-80.3387,1213.000000,306.000000
Locustdale,40.7786,-76.3735,1315.000000,306.000000
Marion Center,40.7705,-79.0472,1250.000000,306.000000
Englewood,40.7814,-76.2449,1319.000000,306.000000
Ashland,40.7811,-76.3451,1316.000000,306.000000
Paxtonville,40.7702,-77.0807,1296.000000,306.000000
Nixon,40.7844,-79.934,1225.000000,306.000000
Frackville,40.7833,-76.2329,1319.000000,306.000000
Fairview-Ferndale,40.7803,-76.5754,1310.000000,306.000000
Altamont,40.785,-76.217,1320.000000,306.000000
Zelienople,40.7886,-80.1428,1219.000000,306.000000
Marshallton,40.7853,-76.5366,1311.000000,306.000000
Ranshaw,40.7858,-76.5173,1311.000000,306.000000
Trevorton,40.7841,-76.6713,1307.000000,306.000000
Manorville,40.7876,-79.5207,1236.000000,306.000000
Shamokin,40.7883,-76.555,1310.000000,306.000000
Girardville,40.7922,-76.283,1318.000000,306.000000
Irvona,40.7736,-78.5501,1264.000000,306.000000
Gilberton,40.7961,-76.2235,1320.000000,305.000000
Bowmanstown,40.8019,-75.6611,1336.000000,305.000000
Palmerton,40.8023,-75.616,1337.000000,305.000000
Kulpmont,40.7951,-76.4718,1313.000000,305.000000
Mount Carmel,40.7959,-76.4121,1314.000000,305.000000
Harmony,40.8015,-80.125,1219.000000,305.000000
Atlas,40.7974,-76.4288,1314.000000,305.000000
Plumville,40.7925,-79.1793,1246.000000,305.000000
Tamaqua,40.8033,-75.9344,1328.000000,305.000000
Middleburg,40.7892,-77.0445,1297.000000,305.000000
Rural Valley,40.7991,-79.315,1242.000000,305.000000
Boalsburg,40.7783,-77.7734,1276.000000,305.000000
Centralia,40.8047,-76.3439,1316.000000,305.000000
Marion Heights,40.8035,-76.4641,1313.000000,305.000000
Tharptown,40.8028,-76.5717,1310.000000,305.000000
Homewood,40.8133,-80.3294,1214.000000,305.000000
Selinsgrove,40.8003,-76.8647,1302.000000,305.000000
Kreamer,40.8003,-76.9709,1299.000000,305.000000
Applewold,40.8084,-79.5221,1236.000000,305.000000
Mahanoy City,40.8126,-76.1382,1322.000000,305.000000
Wilburton Number One,40.8129,-76.3924,1315.000000,305.000000
West Kittanning,40.8122,-79.5312,1236.000000,305.000000
Shenandoah,40.8167,-76.2004,1320.000000,305.000000
Aristes,40.8155,-76.3395,1316.000000,305.000000
Coaldale,40.8197,-75.9161,1328.000000,305.000000
Park Crest,40.8192,-76.0601,1324.000000,305.000000
Big Beaver,40.8233,-80.3633,1213.000000,305.000000
Hometown,40.8216,-75.9865,1326.000000,305.000000
Parryville,40.8243,-75.6701,1335.000000,305.000000
State College,40.7909,-77.8568,1274.000000,305.000000
Wilburton Number Two,40.8187,-76.3782,1315.000000,305.000000
Stormstown,40.789,-78.0191,1279.000000,305.000000
Summit Hill,40.8249,-75.8464,1330.000000,305.000000
Glen Hope,40.8009,-78.4986,1265.000000,305.000000
Troxelville,40.8076,-77.2059,1292.000000,305.000000
Ramey,40.8017,-78.3994,1268.000000,304.000000
Weissport,40.8289,-75.7009,1334.000000,304.000000
Oak Hills,40.8263,-79.9152,1225.000000,304.000000
Grier City,40.8266,-76.056,1324.000000,304.000000
Lehighton,40.8306,-75.7166,1334.000000,304.000000
Burnside,40.8133,-78.792,1257.000000,304.000000
New Galilee,40.8335,-80.4009,1212.000000,304.000000
Ackermanville,40.835,-75.2226,1348.000000,304.000000
Park Forest Village,40.7996,-77.9084,1272.000000,304.000000
Lansford,40.8331,-75.8848,1329.000000,304.000000
Kittanning,40.8279,-79.5233,1236.000000,304.000000
Koppel,40.8356,-80.3213,1214.000000,304.000000
Port Matilda,40.8003,-78.0523,1278.000000,304.000000
West Hills,40.8289,-79.5452,1236.000000,304.000000
Shenandoah Heights,40.8322,-76.2061,1320.000000,304.000000
Weissport East,40.8369,-75.6863,1335.000000,304.000000
Glen Campbell,40.8197,-78.8297,1256.000000,304.000000
Sandy Ridge,40.8105,-78.2345,1273.000000,304.000000
New Washington,40.8218,-78.7019,1260.000000,304.000000
Hummels Wharf,40.8308,-76.841,1302.000000,304.000000
Worthington,40.838,-79.6349,1233.000000,304.000000
Lemont,40.812,-77.8161,1275.000000,304.000000
Wind Gap,40.8484,-75.2917,1346.000000,304.000000
Meadowood,40.8443,-79.8939,1226.000000,304.000000
Houtzdale,40.8251,-78.351,1269.000000,304.000000
Enon Valley,40.8559,-80.4564,1210.000000,304.000000
Meridian,40.8531,-79.9555,1224.000000,304.000000
Toftrees,40.8249,-77.885,1273.000000,303.000000
Houserville,40.8265,-77.8226,1275.000000,303.000000
Ringtown,40.8565,-76.235,1319.000000,303.000000
Ellwood City,40.8619,-80.283,1215.000000,303.000000
Ellport,40.8618,-80.2625,1216.000000,303.000000
Brandonville,40.8601,-76.1689,1321.000000,303.000000
Butler,40.8616,-79.8962,1226.000000,303.000000
Pen Argyl,40.8675,-75.2535,1347.000000,303.000000
Bangor,40.8678,-75.2085,1348.000000,303.000000
Nesquehoning,40.8659,-75.8322,1331.000000,303.000000
Shamokin Dam,40.8547,-76.8231,1303.000000,303.000000
Brisbin,40.8395,-78.3526,1269.000000,303.000000
Jim Thorpe,40.8712,-75.7433,1333.000000,303.000000
Kratzerville,40.8588,-76.8939,1301.000000,303.000000
Sunbury,40.8617,-76.7874,1304.000000,303.000000
Centre Hall,40.8448,-77.685,1279.000000,303.000000
Homeacre-Lyndora,40.8721,-79.9211,1225.000000,303.000000
Roseto,40.8778,-75.2204,1348.000000,303.000000
Elysburg,40.868,-76.5492,1311.000000,303.000000
New Beaver,40.8773,-80.3702,1213.000000,303.000000
East Bangor,40.8812,-75.186,1349.000000,303.000000
Penns Creek,40.8631,-77.0563,1296.000000,303.000000
Spring Mills,40.8534,-77.5654,1282.000000,303.000000
Smicksburg,40.8701,-79.1712,1246.000000,303.000000
East Butler,40.8789,-79.8474,1227.000000,303.000000
Osceola Mills,40.8526,-78.2699,1272.000000,303.000000
Numidia,40.8783,-76.4034,1315.000000,303.000000
Wampum,40.8863,-80.3393,1213.000000,303.000000
Coburn,40.8653,-77.4632,1285.000000,302.000000
Dayton,40.8811,-79.2411,1244.000000,302.000000
Chewton,40.8947,-80.3208,1214.000000,302.000000
Mahaffey,40.8744,-78.7275,1259.000000,302.000000
New Berlin,40.8805,-76.9842,1298.000000,302.000000
Julian,40.8617,-77.9425,1271.000000,302.000000
Pleasant Gap,40.8673,-77.7439,1277.000000,302.000000
Saylorsburg,40.8997,-75.3179,1345.000000,302.000000
Sheppton,40.896,-76.1187,1323.000000,302.000000
Laurelton,40.8815,-77.2024,1292.000000,302.000000
Prospect,40.8992,-80.0487,1222.000000,302.000000
Kelayres,40.9006,-76.0046,1326.000000,302.000000
McAdoo,40.9009,-75.9924,1326.000000,302.000000
Northumberland,40.896,-76.7937,1304.000000,302.000000
Slabtown,40.9051,-76.4059,1315.000000,302.000000
Kapp Heights,40.8995,-76.809,1303.000000,302.000000
Shanor-Northvue,40.9104,-79.9157,1225.000000,302.000000
Rossiter,40.8991,-78.9356,1253.000000,302.000000
Tresckow,40.916,-75.9657,1327.000000,301.000000
Millheim,40.8936,-77.4765,1284.000000,301.000000
Hartleton,40.9002,-77.1564,1293.000000,301.000000
South Philipsburg,40.887,-78.2185,1273.000000,301.000000
Portland,40.9216,-75.0985,1351.000000,301.000000
Woodward,40.8997,-77.3472,1288.000000,301.000000
Chester Hill,40.8903,-78.2293,1273.000000,301.000000
Brodheadsville,40.9267,-75.4017,1343.000000,301.000000
Portersville,40.9244,-80.1469,1219.000000,301.000000
Templeton,40.9185,-79.4603,1238.000000,301.000000
Philipsburg,40.8952,-78.2145,1273.000000,301.000000
Aaronsburg,40.9042,-77.4513,1285.000000,301.000000
S.N.P.J.,40.9298,-80.4978,1209.000000,301.000000
West Pittsburg,40.931,-80.3591,1213.000000,301.000000
Beaver Meadows,40.9299,-75.9131,1328.000000,301.000000
Mifflinburg,40.9202,-77.0465,1297.000000,301.000000
North Philipsburg,40.9092,-78.2088,1273.000000,301.000000
Nuremberg,40.9378,-76.1685,1321.000000,301.000000
Effort,40.9436,-75.439,1342.000000,301.000000
Weatherly,40.942,-75.821,1331.000000,301.000000
Unionville,40.9423,-79.9613,1224.000000,301.000000
Bellefonte,40.9141,-77.7683,1276.000000,301.000000
Zion,40.9167,-77.6908,1278.000000,301.000000
Weston,40.9428,-76.1401,1322.000000,300.000000
Hazleton,40.9504,-75.9724,1327.000000,300.000000
Vicksburg,40.9384,-76.9905,1298.000000,300.000000
Madisonburg,40.9283,-77.5189,1283.000000,300.000000
Hawk Run,40.9228,-78.2042,1274.000000,300.000000
Chicora,40.9505,-79.74,1230.000000,300.000000
Riverside,40.9461,-76.6461,1308.000000,300.000000
West Decatur,40.929,-78.2827,1271.000000,300.000000
Punxsutawney,40.9437,-78.9767,1252.000000,300.000000
Catawissa,40.9531,-76.4604,1313.000000,300.000000
Lake Arthur Estates,40.9616,-80.1483,1219.000000,300.000000
Mingoville,40.937,-77.6597,1279.000000,300.000000
Rebersburg,40.9426,-77.4441,1285.000000,300.000000
Linntown,40.9566,-76.9002,1301.000000,300.000000
Danville,40.9615,-76.6121,1309.000000,300.000000
West Hazleton,40.9699,-76.013,1326.000000,300.000000
Delaware Water Gap,40.975,-75.1392,1350.000000,300.000000
Milesburg,40.9426,-77.792,1276.000000,300.000000
South New Castle,40.9747,-80.3457,1213.000000,300.000000
Bessemer,40.9756,-80.4878,1209.000000,300.000000
Lewisburg,40.9642,-76.8901,1301.000000,299.000000
Montandon,40.9654,-76.8529,1302.000000,299.000000
Sun Valley,40.98,-75.4688,1341.000000,299.000000
Timblin,40.9673,-79.199,1245.000000,299.000000
Morrisdale,40.9484,-78.2278,1273.000000,299.000000
Stroudsburg,40.9838,-75.1972,1349.000000,299.000000
Rupert,40.976,-76.4797,1312.000000,299.000000
Mainville,40.9798,-76.3705,1316.000000,299.000000
Grampian,40.9648,-78.6112,1262.000000,299.000000
Big Run,40.9702,-78.8765,1255.000000,299.000000
Harleigh,40.9862,-75.9702,1327.000000,299.000000
Hublersburg,40.9623,-77.6069,1281.000000,299.000000
East Brady,40.9836,-79.6131,1234.000000,299.000000
Oakland,40.9915,-80.3671,1213.000000,299.000000
Wallaceton,40.9617,-78.2905,1271.000000,299.000000
Jeddo,40.9903,-75.8961,1329.000000,299.000000
Conyngham,40.9911,-76.0595,1324.000000,299.000000
Towamensing Trails,40.995,-75.5826,1338.000000,299.000000
Lattimer,40.993,-75.9606,1327.000000,299.000000
New Castle,40.9956,-80.3459,1213.000000,299.000000
Allport,40.966,-78.2065,1273.000000,299.000000
Curwensville,40.9735,-78.5189,1265.000000,299.000000
Indian Mountain Lake,41.0003,-75.5058,1340.000000,299.000000
Sierra View,41.0007,-75.4476,1342.000000,299.000000
East Stroudsburg,41.0023,-75.1779,1349.000000,299.000000
Karns City,40.997,-79.7263,1231.000000,299.000000
Arlington Heights,41.0039,-75.2116,1348.000000,299.000000
Pardeesville,41.0008,-75.9681,1327.000000,299.000000
South Bethlehem,40.9991,-79.3395,1242.000000,298.000000
West Sunbury,41.0061,-79.8965,1226.000000,298.000000
Mount Eagle,40.9799,-77.7058,1278.000000,298.000000
West Liberty,41.0079,-80.0573,1221.000000,298.000000
Fernville,41.0024,-76.4752,1313.000000,298.000000
Bloomsburg,41.0027,-76.4561,1313.000000,298.000000
Oakwood,41.0112,-80.3793,1212.000000,298.000000
Albrightsville,41.0117,-75.6068,1337.000000,298.000000
Espy,41.0055,-76.4164,1314.000000,298.000000
Snydertown,40.9872,-77.5994,1281.000000,298.000000
New Bethlehem,41.0044,-79.3283,1242.000000,298.000000
Fairview,41.0155,-79.7432,1230.000000,298.000000
Almedia,41.0144,-76.385,1315.000000,298.000000
Nittany,40.9947,-77.5521,1282.000000,298.000000
Milton,41.009,-76.8507,1302.000000,298.000000
New Castle Northwest,41.0221,-80.3566,1213.000000,298.000000
Freeland,41.0212,-75.8963,1329.000000,298.000000
Buckhorn,41.0176,-76.4968,1312.000000,298.000000
Petrolia,41.0216,-79.7168,1231.000000,298.000000
Holiday Pocono,41.0292,-75.6092,1337.000000,298.000000
Lime Ridge,41.024,-76.3504,1316.000000,298.000000
West Milton,41.0183,-76.8767,1301.000000,298.000000
Hawthorn,41.021,-79.2782,1243.000000,298.000000
Kylertown,40.9993,-78.1681,1275.000000,298.000000
Penn Estates,41.0346,-75.2417,1347.000000,298.000000
Hyde,41.0075,-78.4688,1266.000000,298.000000
Hickory Hills,41.0347,-75.8221,1331.000000,297.000000
Mifflinville,41.0307,-76.2995,1318.000000,297.000000
Grassflat,41.0031,-78.1113,1276.000000,297.000000
Worthville,41.0251,-79.1405,1247.000000,297.000000
Beech Mountain Lakes,41.0414,-75.9324,1328.000000,297.000000
Troutville,41.0259,-78.7863,1257.000000,297.000000
Lightstreet,41.0407,-76.4175,1314.000000,297.000000
Clearfield,41.0216,-78.439,1267.000000,297.000000
Rimersburg,41.0409,-79.5024,1237.000000,297.000000
Loganton,41.0338,-77.3023,1289.000000,297.000000
New Columbia,41.0423,-76.8763,1301.000000,297.000000
Nescopeck,41.0528,-76.2121,1320.000000,297.000000
White Haven,41.0566,-75.78,1332.000000,297.000000
Bruin,41.0544,-79.7273,1231.000000,297.000000
Berwick,41.0555,-76.2492,1319.000000,297.000000
Washingtonville,41.0523,-76.6749,1307.000000,297.000000
East Side,41.0621,-75.7595,1333.000000,297.000000
Sykesville,41.0475,-78.8185,1256.000000,296.000000
Slippery Rock University,41.0647,-80.0419,1222.000000,296.000000
Plymptonville,41.0426,-78.4466,1267.000000,296.000000
East Berwick,41.0657,-76.2208,1320.000000,296.000000
Moshannon,41.0342,-78.0067,1279.000000,296.000000
Slippery Rock,41.0695,-80.058,1221.000000,296.000000
Frizzleburg,41.0744,-80.449,1210.000000,296.000000
Foundryville,41.0775,-76.2355,1319.000000,296.000000
Emerald Lakes,41.0845,-75.4154,1342.000000,296.000000
Orangeville,41.0769,-76.4115,1314.000000,296.000000
Clarence,41.0484,-77.946,1271.000000,296.000000
McEwensville,41.0723,-76.8188,1303.000000,296.000000
Blanchard,41.0663,-77.6078,1281.000000,296.000000
New Bedford,41.0955,-80.4953,1209.000000,295.000000
Parker,41.0907,-79.6846,1232.000000,295.000000
Jerseytown,41.0889,-76.5804,1310.000000,295.000000
Watsontown,41.085,-76.8646,1302.000000,295.000000
Rote,41.0781,-77.4114,1286.000000,295.000000
Eyers Grove,41.0936,-76.5189,1311.000000,295.000000
Reynoldsville,41.0946,-78.888,1254.000000,295.000000
Turbotville,41.1019,-76.7695,1304.000000,295.000000
Volant,41.1132,-80.2589,1216.000000,295.000000
Pocono Pines,41.1149,-75.4589,1341.000000,295.000000
Penn Lake Park,41.1153,-75.7733,1332.000000,295.000000
Sligo,41.1081,-79.4964,1237.000000,295.000000
New Wilmington,41.1174,-80.3323,1214.000000,295.000000
Saw Creek,41.1197,-75.0465,1353.000000,295.000000
Mount Pocono,41.1225,-75.3582,1344.000000,295.000000
Allenwood,41.1081,-76.8981,1301.000000,295.000000
Dewart,41.1099,-76.8707,1302.000000,295.000000
Pine Glen,41.0888,-78.0579,1278.000000,294.000000
Summerville,41.1163,-79.1879,1246.000000,294.000000
Millville,41.1205,-76.5253,1311.000000,294.000000
Mill Hall,41.1045,-77.4888,1284.000000,294.000000
Oklahoma,41.11,-78.7356,1259.000000,294.000000
Callensburg,41.1258,-79.5577,1235.000000,294.000000
Pine Ridge,41.1355,-74.9923,1354.000000,294.000000
Mountain Top,41.1353,-75.9045,1329.000000,294.000000
Orviston,41.1073,-77.7533,1277.000000,294.000000
Harrisville,41.1365,-80.0105,1223.000000,294.000000
Rohrsburg,41.1328,-76.4232,1314.000000,294.000000
Iola,41.1319,-76.5305,1311.000000,294.000000
Monument,41.1112,-77.7042,1278.000000,294.000000
Eau Claire,41.1368,-79.7985,1229.000000,294.000000
DuBois,41.1225,-78.7564,1258.000000,294.000000
Mocanaqua,41.1406,-76.1368,1322.000000,294.000000
Rauchtown,41.1261,-77.2364,1291.000000,294.000000
Foxburg,41.1459,-79.6802,1232.000000,294.000000
Flemington,41.1273,-77.4703,1285.000000,294.000000
Pocono Mountain Lake Estates,41.1567,-74.9646,1355.000000,293.000000
Stillwater,41.1506,-76.3693,1316.000000,293.000000
Shickshinny,41.1535,-76.15,1322.000000,293.000000
Grove City,41.1572,-80.0894,1220.000000,293.000000
Nuangola,41.158,-75.9773,1327.000000,293.000000
Lock Haven,41.1365,-77.4521,1285.000000,293.000000
Falls Creek,41.1421,-78.8067,1257.000000,293.000000
Cherry Valley,41.1594,-79.8012,1229.000000,293.000000
St. Petersburg,41.161,-79.6545,1233.000000,293.000000
Oval,41.1522,-77.1746,1293.000000,293.000000
Dunnstown,41.1484,-77.4202,1286.000000,293.000000
West Middlesex,41.1742,-80.4557,1210.000000,293.000000
Brookville,41.1615,-79.0827,1249.000000,293.000000
Pocono Ranch Lands,41.1779,-74.9584,1355.000000,293.000000
Mountainhome,41.1779,-75.2632,1347.000000,293.000000
New Columbus,41.1732,-76.287,1318.000000,293.000000
Wanamie,41.1763,-76.0384,1325.000000,293.000000
McElhattan,41.1572,-77.3617,1288.000000,293.000000
Glen Lyon,41.1795,-76.0783,1324.000000,292.000000
Montgomery,41.1709,-76.874,1301.000000,292.000000
Emlenton,41.1806,-79.7073,1231.000000,292.000000
Bear Creek Village,41.1878,-75.7552,1333.000000,292.000000
Warrior Run,41.1876,-75.9505,1327.000000,292.000000
Treasure Lake,41.1713,-78.7173,1259.000000,292.000000
Corsica,41.1817,-79.2027,1245.000000,292.000000
Sugar Notch,41.1935,-75.9314,1328.000000,292.000000
Wheatland,41.197,-80.4956,1209.000000,292.000000
Sheatown,41.1938,-76.0188,1325.000000,292.000000
Barkeyville,41.1965,-79.9826,1223.000000,292.000000
Benton,41.1955,-76.3847,1315.000000,292.000000
Nanticoke,41.2004,-76.0003,1326.000000,292.000000
Clintonville,41.2016,-79.8748,1226.000000,292.000000
Avis,41.1857,-77.3167,1289.000000,292.000000
Farrell,41.2112,-80.497,1209.000000,292.000000
Strattanville,41.2025,-79.3268,1242.000000,291.000000
Muncy,41.2021,-76.7854,1304.000000,291.000000
Ashley,41.2128,-75.8994,1329.000000,291.000000
Clarion,41.2106,-79.3803,1240.000000,291.000000
Laurel Run,41.2194,-75.8445,1330.000000,291.000000
Jersey Shore,41.2012,-77.2666,1290.000000,291.000000
West Nanticoke,41.2202,-76.0095,1326.000000,291.000000
Mercer,41.2266,-80.2361,1216.000000,291.000000
Georgetown,41.2267,-75.8719,1330.000000,291.000000
Hermitage,41.2305,-80.4414,1211.000000,291.000000
Sharon,41.234,-80.4997,1209.000000,291.000000
Duboistown,41.2228,-77.038,1297.000000,291.000000
Waller,41.2337,-76.4216,1314.000000,291.000000
Gouldsboro,41.2428,-75.4448,1342.000000,290.000000
Knox,41.2346,-79.536,1236.000000,290.000000
Plymouth,41.2404,-75.9505,1327.000000,290.000000
South Williamsport,41.2294,-77.0009,1298.000000,290.000000
Wilkes-Barre,41.2468,-75.8759,1330.000000,290.000000
Birchwood Lakes,41.2513,-74.9103,1357.000000,290.000000
Hughesville,41.239,-76.7254,1306.000000,290.000000
Big Bass Lake,41.2525,-75.4795,1341.000000,290.000000
Marianne,41.2441,-79.431,1239.000000,290.000000
Williamsport,41.2398,-77.0371,1297.000000,290.000000
Sharpsville,41.2595,-80.4813,1209.000000,290.000000
Shippenville,41.2528,-79.4633,1238.000000,290.000000
Montoursville,41.2472,-76.9184,1300.000000,290.000000
Edwardsville,41.2614,-75.9071,1329.000000,290.000000
Larksville,41.2639,-75.9326,1328.000000,290.000000
Brockway,41.2469,-78.7929,1257.000000,290.000000
Kingston,41.2652,-75.8875,1329.000000,290.000000
Crenshaw,41.2487,-78.7542,1258.000000,290.000000
Kenmar,41.2547,-76.955,1299.000000,290.000000
Faxon,41.2556,-76.9771,1299.000000,290.000000
Silkworth,41.2698,-76.0749,1324.000000,289.000000
Garden View,41.2569,-77.049,1297.000000,289.000000
Jackson Center,41.2731,-80.1397,1219.000000,289.000000
Hudson,41.2773,-75.8312,1331.000000,289.000000
Pocono Springs,41.2797,-75.4016,1343.000000,289.000000
Pringle,41.2773,-75.9014,1329.000000,289.000000
Chase,41.2801,-75.9649,1327.000000,289.000000
Clark,41.2831,-80.4088,1211.000000,289.000000
Kennerdell,41.2787,-79.8219,1228.000000,289.000000
Force,41.2581,-78.5035,1265.000000,289.000000
Lake Latonka,41.283,-80.1831,1218.000000,289.000000
Forty Fort,41.2843,-75.8689,1330.000000,289.000000
Courtdale,41.2848,-75.9142,1328.000000,289.000000
Hilldale,41.2869,-75.8361,1331.000000,289.000000
Laflin,41.2896,-75.7942,1332.000000,289.000000
Picture Rocks,41.2804,-76.7079,1306.000000,289.000000
Inkerman,41.2968,-75.8167,1331.000000,289.000000
Salladasburg,41.2783,-77.2274,1292.000000,289.000000
Swoyersville,41.2975,-75.8799,1329.000000,289.000000
Weedville,41.2764,-78.4902,1265.000000,288.000000
Conashaugh Lakes,41.304,-74.9936,1354.000000,288.000000
Yatesville,41.3037,-75.7825,1332.000000,288.000000
Jamison City,41.2984,-76.369,1316.000000,288.000000
Wyoming,41.3058,-75.8416,1330.000000,288.000000
Sunrise Lake,41.3136,-74.9638,1355.000000,288.000000
Trucksville,41.3101,-75.9281,1328.000000,288.000000
Pikes Creek,41.3086,-76.1029,1323.000000,288.000000
Gold Key Lake,41.3145,-74.9434,1356.000000,288.000000
Hemlock Farms,41.3157,-75.0515,1353.000000,288.000000
Browntown,41.3138,-75.7826,1332.000000,288.000000
Byrnedale,41.2916,-78.5023,1265.000000,288.000000
Pocono Woodland Lakes,41.3225,-74.8902,1357.000000,288.000000
Shavertown,41.3188,-75.9405,1328.000000,288.000000
Milford,41.3238,-74.8011,1360.000000,288.000000
Fredonia,41.3219,-80.2581,1216.000000,288.000000
West Wyoming,41.3217,-75.8578,1330.000000,288.000000
Dupont,41.3237,-75.7421,1333.000000,288.000000
Pittston,41.3274,-75.7885,1332.000000,288.000000
Hughestown,41.3291,-75.7698,1332.000000,288.000000
West Pittston,41.3295,-75.7998,1332.000000,287.000000
Exeter,41.3338,-75.8214,1331.000000,287.000000
Stoneboro,41.3336,-80.1121,1220.000000,287.000000
Avoca,41.3381,-75.7423,1333.000000,287.000000
Moscow,41.3417,-75.5316,1339.000000,287.000000
Reynolds Heights,41.3432,-80.4033,1212.000000,287.000000
Duryea,41.3537,-75.7758,1332.000000,287.000000
South Renovo,41.3244,-77.743,1277.000000,287.000000
Moosic,41.3584,-75.7027,1334.000000,287.000000
Renovo,41.3313,-77.7478,1277.000000,286.000000
Matamoras,41.3666,-74.6997,1363.000000,286.000000
Harveys Lake,41.3626,-76.0381,1325.000000,286.000000
Old Forge,41.3705,-75.7409,1333.000000,286.000000
Polk,41.3691,-79.9311,1225.000000,286.000000
Driftwood,41.3448,-78.134,1275.000000,286.000000
Kersey,41.357,-78.6101,1262.000000,286.000000
Leeper,41.3704,-79.3056,1242.000000,286.000000
Seneca,41.377,-79.7073,1231.000000,286.000000
Wallenpaupack Lake Estates,41.3957,-75.2731,1346.000000,285.000000
Tylersburg,41.3838,-79.3202,1242.000000,285.000000
Taylor,41.3957,-75.7147,1334.000000,285.000000
Franklin,41.3936,-79.8425,1227.000000,285.000000
Crown,41.3917,-79.2633,1244.000000,285.000000
Scranton,41.4044,-75.6649,1335.000000,285.000000
Greenville,41.4052,-80.3837,1212.000000,285.000000
Upper Exeter,41.407,-75.8503,1330.000000,285.000000
Dunmore,41.4152,-75.6072,1337.000000,285.000000
Woodland Heights,41.4109,-79.7047,1231.000000,285.000000
Eagles Mere,41.4102,-76.5832,1310.000000,284.000000
Mount Cobb,41.4215,-75.5005,1340.000000,284.000000
New Lebanon,41.4196,-80.0755,1221.000000,284.000000
Vowinckel,41.4108,-79.2286,1245.000000,284.000000
Oil City,41.4282,-79.7035,1231.000000,284.000000
Throop,41.4382,-75.5926,1337.000000,284.000000
The Hideout,41.4398,-75.3478,1344.000000,284.000000
Utica,41.436,-79.9592,1224.000000,284.000000
Sugarcreek,41.438,-79.8183,1228.000000,284.000000
Sheakleyville,41.4438,-80.2067,1217.000000,284.000000
Ridgway,41.427,-78.7297,1259.000000,284.000000
Olyphant,41.4507,-75.5753,1338.000000,283.000000
West Falls,41.453,-75.8605,1330.000000,283.000000
Hasson Heights,41.4487,-79.6765,1232.000000,283.000000
Jessup,41.4622,-75.5478,1339.000000,283.000000
Dickson City,41.4684,-75.6358,1336.000000,283.000000
Hannasville,41.4716,-79.9311,1225.000000,283.000000
Hawley,41.4765,-75.1779,1349.000000,283.000000
Rouseville,41.4704,-79.6847,1232.000000,283.000000
St. Marys,41.4574,-78.5342,1264.000000,282.000000
Marienville,41.4687,-79.1181,1248.000000,282.000000
Jamestown,41.4843,-80.437,1211.000000,282.000000
Chinchilla,41.4846,-75.666,1335.000000,282.000000
Blakely,41.4859,-75.6012,1337.000000,282.000000
Clarks Summit,41.4902,-75.7065,1334.000000,282.000000
Forksville,41.4896,-76.6028,1309.000000,282.000000
Clarks Green,41.5009,-75.6952,1335.000000,282.000000
Cooperstown,41.4998,-79.8736,1226.000000,282.000000
Pymatuning South,41.5068,-80.4702,1210.000000,282.000000
Archbald,41.5077,-75.5453,1339.000000,282.000000
Atlantic,41.5077,-80.3393,1213.000000,281.000000
Adamsville,41.5114,-80.3705,1212.000000,281.000000
Lake Winola,41.5105,-75.8509,1330.000000,281.000000
Johnsonburg,41.4913,-78.6791,1260.000000,281.000000
Masthope,41.5154,-75.0257,1353.000000,281.000000
Fawn Lake Forest,41.5158,-75.0548,1353.000000,281.000000
Cochranton,41.5192,-80.047,1222.000000,281.000000
Jermyn,41.5274,-75.5455,1339.000000,281.000000
Dushore,41.5249,-76.3988,1315.000000,281.000000
White Mills,41.535,-75.2021,1348.000000,281.000000
Dalton,41.5382,-75.739,1333.000000,280.000000
Mayfield,41.5394,-75.5315,1339.000000,280.000000
Emporium,41.5102,-78.2363,1272.000000,280.000000
Tunkhannock,41.5413,-75.9483,1327.000000,280.000000
Hartstown,41.5511,-80.3825,1212.000000,280.000000
Factoryville,41.5602,-75.7822,1332.000000,280.000000
Geneva,41.5621,-80.226,1217.000000,280.000000
Carbondale,41.5714,-75.5048,1340.000000,279.000000
Honesdale,41.5774,-75.2524,1347.000000,279.000000
Liberty,41.5585,-77.1054,1295.000000,279.000000
Pymatuning Central,41.5855,-80.4795,1209.000000,279.000000
Waymart,41.5866,-75.4047,1343.000000,279.000000
Prompton,41.5891,-75.3275,1345.000000,279.000000
Simpson,41.5945,-75.4813,1341.000000,279.000000
Wilcox,41.5726,-78.6869,1260.000000,279.000000
Pleasantville,41.5935,-79.5808,1235.000000,278.000000
Conneaut Lake,41.6023,-80.3094,1214.000000,278.000000
New Albany,41.6002,-76.4444,1314.000000,278.000000
Bethany,41.6143,-75.2872,1346.000000,278.000000
Conneaut Lakeshore,41.6272,-80.3102,1214.000000,277.000000
Nicholson,41.6268,-75.7861,1332.000000,277.000000
Kerrtown,41.6266,-80.1695,1218.000000,277.000000
Vandling,41.631,-75.4703,1341.000000,277.000000
Titusville,41.6273,-79.6699,1232.000000,277.000000
Guys Mills,41.6307,-79.9759,1224.000000,277.000000
James City,41.618,-78.8443,1255.000000,277.000000
Meadville,41.6476,-80.1468,1219.000000,277.000000
Laceyville,41.6457,-76.1589,1322.000000,277.000000
Forest City,41.6521,-75.4691,1341.000000,277.000000
Linesville,41.6564,-80.4224,1211.000000,276.000000
Hydetown,41.6512,-79.7245,1231.000000,276.000000
Pymatuning North,41.6659,-80.4648,1210.000000,276.000000
Harmonsburg,41.6656,-80.3142,1214.000000,276.000000
Canton,41.6566,-76.8529,1302.000000,276.000000
Austin,41.6373,-78.0903,1277.000000,276.000000
Arnot,41.6623,-77.1222,1295.000000,276.000000
Blooming Valley,41.6797,-80.0397,1222.000000,276.000000
Kane,41.663,-78.8096,1256.000000,276.000000
Townville,41.6791,-79.8801,1226.000000,276.000000
Tidioute,41.6847,-79.4004,1240.000000,275.000000
Blossburg,41.6795,-77.069,1296.000000,275.000000
Hop Bottom,41.7053,-75.7674,1333.000000,275.000000
Union Dale,41.7154,-75.4819,1341.000000,274.000000
Saegertown,41.7159,-80.1363,1219.000000,274.000000
Alba,41.7059,-76.8277,1303.000000,274.000000
Monroe,41.7124,-76.4759,1313.000000,274.000000
Mount Jewett,41.7255,-78.6444,1261.000000,273.000000
Conneautville,41.7572,-80.3685,1213.000000,273.000000
Galeton,41.7338,-77.6454,1280.000000,273.000000
Wellsboro,41.7459,-77.3031,1289.000000,273.000000
Venango,41.7727,-80.1121,1220.000000,272.000000
Towanda,41.7707,-76.4472,1314.000000,272.000000
Riceville,41.7792,-79.8045,1228.000000,272.000000
Lincolnville,41.7902,-79.8381,1227.000000,272.000000
Clarendon,41.7807,-79.0941,1248.000000,272.000000
Sweden Valley,41.7594,-77.9538,1271.000000,272.000000
Troy,41.784,-76.7897,1304.000000,272.000000
Springboro,41.8006,-80.3715,1212.000000,272.000000
Cambridge Springs,41.8018,-80.0597,1221.000000,271.000000
Coudersport,41.7758,-78.016,1279.000000,271.000000
Sylvania,41.8029,-76.8607,1302.000000,271.000000
Canadohta Lake,41.8176,-79.8364,1227.000000,271.000000
Mansfield,41.8062,-77.0787,1296.000000,271.000000
Spartansburg,41.824,-79.6829,1232.000000,271.000000
Smethport,41.8071,-78.4435,1267.000000,270.000000
Montrose,41.8335,-75.8761,1330.000000,270.000000
Le Raysville,41.8381,-76.1776,1321.000000,270.000000
Port Allegany,41.8149,-78.2768,1271.000000,270.000000
Starbrick,41.8419,-79.2133,1245.000000,270.000000
Warren,41.8433,-79.1445,1247.000000,270.000000
Youngsville,41.8524,-79.3167,1242.000000,269.000000
Thompson,41.8637,-75.5141,1340.000000,269.000000
Rome,41.8575,-76.3414,1317.000000,269.000000
Edinboro,41.8762,-80.1246,1219.000000,269.000000
Roseville,41.8637,-76.958,1299.000000,269.000000
Mill Village,41.8775,-79.9726,1224.000000,269.000000
Albion,41.8904,-80.3641,1213.000000,269.000000
Lewis Run,41.8694,-78.66,1260.000000,268.000000
North Warren,41.8833,-79.1672,1246.000000,268.000000
Starrucca,41.8996,-75.4529,1341.000000,268.000000
Union City,41.897,-79.8437,1227.000000,268.000000
Cranesville,41.904,-80.3418,1213.000000,268.000000
Elgin,41.907,-79.7465,1230.000000,268.000000
Friendsville,41.9179,-76.0477,1325.000000,267.000000
Rew,41.8992,-78.5388,1264.000000,267.000000
Corry,41.9259,-79.6358,1233.000000,267.000000
Greens Landing,41.9312,-76.5403,1311.000000,267.000000
Susquehanna Depot,41.9438,-75.6039,1337.000000,267.000000
Westfield,41.9177,-77.5403,1283.000000,267.000000
Oakland,41.9506,-75.6095,1337.000000,266.000000
Platea,41.951,-80.3305,1214.000000,266.000000
Russell,41.9394,-79.1393,1247.000000,266.000000
Athens,41.9515,-76.5186,1312.000000,266.000000
Lanesboro,41.9625,-75.5825,1338.000000,266.000000
Hallstead,41.9617,-75.7471,1333.000000,266.000000
Bradford,41.9604,-78.6414,1261.000000,265.000000
Eldred,41.9562,-78.3818,1268.000000,265.000000
Knoxville,41.9604,-77.4379,1286.000000,265.000000
Little Meadows,41.9891,-76.1277,1323.000000,265.000000
Sayre,41.9855,-76.5207,1311.000000,265.000000
Sugar Grove,41.9837,-79.3395,1241.000000,265.000000
Shinglehouse,41.9662,-78.1908,1274.000000,265.000000
Bear Lake,41.9934,-79.5014,1237.000000,265.000000
Millerton,41.9868,-76.9396,1300.000000,265.000000
Foster Brook,41.9793,-78.6063,1262.000000,265.000000
South Waverly,41.9955,-76.5441,1311.000000,265.000000
Girard,42.0042,-80.3192,1214.000000,265.000000
Wattsburg,42.0029,-79.807,1228.000000,265.000000
Elkland,41.989,-77.314,1289.000000,264.000000
Lawrenceville,41.9959,-77.1304,1294.000000,264.000000
Lake City,42.018,-80.3466,1213.000000,264.000000
Avonia,42.047,-80.2765,1215.000000,263.000000
Erie,42.1168,-80.0733,1221.000000,261.000000
Penn State Erie,42.1185,-79.9818,1223.000000,261.000000
Wesleyville,42.1369,-80.0123,1222.000000,260.000000
Northwest Harborcreek,42.1494,-79.9946,1223.000000,260.000000
