South Point,25.873,-97.383,762.000000,810.000000
Villa Pancho,25.8842,-97.4154,761.000000,810.000000
Reid Hope King,25.9228,-97.414,761.000000,809.000000
Cameron Park,25.9705,-97.4775,759.000000,807.000000
San Pedro,25.9815,-97.5882,756.000000,807.000000
Brownsville,25.998,-97.4565,760.000000,806.000000
Olmito,26.0232,-97.5379,757.000000,805.000000
Encantada-Ranchito-El Calaboz,26.0333,-97.6331,755.000000,805.000000
Rancho Viejo,26.0361,-97.5568,757.000000,805.000000
Los Indios,26.0493,-97.7351,752.000000,805.000000
La Paloma,26.0518,-97.6552,754.000000,804.000000
Port Isabel,26.054,-97.2505,765.000000,804.000000
Del Mar Heights,26.0566,-97.4235,760.000000,804.000000
Progreso Lakes,26.0712,-97.9587,746.000000,804.000000
Bluetown,26.0734,-97.8199,749.000000,804.000000
Iglesia Antigua,26.0749,-97.8342,749.000000,804.000000
Santa Maria,26.0767,-97.8464,749.000000,804.000000
Chula Vista,26.0739,-97.4397,760.000000,804.000000
Orason,26.0742,-97.4458,760.000000,804.000000
Los Fresnos,26.075,-97.4877,759.000000,804.000000
Relampago,26.0851,-97.9059,747.000000,803.000000
Laguna Heights,26.081,-97.2592,765.000000,803.000000
Lago,26.0885,-97.6132,755.000000,803.000000
Indian Lake,26.0877,-97.5027,758.000000,803.000000
Progreso,26.0962,-97.9566,746.000000,803.000000
Rangerville,26.105,-97.7373,752.000000,803.000000
Hidalgo,26.109,-98.2463,738.000000,803.000000
Laguna Vista,26.1075,-97.2967,764.000000,802.000000
El Camino Angosto,26.1115,-97.6438,754.000000,802.000000
Laureles,26.1168,-97.4875,759.000000,802.000000
Green Valley Farms,26.1219,-97.561,757.000000,802.000000
South Padre Island,26.1218,-97.1703,767.000000,802.000000
Villa Verde,26.1303,-97.9956,745.000000,802.000000
Llano Grande,26.1309,-97.9687,745.000000,802.000000
San Benito,26.1298,-97.644,754.000000,802.000000
Scissors,26.1333,-98.0476,743.000000,802.000000
Granjeno,26.1377,-98.3026,736.000000,802.000000
Bayview,26.1324,-97.397,761.000000,802.000000
Bixby,26.14,-97.8562,748.000000,801.000000
Donna,26.1467,-98.0559,743.000000,801.000000
South Alamo,26.1518,-98.1079,742.000000,801.000000
Mercedes,26.1533,-97.9129,747.000000,801.000000
La Feria,26.1544,-97.8255,749.000000,801.000000
Midway South,26.1567,-98.0209,744.000000,801.000000
Weslaco,26.1648,-97.9898,745.000000,801.000000
Pharr,26.1685,-98.1904,739.000000,801.000000
Solis,26.1708,-97.8441,749.000000,800.000000
La Feria North,26.1778,-97.8232,749.000000,800.000000
Alamo,26.1811,-98.1177,741.000000,800.000000
Heidelberg,26.1831,-97.885,748.000000,800.000000
Midway North,26.1872,-98.0188,744.000000,800.000000
San Juan,26.1903,-98.152,740.000000,800.000000
Arroyo Colorado Estates,26.1864,-97.6113,755.000000,800.000000
Lozano,26.1896,-97.5437,757.000000,800.000000
Harlingen,26.1917,-97.6976,753.000000,800.000000
Villa del Sol,26.1915,-97.5782,756.000000,800.000000
Ratamosa,26.2005,-97.8445,749.000000,799.000000
Mission,26.2041,-98.3251,736.000000,799.000000
Juarez,26.2009,-97.7296,752.000000,799.000000
Palm Valley,26.2015,-97.7546,751.000000,799.000000
Las Palmas II,26.2032,-97.7395,752.000000,799.000000
La Tina Ranch,26.2031,-97.4764,759.000000,799.000000
Arroyo Gardens,26.2052,-97.5021,758.000000,799.000000
Indian Hills,26.2124,-97.9165,747.000000,799.000000
Palmview South,26.2164,-98.378,734.000000,799.000000
North Alamo,26.216,-98.1264,741.000000,799.000000
Abram,26.2182,-98.4181,733.000000,799.000000
Mila Doce,26.223,-97.9601,746.000000,799.000000
Primera,26.2237,-97.7528,751.000000,799.000000
McAllen,26.2273,-98.2471,738.000000,799.000000
Palmview,26.2303,-98.3791,734.000000,799.000000
Olivarez,26.2285,-97.9931,745.000000,799.000000
Perezville,26.2396,-98.4023,733.000000,798.000000
Rio Hondo,26.2347,-97.5817,756.000000,798.000000
Lopezville,26.2453,-98.1537,740.000000,798.000000
Combes,26.2444,-97.7254,752.000000,798.000000
Havana,26.2507,-98.5091,730.000000,798.000000
Penitas,26.2508,-98.4426,732.000000,798.000000
La Joya,26.2518,-98.4699,732.000000,798.000000
Palmhurst,26.2583,-98.2953,736.000000,798.000000
Muniz,26.2578,-98.0897,742.000000,798.000000
Santa Rosa,26.2562,-97.8253,749.000000,798.000000
Lasana,26.2585,-97.695,753.000000,797.000000
Murillo,26.2642,-98.1233,741.000000,797.000000
La Grulla,26.272,-98.6483,727.000000,797.000000
West Sharyland,26.2718,-98.3404,735.000000,797.000000
Sullivan City,26.2752,-98.5644,729.000000,797.000000
Tierra Bonita,26.2727,-97.8276,749.000000,797.000000
La Homa,26.2773,-98.3579,735.000000,797.000000
Doffing,26.2788,-98.3856,734.000000,797.000000
Nina,26.2811,-98.581,728.000000,797.000000
Quesada,26.2819,-98.5819,728.000000,797.000000
Laguna Seca,26.2793,-97.9262,747.000000,797.000000
Alton,26.2884,-98.3098,736.000000,797.000000
Buena Vista,26.2941,-98.6109,728.000000,796.000000
Edcouch,26.2937,-97.9631,746.000000,796.000000
San Carlos,26.2957,-98.063,743.000000,796.000000
La Villa,26.2964,-97.927,747.000000,796.000000
Elsa,26.2978,-97.9936,745.000000,796.000000
East Alto Bonito,26.3023,-98.6358,727.000000,796.000000
Longoria,26.3024,-98.6425,727.000000,796.000000
Pablo Pena,26.3037,-98.6405,727.000000,796.000000
Rivereno,26.3052,-98.6398,727.000000,796.000000
Villarreal,26.3072,-98.6443,727.000000,796.000000
La Blanca,26.3048,-98.0286,744.000000,796.000000
E. Lopez,26.3087,-98.6378,727.000000,796.000000
César Chávez,26.3118,-98.1117,741.000000,796.000000
West Alto Bonito,26.3144,-98.6632,726.000000,796.000000
Mikes,26.3147,-98.6336,727.000000,796.000000
La Paloma Ranchettes,26.3148,-98.623,727.000000,796.000000
Alto Bonito Heights,26.3158,-98.6413,727.000000,796.000000
Valle Vista,26.3161,-98.6546,726.000000,796.000000
Ramirez-Perez,26.317,-98.6933,725.000000,796.000000
Victoria Vera,26.3182,-98.6929,725.000000,796.000000
Edinburg,26.3197,-98.1596,740.000000,795.000000
Yznaga,26.3188,-97.8153,750.000000,795.000000
Olivia Lopez de Gutierrez,26.3276,-98.7167,725.000000,795.000000
Citrus City,26.3281,-98.3923,734.000000,795.000000
Manuel Garcia,26.3337,-98.7016,725.000000,795.000000
El Castillo,26.3349,-98.6384,727.000000,795.000000
Olmito and Olmito,26.34,-98.642,727.000000,795.000000
Gutierrez,26.3401,-98.6315,727.000000,795.000000
El Refugio,26.3406,-98.7589,724.000000,795.000000
Chaparrito,26.3408,-98.7354,724.000000,795.000000
Amada Acres,26.3433,-98.7393,724.000000,795.000000
Camargito,26.3451,-98.7387,724.000000,795.000000
La Puerta,26.3468,-98.7504,724.000000,795.000000
La Victoria,26.3478,-98.6295,727.000000,795.000000
El Chaparral,26.3489,-98.7673,723.000000,795.000000
Sebastian,26.3454,-97.7964,750.000000,795.000000
Garza-Salinas II,26.3519,-98.7595,724.000000,794.000000
B and E,26.3565,-98.7537,724.000000,794.000000
Eugenio Saenz,26.3582,-98.6331,727.000000,794.000000
Zapata Ranch,26.357,-97.8243,749.000000,794.000000
Doolittle,26.3598,-98.1168,741.000000,794.000000
Las Lomas,26.3638,-98.7747,723.000000,794.000000
Santel,26.3756,-98.8833,720.000000,794.000000
Monte Alto,26.3744,-97.9727,745.000000,794.000000
La Escondida,26.3807,-98.8737,720.000000,793.000000
Rio Grande City,26.3808,-98.8215,722.000000,793.000000
El Quiote,26.3845,-98.9084,719.000000,793.000000
Los Alvarez,26.3859,-98.899,720.000000,793.000000
Elias-Fela Solis,26.3855,-98.6238,727.000000,793.000000
Palo Blanco,26.3875,-98.9024,720.000000,793.000000
Mi Ranchito Estate,26.3878,-98.8733,720.000000,793.000000
Los Barreras,26.3911,-98.9184,719.000000,793.000000
Campo Verde,26.3916,-98.914,719.000000,793.000000
Barrera,26.3925,-98.8985,720.000000,793.000000
Fernando Salinas,26.3979,-98.8311,722.000000,793.000000
Ranchitos del Norte,26.4003,-98.8715,720.000000,793.000000
Flor del Rio,26.4013,-98.9015,720.000000,793.000000
La Rosita,26.402,-98.9326,719.000000,793.000000
San Fernando,26.4033,-98.8351,721.000000,793.000000
La Chuparosa,26.4037,-98.9268,719.000000,793.000000
El Rancho Vela,26.4038,-98.7691,723.000000,793.000000
Benjamin Perez,26.406,-98.8997,720.000000,793.000000
Airport Heights,26.4087,-98.8366,721.000000,793.000000
Guadalupe Guerra,26.4108,-99.0819,715.000000,792.000000
Los Ebanos,26.4114,-98.9185,719.000000,792.000000
Escobares,26.412,-98.9599,718.000000,792.000000
Miguel Barrera,26.412,-98.9216,719.000000,792.000000
Garceno,26.4124,-98.9405,718.000000,792.000000
Pena,26.4155,-98.97,718.000000,792.000000
Roma,26.4166,-99.006,717.000000,792.000000
Loma Vista,26.4168,-98.9814,717.000000,792.000000
Lyford,26.4145,-97.7894,750.000000,792.000000
Loma Linda West,26.4205,-98.9304,719.000000,792.000000
Evergreen,26.4247,-99.024,716.000000,792.000000
Fronton Ranchettes,26.4253,-99.0268,716.000000,792.000000
Fronton,26.4256,-99.0762,715.000000,792.000000
Ramos,26.428,-99.027,716.000000,792.000000
La Esperanza,26.4313,-98.8923,720.000000,792.000000
North Escobares,26.4325,-98.9719,718.000000,792.000000
La Carla,26.4354,-98.7406,724.000000,792.000000
Hargill,26.4423,-98.0146,744.000000,791.000000
Lasara,26.4634,-97.9088,747.000000,791.000000
El Brazil,26.4686,-98.7269,724.000000,791.000000
Casas,26.4753,-98.9333,719.000000,790.000000
Raymondville,26.4759,-97.7769,751.000000,790.000000
Regino Ramirez,26.488,-98.9338,719.000000,790.000000
Ranchette Estates,26.4844,-97.822,750.000000,790.000000
La Minita,26.5022,-99.0734,715.000000,789.000000
San Perlita,26.501,-97.6398,755.000000,789.000000
Salineño,26.5176,-99.1121,714.000000,789.000000
Salineño North,26.5255,-99.0901,714.000000,789.000000
La Loma de Falcon,26.537,-99.0961,714.000000,788.000000
Falconaire,26.5511,-99.1169,714.000000,788.000000
Falcon Heights,26.5604,-99.1225,713.000000,787.000000
H. Cuellar Estates,26.5611,-99.1258,713.000000,787.000000
Linn,26.5662,-98.1297,741.000000,787.000000
Port Mansfield,26.5623,-97.4365,760.000000,787.000000
New Falcon,26.6382,-99.0947,714.000000,785.000000
Delmita,26.6851,-98.4231,733.000000,783.000000
Lopeño,26.712,-99.1008,714.000000,782.000000
San Isidro,26.7136,-98.4479,732.000000,782.000000
Siesta Shores,26.8548,-99.2605,710.000000,777.000000
Falcon Mesa,26.8706,-99.2906,709.000000,777.000000
Falcon Lake Estates,26.8719,-99.2585,710.000000,777.000000
Zapata,26.9027,-99.2612,710.000000,776.000000
Medina,26.929,-99.2614,710.000000,775.000000
Encino,26.9363,-98.1153,741.000000,775.000000
Ramireno,27.0144,-99.3822,706.000000,772.000000
San Ygnacio,27.048,-99.4321,705.000000,771.000000
Cantu Addition,27.202,-98.1555,740.000000,766.000000
Airport Road Addition,27.219,-98.0981,742.000000,765.000000
Flowella,27.22,-98.0645,743.000000,765.000000
Falfurrias,27.2243,-98.1451,741.000000,765.000000
Sarita,27.2235,-97.7951,750.000000,765.000000
Thompsonville,27.26,-98.7847,723.000000,764.000000
South Fork Estates,27.2697,-98.7239,725.000000,763.000000
Riviera,27.2992,-97.7996,750.000000,762.000000
Hebbronville,27.3239,-98.686,726.000000,762.000000
El Cenizo,27.3318,-99.5028,703.000000,761.000000
Las Lomitas,27.3378,-98.6629,726.000000,761.000000
Premont,27.3586,-98.1244,741.000000,760.000000
Rio Bravo,27.3648,-99.482,703.000000,760.000000
Concepcion,27.3951,-98.3558,735.000000,759.000000
La Presa,27.3995,-99.4374,705.000000,759.000000
Ricardo,27.4186,-97.8476,749.000000,758.000000
Bruni,27.4282,-98.8321,722.000000,758.000000
Mirando City,27.4403,-99.0006,717.000000,758.000000
Realitos,27.4454,-98.5303,730.000000,757.000000
Oilton,27.4693,-98.9672,718.000000,757.000000
Tanquecitos South Acres,27.4898,-99.3797,706.000000,756.000000
Ranchitos East,27.4901,-99.3668,707.000000,756.000000
San Carlos II,27.4901,-99.3684,707.000000,756.000000
Los Altos,27.4904,-99.3858,706.000000,756.000000
San Carlos I,27.4906,-99.3726,706.000000,756.000000
Pueblo Nuevo,27.4939,-99.3099,708.000000,756.000000
La Coma,27.5029,-99.3014,708.000000,756.000000
Kingsville,27.5094,-97.8611,749.000000,755.000000
Laredo,27.5629,-99.4875,703.000000,754.000000
Bishop,27.5851,-97.7977,750.000000,753.000000
Benavides,27.5969,-98.4137,733.000000,752.000000
Los Arcos,27.6144,-99.2105,711.000000,752.000000
Los Nopalitos,27.6195,-99.2056,711.000000,752.000000
Ranchitos Las Lomas,27.6283,-99.2344,710.000000,751.000000
Los Veteranos I,27.6333,-99.2186,711.000000,751.000000
Colorado Acres,27.6449,-99.2143,711.000000,751.000000
Los Minerales,27.6555,-99.6179,700.000000,750.000000
Ranchos Penitas West,27.6745,-99.6035,700.000000,750.000000
Petronila,27.6713,-97.6322,755.000000,750.000000
Driscoll,27.673,-97.751,752.000000,750.000000
Tierra Grande,27.7037,-97.5718,757.000000,749.000000
Alice Acres,27.7119,-98.108,742.000000,748.000000
Coyote Acres,27.7132,-98.1346,741.000000,748.000000
La Paloma-Lost Creek,27.7195,-97.7391,752.000000,748.000000
Corpus Christi,27.726,-97.3755,762.000000,748.000000
Rancho Alegre,27.7392,-98.1027,742.000000,747.000000
Alice,27.7556,-98.0653,743.000000,747.000000
San Diego,27.7609,-98.2389,738.000000,747.000000
Spring Gardens,27.7615,-97.7419,752.000000,747.000000
Tierra Verde,27.7616,-97.7174,753.000000,747.000000
Loma Linda East,27.7663,-98.1942,739.000000,747.000000
Los Veteranos II,27.7712,-99.4433,704.000000,746.000000
Botines,27.7719,-99.4571,704.000000,746.000000
Sunset Acres,27.7942,-99.4566,704.000000,746.000000
Robstown,27.7886,-97.6685,754.000000,746.000000
Bonanza Hills,27.7948,-99.4695,704.000000,746.000000
Banquete,27.8007,-97.7972,750.000000,745.000000
North San Pedro,27.8027,-97.682,754.000000,745.000000
Rancho Banquete,27.8094,-97.8455,749.000000,745.000000
Port Aransas,27.8102,-97.0875,770.000000,745.000000
Ingleside on the Bay,27.8304,-97.221,766.000000,744.000000
Alfred,27.8742,-97.9799,745.000000,743.000000
Ingleside,27.87,-97.2077,767.000000,743.000000
Freer,27.8823,-98.6181,727.000000,743.000000
Amargosa,27.8916,-98.1086,742.000000,742.000000
Owl Ranch,27.8927,-98.0934,742.000000,742.000000
South La Paloma,27.8947,-97.9685,746.000000,742.000000
Aransas Pass,27.8877,-97.1134,770.000000,742.000000
Portland,27.8911,-97.3284,764.000000,742.000000
Los Huisaches,27.9071,-99.476,704.000000,742.000000
Gregory,27.9221,-97.2918,765.000000,741.000000
Country Acres,27.9251,-97.1661,768.000000,741.000000
Falman,27.9281,-97.1713,768.000000,741.000000
Sandy Hollow-Escondidas,27.9452,-97.8061,750.000000,740.000000
Odem,27.9463,-97.5865,756.000000,740.000000
Orange Grove,27.9562,-97.9386,746.000000,740.000000
Edroy,27.9609,-97.6754,754.000000,740.000000
Westdale,27.9657,-97.9938,745.000000,740.000000
Taft Southwest,27.9707,-97.4047,761.000000,739.000000
San Patricio,27.9772,-97.7766,751.000000,739.000000
Taft,27.98,-97.3929,762.000000,739.000000
K-Bar Ranch,27.9928,-97.9267,747.000000,739.000000
Tradewinds,27.995,-97.2601,765.000000,739.000000
Morgan Farm,28.0055,-97.5535,757.000000,738.000000
Loma Linda,28.007,-97.4994,759.000000,738.000000
Del Sol,28.0132,-97.5202,758.000000,738.000000
Sandia,28.0199,-97.8701,748.000000,738.000000
La Paloma Addition,28.017,-97.5009,759.000000,738.000000
Rancho Chico,28.0243,-97.4966,759.000000,738.000000
Encinal,28.041,-99.3546,707.000000,737.000000
Rockport,28.029,-97.0722,771.000000,737.000000
Sinton,28.0392,-97.5154,758.000000,737.000000
Fulton,28.0706,-97.0428,772.000000,736.000000
Lake City,28.0821,-97.8828,748.000000,736.000000
Mathis,28.0909,-97.817,750.000000,736.000000
Paisano Park,28.0951,-97.8592,749.000000,735.000000
Edgewater Estates,28.0969,-97.865,749.000000,735.000000
Bayside,28.0966,-97.2109,767.000000,735.000000
Lakeshore Gardens-Hidden Acres,28.1235,-97.8654,749.000000,734.000000
Lamar,28.1439,-96.9888,773.000000,733.000000
Tynan,28.1708,-97.7492,752.000000,733.000000
Holiday Beach,28.167,-97.006,773.000000,733.000000
Woodsboro,28.2379,-97.3255,764.000000,730.000000
Skidmore,28.2626,-97.6855,754.000000,730.000000
Refugio,28.3073,-97.275,765.000000,728.000000
George West,28.33,-98.1183,741.000000,727.000000
Catarina,28.3499,-99.6161,700.000000,727.000000
Blue Berry Hill,28.3855,-97.792,751.000000,726.000000
Austwell,28.3911,-96.8437,777.000000,725.000000
Beeville,28.4059,-97.7494,752.000000,725.000000
Seadrift,28.4143,-96.7158,781.000000,724.000000
Cotulla,28.4364,-99.2367,710.000000,724.000000
Asherton,28.446,-99.7604,696.000000,724.000000
Tilden,28.4598,-98.5488,729.000000,723.000000
Fowlerton,28.4608,-98.8114,722.000000,723.000000
Three Rivers,28.4668,-98.1784,740.000000,723.000000
Port O'Connor,28.4463,-96.4205,789.000000,723.000000
Tivoli,28.4608,-96.8915,776.000000,723.000000
Carrizo Hill,28.5033,-99.8294,694.000000,722.000000
El Indio,28.5091,-100.3068,680.000000,721.000000
Carrizo Springs,28.5266,-99.8589,693.000000,721.000000
Normanna,28.5277,-97.7831,751.000000,721.000000
Big Wells,28.5699,-99.5702,701.000000,719.000000
Tuleta,28.5767,-97.798,750.000000,719.000000
Pettus,28.6156,-97.8121,750.000000,718.000000
Rosita,28.6244,-100.4287,677.000000,717.000000
Port Lavaca,28.6181,-96.6278,783.000000,717.000000
Pawnee,28.6483,-98.0083,745.000000,717.000000
Chula Vista,28.6563,-99.8077,694.000000,716.000000
Chula Vista,28.6573,-100.422,677.000000,716.000000
Bloomington,28.6504,-96.9022,776.000000,716.000000
Dilley,28.6675,-99.1765,712.000000,716.000000
Eidson Road,28.6677,-100.4787,675.000000,716.000000
Goliad,28.6708,-97.3916,762.000000,716.000000
Crystal City,28.6909,-99.8257,694.000000,715.000000
Point Comfort,28.6715,-96.5589,785.000000,715.000000
Hilltop,28.6938,-99.1761,712.000000,715.000000
Las Quintas Fronterizas,28.6898,-100.468,676.000000,715.000000
Placedo,28.6919,-96.8258,778.000000,715.000000
Amaya,28.7121,-99.8353,693.000000,715.000000
Eagle Pass,28.7125,-100.484,675.000000,714.000000
Loma Grande,28.7221,-99.8327,694.000000,714.000000
Matagorda,28.6973,-95.9667,793.000000,714.000000
Palacios,28.7198,-96.235,794.000000,713.000000
Fabrica,28.7446,-100.4934,675.000000,713.000000
Seco Mines,28.7467,-100.5027,675.000000,713.000000
Siesta Acres,28.7564,-100.491,675.000000,713.000000
Elm Creek,28.7782,-100.4911,675.000000,712.000000
Christine,28.7863,-98.4979,731.000000,712.000000
Quail Creek,28.7773,-97.0848,771.000000,712.000000
Kenedy,28.8176,-97.8518,749.000000,711.000000
Vanderbilt,28.8208,-96.6096,784.000000,710.000000
Victoria,28.8285,-96.985,773.000000,710.000000
Lolita,28.8326,-96.5387,786.000000,710.000000
Charlotte,28.8593,-98.7006,725.000000,710.000000
Radar Base,28.8568,-100.5336,674.000000,709.000000
La Ward,28.8464,-96.4649,788.000000,709.000000
Pearsall,28.8885,-99.0988,714.000000,709.000000
Inez,28.8718,-96.7959,779.000000,709.000000
Karnes City,28.8857,-97.9001,748.000000,709.000000
Runge,28.8859,-97.7134,753.000000,709.000000
Blessing,28.8727,-96.2173,795.000000,708.000000
Jourdanton,28.9138,-98.5411,730.000000,708.000000
North Pearsall,28.9227,-99.0944,714.000000,708.000000
Nordheim,28.9238,-97.6141,756.000000,707.000000
Quintana,28.9279,-95.317,811.000000,707.000000
La Pryor,28.9487,-99.8483,693.000000,707.000000
Batesville,28.9553,-99.6237,699.000000,706.000000
Quemado,28.947,-100.6237,671.000000,706.000000
Pleasanton,28.9643,-98.4957,731.000000,706.000000
Freeport,28.9454,-95.3601,810.000000,706.000000
Surfside Beach,28.956,-95.2836,812.000000,706.000000
Falls City,28.9821,-98.0216,744.000000,705.000000
Yorktown,28.9829,-97.505,759.000000,705.000000
Markham,28.9627,-96.0645,799.000000,705.000000
Edna,28.9757,-96.6483,783.000000,705.000000
Jones Creek,28.9752,-95.4714,807.000000,705.000000
Bay City,28.9838,-95.9601,793.000000,704.000000
Oyster Creek,28.9978,-95.3282,811.000000,704.000000
Poteet,29.0372,-98.5728,729.000000,704.000000
Clute,29.0256,-95.3975,809.000000,703.000000
Moore,29.0574,-99.0068,717.000000,703.000000
Van Vleck,29.0278,-95.88,795.000000,703.000000
Bigfoot,29.0619,-98.8522,721.000000,703.000000
Ganado,29.0413,-96.511,787.000000,703.000000
Leming,29.0684,-98.4722,732.000000,703.000000
Brazoria,29.0455,-95.5673,804.000000,703.000000
Sweeny,29.0464,-95.6986,800.000000,702.000000
Lake Jackson,29.0516,-95.4522,807.000000,702.000000
Poth,29.0726,-98.0809,743.000000,702.000000
Richwood,29.0723,-95.4045,809.000000,702.000000
Wild Peach Village,29.0811,-95.6373,802.000000,701.000000
Cuero,29.1024,-97.2871,765.000000,701.000000
Louise,29.1119,-96.4123,789.000000,700.000000
Floresville,29.14,-98.163,740.000000,700.000000
Devine,29.1457,-98.9049,720.000000,700.000000
West Columbia,29.1422,-95.649,802.000000,699.000000
Uvalde Estates,29.1695,-99.8329,693.000000,699.000000
Bailey's Prairie,29.1527,-95.4977,806.000000,699.000000
Spofford,29.1732,-100.4112,677.000000,699.000000
Sandy Oaks,29.1821,-98.4081,733.000000,699.000000
Natalia,29.1877,-98.8524,721.000000,699.000000
Angleton,29.1718,-95.4291,808.000000,698.000000
Jamaica Beach,29.1905,-94.9801,821.000000,698.000000
Uvalde,29.2153,-99.7782,695.000000,698.000000
El Campo,29.1987,-96.2724,793.000000,697.000000
Somerset,29.2285,-98.6567,726.000000,697.000000
Holiday Lakes,29.2083,-95.5146,806.000000,697.000000
Lytle,29.2342,-98.795,723.000000,697.000000
Stockdale,29.2361,-97.9636,746.000000,697.000000
Danbury,29.2274,-95.3461,810.000000,697.000000
Elmendorf,29.258,-98.3219,736.000000,696.000000
Galveston,29.2487,-94.891,823.000000,696.000000
Nixon,29.2698,-97.7658,751.000000,696.000000
Smiley,29.2713,-97.6376,755.000000,696.000000
Von Ormy,29.2802,-98.6556,727.000000,695.000000
Boling,29.2584,-95.9436,793.000000,695.000000
Iago,29.2665,-95.963,793.000000,695.000000
Fort Clark Springs,29.2937,-100.4245,677.000000,695.000000
Yoakum,29.2933,-97.1469,769.000000,695.000000
Terlingua,29.2991,-103.5795,597.000000,695.000000
Knippa,29.3076,-99.6329,699.000000,694.000000
Hitchcock,29.2945,-95.025,819.000000,694.000000
LaCoste,29.31,-98.8116,722.000000,694.000000
Damon,29.2832,-95.7408,799.000000,694.000000
Tiki Island,29.2985,-94.9175,822.000000,694.000000
Macdona,29.3205,-98.6973,725.000000,694.000000
Liverpool,29.3018,-95.2744,812.000000,694.000000
Sabinal,29.3214,-99.4696,704.000000,694.000000
Bonney,29.3013,-95.4508,807.000000,694.000000
Brackettville,29.3181,-100.4109,677.000000,694.000000
D'Hanis,29.3305,-99.2753,709.000000,694.000000
Bayou Vista,29.3258,-94.939,822.000000,693.000000
Study Butte,29.3351,-103.5421,598.000000,693.000000
Wharton,29.3138,-96.1044,798.000000,693.000000
Castroville,29.3513,-98.8711,720.000000,693.000000
Hondo,29.3531,-99.162,712.000000,693.000000
La Vernia,29.3542,-98.122,741.000000,693.000000
Laughlin AFB,29.3568,-100.7829,667.000000,692.000000
Rosharon,29.35,-95.453,807.000000,692.000000
Cienegas Terrace,29.3687,-100.9432,662.000000,692.000000
La Marque,29.369,-94.9957,820.000000,692.000000
Del Rio,29.3708,-100.88,664.000000,692.000000
Val Verde Park,29.3746,-100.8306,665.000000,692.000000
Lackland AFB,29.3867,-98.6179,728.000000,692.000000
China Grove,29.393,-98.3443,735.000000,692.000000
Santa Fe,29.3892,-95.1005,817.000000,691.000000
Alvin,29.3871,-95.2933,812.000000,691.000000
Hillcrest,29.3924,-95.2233,814.000000,691.000000
St. Hedwig,29.4197,-98.2046,739.000000,691.000000
Sandy Point,29.4013,-95.4816,806.000000,691.000000
Needville,29.3957,-95.8387,796.000000,691.000000
Texas City,29.4128,-94.9658,821.000000,690.000000
Hungerford,29.404,-96.0837,799.000000,690.000000
Redford,29.4342,-104.1824,580.000000,690.000000
Shiner,29.4332,-97.1734,768.000000,690.000000
Hallettsville,29.4429,-96.9436,775.000000,689.000000
Iowa Colony,29.4405,-95.4168,808.000000,689.000000
Kirby,29.4611,-98.3861,734.000000,689.000000
San Antonio,29.4658,-98.5253,730.000000,689.000000
Fairchilds,29.4398,-95.7777,798.000000,689.000000
Dickinson,29.4546,-95.0583,818.000000,689.000000
Lake View,29.459,-100.9532,662.000000,689.000000
Olmos Park,29.4749,-98.4867,731.000000,689.000000
Terrell Hills,29.4771,-98.4472,732.000000,689.000000
Kendleton,29.447,-96.001,801.000000,689.000000
Alamo Heights,29.4828,-98.4682,732.000000,689.000000
Balcones Heights,29.49,-98.5503,729.000000,688.000000
New Berlin,29.4892,-98.1094,742.000000,688.000000
Bolivar Peninsula,29.486,-94.5666,832.000000,688.000000
Leon Valley,29.4954,-98.6143,728.000000,688.000000
Zuehl,29.496,-98.1535,741.000000,688.000000
Manvel,29.4793,-95.3659,810.000000,688.000000
League City,29.4873,-95.1087,817.000000,688.000000
San Leon,29.4901,-94.9403,822.000000,688.000000
Sienna Plantation,29.4834,-95.5065,806.000000,688.000000
Converse,29.5091,-98.3084,736.000000,688.000000
Pleak,29.4852,-95.8098,797.000000,688.000000
Windcrest,29.5149,-98.3818,734.000000,687.000000
Thompsons,29.4906,-95.6304,802.000000,687.000000
Gonzales,29.5126,-97.4472,760.000000,687.000000
Bacliff,29.5077,-94.988,820.000000,687.000000
Castle Hills,29.5229,-98.5197,730.000000,687.000000
Arcola,29.5032,-95.4693,807.000000,687.000000
Beasley,29.4946,-95.9146,794.000000,687.000000
Friendswood,29.5111,-95.1979,814.000000,687.000000
Randolph AFB,29.5301,-98.2787,737.000000,687.000000
Amistad,29.5245,-101.153,656.000000,687.000000
Kemah,29.5307,-95.0194,819.000000,686.000000
Webster,29.5317,-95.1188,817.000000,686.000000
Box Canyon,29.5335,-101.1586,656.000000,686.000000
Universal City,29.5521,-98.3074,736.000000,686.000000
Live Oak,29.5545,-98.3404,735.000000,686.000000
East Bernard,29.5241,-96.0622,799.000000,686.000000
Fresno,29.5358,-95.4696,807.000000,686.000000
Clear Lake Shores,29.5456,-95.0329,819.000000,686.000000
Nassau Bay,29.5448,-95.0865,818.000000,686.000000
Presidio,29.5603,-104.3653,575.000000,686.000000
Cibolo,29.5639,-98.2123,739.000000,686.000000
Schertz,29.5649,-98.2537,738.000000,686.000000
Helotes,29.5693,-98.6956,725.000000,686.000000
Marion,29.5726,-98.143,741.000000,685.000000
Rosenberg,29.546,-95.822,797.000000,685.000000
Pearland,29.5585,-95.3215,811.000000,685.000000
Hill Country Village,29.5831,-98.4893,731.000000,685.000000
Moulton,29.5722,-97.1465,769.000000,685.000000
Shavano Park,29.5861,-98.5563,729.000000,685.000000
Missouri City,29.563,-95.5365,805.000000,685.000000
Selma,29.5866,-98.3133,736.000000,685.000000
El Lago,29.5733,-95.044,819.000000,685.000000
Seabrook,29.5751,-95.0236,819.000000,685.000000
Taylor Lake Village,29.5764,-95.0562,818.000000,685.000000
Seguin,29.5889,-97.9671,746.000000,685.000000
Santa Clara,29.5911,-98.1614,740.000000,685.000000
Hollywood Park,29.5994,-98.4841,731.000000,685.000000
McQueeney,29.6,-98.0439,744.000000,685.000000
Brookside Village,29.5907,-95.318,811.000000,684.000000
Richmond,29.5825,-95.7602,799.000000,684.000000
Cumings,29.5836,-95.7966,798.000000,684.000000
Eagle Lake,29.5879,-96.3282,792.000000,684.000000
Grey Forest,29.6169,-98.6833,726.000000,684.000000
Sugar Land,29.5935,-95.6357,802.000000,684.000000
Utopia,29.6188,-99.5153,702.000000,684.000000
Fifth Street,29.5982,-95.5519,804.000000,684.000000
Lakehills,29.6237,-98.9448,718.000000,684.000000
Orchard,29.6,-95.9694,793.000000,684.000000
Shoreacres,29.6204,-95.0188,819.000000,683.000000
Lake Medina Shores,29.6383,-98.9869,717.000000,683.000000
Garden Ridge,29.6379,-98.2927,737.000000,683.000000
Pecan Grove,29.6235,-95.7331,799.000000,683.000000
Stafford,29.6271,-95.5653,804.000000,683.000000
Cross Mountain,29.6535,-98.6564,726.000000,683.000000
Kingsbury,29.6541,-97.8,751.000000,683.000000
Wallis,29.6317,-96.0638,799.000000,682.000000
Lake Dunlap,29.6683,-98.0773,743.000000,682.000000
Camp Wood,29.669,-100.0108,688.000000,682.000000
Oak Island,29.6632,-94.6882,829.000000,682.000000
Pasadena,29.6583,-95.1499,816.000000,682.000000
Meadows Place,29.6513,-95.5873,803.000000,682.000000
Geronimo,29.6728,-97.9686,746.000000,682.000000
South Houston,29.6611,-95.2285,813.000000,682.000000
La Porte,29.6689,-95.0484,819.000000,682.000000
Luling,29.6814,-97.6468,755.000000,682.000000
Morgan's Point,29.6765,-95.0027,820.000000,682.000000
Weston Lakes,29.6627,-95.9353,794.000000,681.000000
Four Corners,29.6705,-95.6596,801.000000,681.000000
Schulenburg,29.682,-96.9075,776.000000,681.000000
Timberwood Park,29.6994,-98.4838,731.000000,681.000000
Flatonia,29.6886,-97.106,770.000000,681.000000
New Braunfels,29.6994,-98.1148,742.000000,681.000000
Scenic Oaks,29.7038,-98.6713,726.000000,681.000000
Waelder,29.6943,-97.2972,765.000000,681.000000
Deer Park,29.6898,-95.1151,817.000000,681.000000
Simonton,29.6824,-95.991,792.000000,681.000000
Weimar,29.7,-96.7773,779.000000,681.000000
Glidden,29.6975,-96.5907,785.000000,681.000000
Mission Bend,29.6948,-95.6657,801.000000,681.000000
Fulshear,29.693,-95.8792,795.000000,680.000000
Bandera,29.7253,-99.074,715.000000,680.000000
Bellaire,29.704,-95.4622,807.000000,680.000000
Leakey,29.7254,-99.7631,695.000000,680.000000
Columbus,29.7055,-96.5563,786.000000,680.000000
Southside Place,29.7089,-95.4367,808.000000,680.000000
West University Place,29.7157,-95.4321,808.000000,680.000000
Beach City,29.7269,-94.8549,824.000000,680.000000
Fair Oaks Ranch,29.7468,-98.6375,727.000000,680.000000
Galena Park,29.7452,-95.2333,813.000000,679.000000
Cinco Ranch,29.7395,-95.7607,798.000000,679.000000
Staples,29.7664,-97.8279,750.000000,679.000000
Baytown,29.7586,-94.9669,821.000000,679.000000
Anahuac,29.7649,-94.6787,829.000000,679.000000
Bulverde,29.7744,-98.4364,733.000000,679.000000
Piney Point Village,29.7588,-95.5156,805.000000,678.000000
Boerne,29.7844,-98.7289,724.000000,678.000000
Jacinto City,29.7663,-95.241,813.000000,678.000000
Brazos Country,29.7547,-96.0424,800.000000,678.000000
Stowell,29.7814,-94.3794,837.000000,678.000000
Bunker Hill Village,29.7647,-95.5317,805.000000,678.000000
Hunters Creek Village,29.7715,-95.4987,806.000000,678.000000
Sealy,29.7676,-96.1679,797.000000,678.000000
Hedwig Village,29.7799,-95.5193,805.000000,678.000000
Cloverleaf,29.7882,-95.1724,815.000000,678.000000
Houston,29.7863,-95.3889,809.000000,678.000000
Channelview,29.7914,-95.1145,817.000000,678.000000
Spring Valley Village,29.7898,-95.5041,806.000000,677.000000
Hilshire Village,29.7908,-95.4885,806.000000,677.000000
Redwood,29.81,-97.9103,747.000000,677.000000
Brookshire,29.7824,-95.9515,793.000000,677.000000
Katy,29.7904,-95.8353,796.000000,677.000000
Winnie,29.8167,-94.3807,837.000000,677.000000
Cove,29.8122,-94.8201,825.000000,677.000000
San Felipe,29.7965,-96.1051,798.000000,677.000000
Highlands,29.813,-95.0577,818.000000,677.000000
Martindale,29.8448,-97.8396,749.000000,676.000000
Pattison,29.8193,-95.9765,792.000000,676.000000
Port Arthur,29.8554,-93.9264,850.000000,676.000000
Mont Belvieu,29.8524,-94.8784,823.000000,676.000000
Taylor Landing,29.8641,-94.1348,844.000000,676.000000
Sheldon,29.8596,-95.134,816.000000,675.000000
San Marcos,29.8736,-97.9381,747.000000,675.000000
Canyon Lake,29.8761,-98.2611,738.000000,675.000000
Barrett,29.8671,-95.0537,818.000000,675.000000
Lockhart,29.8785,-97.6831,754.000000,675.000000
Spring Branch,29.8848,-98.4127,733.000000,675.000000
Old River-Winfree,29.8745,-94.8268,825.000000,675.000000
Jersey Village,29.8903,-95.5721,804.000000,674.000000
Fayetteville,29.9063,-96.6758,782.000000,674.000000
La Grange,29.9129,-96.8767,777.000000,673.000000
Crosby,29.9146,-95.0591,818.000000,673.000000
Fannett,29.925,-94.2389,841.000000,673.000000
Aldine,29.9122,-95.3785,809.000000,673.000000
Groves,29.9457,-93.9164,850.000000,673.000000
Uhland,29.9624,-97.7953,751.000000,672.000000
Comfort,29.9714,-98.904,720.000000,672.000000
Nederland,29.9707,-94.0015,848.000000,672.000000
Bellville,29.9472,-96.2598,794.000000,672.000000
Port Neches,29.9765,-93.946,850.000000,672.000000
Wimberley,29.9849,-98.0906,742.000000,672.000000
Central Gardens,29.9893,-94.0217,847.000000,671.000000
Industry,29.9715,-96.4992,787.000000,671.000000
Atascocita,29.9777,-95.1953,814.000000,671.000000
Kyle,29.9937,-97.8859,748.000000,671.000000
Niederwald,30.0041,-97.7531,752.000000,671.000000
Humble,29.9921,-95.2655,812.000000,671.000000
Smithville,30.008,-97.1511,769.000000,670.000000
Rocksprings,30.0172,-100.2128,683.000000,670.000000
Woodcreek,30.0266,-98.1115,742.000000,670.000000
Bridge City,30.0298,-93.8406,852.000000,670.000000
Devers,30.0287,-94.586,832.000000,670.000000
Kerrville,30.0398,-99.132,713.000000,670.000000
Dayton,30.0292,-94.9038,823.000000,670.000000
Mountain City,30.0392,-97.8915,748.000000,670.000000
Nome,30.0364,-94.4064,837.000000,670.000000
Liberty,30.0379,-94.788,826.000000,669.000000
Ames,30.0451,-94.7373,827.000000,669.000000
China,30.0522,-94.3332,839.000000,669.000000
Mustang Ridge,30.0576,-97.6852,754.000000,669.000000
Ingram,30.0773,-99.2381,710.000000,668.000000
West Orange,30.0791,-93.7598,855.000000,668.000000
Spring,30.0613,-95.383,809.000000,668.000000
Round Top,30.064,-96.6959,782.000000,668.000000
Pine Island,30.0554,-96.0253,801.000000,668.000000
Beaumont,30.0849,-94.1451,844.000000,668.000000
Buda,30.0856,-97.8472,749.000000,668.000000
Waller,30.0629,-95.9221,794.000000,668.000000
Blanco,30.0987,-98.4169,733.000000,668.000000
Creedmoor,30.0943,-97.7431,752.000000,668.000000
Rose City,30.1049,-94.0506,847.000000,667.000000
Prairie View,30.085,-95.9897,792.000000,667.000000
Kenefick,30.1069,-94.8502,824.000000,667.000000
Tomball,30.0951,-95.6194,802.000000,667.000000
Bastrop,30.1118,-97.3257,764.000000,667.000000
Orange,30.121,-93.7616,855.000000,667.000000
Daisetta,30.1135,-94.6426,830.000000,667.000000
Hays,30.1215,-97.8724,749.000000,667.000000
Vidor,30.1291,-93.9967,848.000000,667.000000
Hempstead,30.1004,-96.0779,799.000000,667.000000
Driftwood,30.133,-98.0373,744.000000,667.000000
Wyldwood,30.1299,-97.4801,760.000000,666.000000
Manchaca,30.1353,-97.8362,750.000000,666.000000
Sour Lake,30.1378,-94.4046,837.000000,666.000000
San Leanna,30.1442,-97.8196,750.000000,666.000000
Hull,30.1464,-94.6422,830.000000,666.000000
Dayton Lakes,30.1446,-94.8209,825.000000,666.000000
Bevil Oaks,30.1517,-94.2711,840.000000,666.000000
Hardin,30.1493,-94.7377,827.000000,666.000000
Carmine,30.1485,-96.6908,782.000000,665.000000
Shady Hollow,30.1646,-97.8629,749.000000,665.000000
Porter Heights,30.1501,-95.3217,811.000000,665.000000
Stagecoach,30.1438,-95.7079,800.000000,665.000000
Circle D-KC Estates,30.1611,-97.2349,767.000000,665.000000
Pinewood Estates,30.1692,-94.3207,839.000000,665.000000
Sanderson,30.1508,-102.4079,631.000000,665.000000
Oak Ridge North,30.157,-95.4421,807.000000,665.000000
Pine Forest,30.1757,-94.0367,847.000000,665.000000
Brenham,30.1585,-96.3964,790.000000,665.000000
Bear Creek,30.1826,-97.94,747.000000,665.000000
The Woodlands,30.1738,-95.5134,805.000000,664.000000
Dripping Springs,30.1954,-98.094,742.000000,664.000000
Rose Hill Acres,30.1933,-94.193,843.000000,664.000000
Roman Forest,30.1813,-95.1548,815.000000,664.000000
Woodbranch,30.1813,-95.1836,815.000000,664.000000
Camp Swift,30.1885,-97.2933,765.000000,664.000000
Giddings,30.1833,-96.9279,775.000000,664.000000
Burton,30.1813,-96.5999,784.000000,664.000000
Garfield,30.1961,-97.5514,758.000000,664.000000
Shenandoah,30.184,-95.4555,807.000000,664.000000
Patton Village,30.1954,-95.1643,815.000000,664.000000
Pinehurst,30.1889,-95.7017,800.000000,664.000000
Plum Grove,30.2007,-95.0958,817.000000,664.000000
Mauriceville,30.2187,-93.8758,851.000000,664.000000
Marathon,30.2157,-103.2433,607.000000,663.000000
Sunset Valley,30.2258,-97.8158,750.000000,663.000000
Webberville,30.226,-97.4995,759.000000,663.000000
Woodloch,30.2173,-95.4132,808.000000,663.000000
Magnolia,30.2117,-95.7419,799.000000,663.000000
Stonewall,30.2497,-98.6593,726.000000,663.000000
Splendora,30.2324,-95.1616,815.000000,663.000000
Hornsby Bend,30.245,-97.5833,757.000000,663.000000
Lumberton,30.2562,-94.2071,842.000000,662.000000
Fredericksburg,30.2661,-98.8749,720.000000,662.000000
Johnson City,30.2742,-98.4063,734.000000,662.000000
Rollingwood,30.2736,-97.7867,751.000000,662.000000
Barton Creek,30.2818,-97.8681,749.000000,661.000000
Harper,30.2903,-99.2459,710.000000,661.000000
Todd Mission,30.2612,-95.8298,796.000000,661.000000
McDade,30.2819,-97.2449,766.000000,661.000000
West Lake Hills,30.292,-97.8083,750.000000,661.000000
Deweyville,30.3034,-93.7592,855.000000,661.000000
Austin,30.3004,-97.7522,752.000000,661.000000
Lost Creek,30.3024,-97.8498,749.000000,661.000000
Bee Cave,30.3084,-97.9629,746.000000,661.000000
Marfa,30.3107,-104.0255,585.000000,660.000000
Evadale,30.3369,-94.06,846.000000,660.000000
Conroe,30.3239,-95.4825,806.000000,659.000000
The Hills,30.3465,-97.9864,745.000000,659.000000
Silsbee,30.3456,-94.1764,843.000000,659.000000
Cleveland,30.3374,-95.0931,817.000000,659.000000
Lakeway,30.3547,-97.9854,745.000000,659.000000
Cut and Shoot,30.3404,-95.354,810.000000,659.000000
Elgin,30.352,-97.3879,762.000000,659.000000
Plantersville,30.3325,-95.8633,795.000000,659.000000
Manor,30.3562,-97.5228,758.000000,659.000000
Somerville,30.346,-96.5311,786.000000,659.000000
Alpine,30.364,-103.665,595.000000,659.000000
North Cleveland,30.3577,-95.1003,817.000000,658.000000
Kountze,30.3724,-94.3161,839.000000,658.000000
Point Venture,30.3817,-98.001,745.000000,658.000000
Panorama Village,30.3806,-95.4944,806.000000,657.000000
Briarcliff,30.4088,-98.0451,744.000000,657.000000
Hudson Bend,30.4139,-97.928,747.000000,657.000000
Navasota,30.3874,-96.0895,799.000000,657.000000
Montgomery,30.3921,-95.6958,800.000000,657.000000
Lexington,30.4147,-97.0093,773.000000,657.000000
Round Mountain,30.4298,-98.3609,735.000000,657.000000
Buna,30.4458,-93.9625,849.000000,656.000000
Volente,30.4453,-97.908,748.000000,656.000000
Wells Branch,30.4432,-97.6792,754.000000,656.000000
Willis,30.4314,-95.4832,806.000000,656.000000
Lago Vista,30.4519,-97.9908,745.000000,656.000000
Pflugerville,30.452,-97.6022,756.000000,656.000000
Coupland,30.4568,-97.3979,762.000000,655.000000
Jonestown,30.4754,-97.9297,747.000000,655.000000
Junction,30.4906,-99.7725,695.000000,654.000000
Millican,30.467,-96.2035,796.000000,654.000000
Big Thicket Lake Estates,30.4874,-94.7678,826.000000,654.000000
Shepherd,30.491,-95.0021,820.000000,654.000000
Snook,30.4907,-96.467,788.000000,654.000000
Cedar Park,30.5106,-97.8196,750.000000,654.000000
Brushy Creek,30.5125,-97.7388,752.000000,654.000000
Anderson,30.4871,-95.9899,792.000000,653.000000
Round Rock,30.5254,-97.666,754.000000,653.000000
Wildwood,30.5256,-94.4457,835.000000,653.000000
Horseshoe Bay,30.5403,-98.3804,734.000000,653.000000
Hutto,30.5373,-97.5516,758.000000,653.000000
Caldwell,30.5307,-96.7007,782.000000,652.000000
Cottonwood Shores,30.5521,-98.325,736.000000,652.000000
New Waverly,30.5374,-95.4822,806.000000,652.000000
Meadowlakes,30.5639,-98.2954,737.000000,652.000000
Marble Falls,30.5649,-98.2768,737.000000,652.000000
Leander,30.5728,-97.8618,749.000000,652.000000
Sonora,30.5706,-100.642,671.000000,651.000000
Fort Davis,30.5784,-103.8922,589.000000,651.000000
Taylor,30.5743,-97.4234,761.000000,651.000000
Sunrise Beach Village,30.5862,-98.4187,733.000000,651.000000
Valentine,30.5885,-104.4953,572.000000,651.000000
Granite Shoals,30.5897,-98.3715,735.000000,651.000000
Thrall,30.5882,-97.2983,765.000000,651.000000
Coldspring,30.5898,-95.1307,816.000000,651.000000
Highland Haven,30.6074,-98.3951,734.000000,651.000000
College Station,30.5852,-96.296,793.000000,650.000000
Warren,30.6127,-94.4104,836.000000,650.000000
Goodrich,30.6093,-94.9467,821.000000,650.000000
Thorndale,30.6141,-97.2068,767.000000,650.000000
Kirbyville,30.6578,-93.9001,851.000000,649.000000
Kingsland,30.6651,-98.4545,732.000000,649.000000
Liberty Hill,30.6634,-97.9073,748.000000,649.000000
Rockdale,30.6542,-97.0089,773.000000,648.000000
Cape Royale,30.653,-95.1265,816.000000,648.000000
Georgetown,30.6668,-97.6953,754.000000,648.000000
Weir,30.6759,-97.5929,757.000000,648.000000
Ivanhoe,30.6799,-94.4154,836.000000,648.000000
Bryan,30.6657,-96.3668,791.000000,648.000000
Indian Springs,30.6879,-94.7449,827.000000,647.000000
Serenada,30.6962,-97.6969,754.000000,647.000000
West Livingston,30.6957,-95.0097,819.000000,647.000000
Livingston,30.71,-94.9381,821.000000,647.000000
Milano,30.7083,-96.8594,777.000000,647.000000
Ozona,30.7074,-101.2059,655.000000,647.000000
Granger,30.718,-97.4411,761.000000,647.000000
Huntsville,30.705,-95.5544,804.000000,646.000000
Lake Bryan,30.7188,-96.4631,788.000000,646.000000
Bertram,30.7427,-98.064,743.000000,646.000000
Mason,30.748,-99.2288,710.000000,646.000000
Llano,30.7508,-98.6763,726.000000,646.000000
Burnet,30.7496,-98.2383,738.000000,646.000000
Oakhurst,30.7433,-95.3073,811.000000,645.000000
Point Blank,30.7474,-95.2163,814.000000,645.000000
Woodville,30.774,-94.4236,836.000000,645.000000
Buchanan Dam,30.7807,-98.4393,733.000000,645.000000
Wixon Valley,30.7639,-96.3193,792.000000,644.000000
Bartlett,30.7951,-97.4325,761.000000,644.000000
Iola,30.7719,-96.0771,799.000000,644.000000
Bedias,30.7792,-95.9469,793.000000,644.000000
Cedar Point,30.7975,-95.0749,818.000000,644.000000
Sonterra,30.8081,-97.5953,756.000000,644.000000
Kurten,30.7896,-96.2759,794.000000,643.000000
Jarrell,30.8127,-97.6132,756.000000,643.000000
Onalaska,30.8209,-95.1111,817.000000,643.000000
Florence,30.8406,-97.7927,751.000000,642.000000
Newton,30.8502,-93.7537,855.000000,642.000000
Buchanan Lake Village,30.8565,-98.4378,733.000000,642.000000
Seven Oaks,30.8517,-94.8579,824.000000,642.000000
Riverside,30.8472,-95.3984,808.000000,642.000000
Eldorado,30.8617,-100.5979,672.000000,642.000000
Cameron,30.8608,-96.9762,774.000000,641.000000
Buckholts,30.874,-97.1289,770.000000,641.000000
Holland,30.8834,-97.4026,762.000000,641.000000
Hearne,30.877,-96.5956,785.000000,641.000000
Fort Stockton,30.8926,-102.8844,617.000000,640.000000
Colmesneil,30.9097,-94.422,836.000000,640.000000
Menard,30.9185,-99.7837,695.000000,640.000000
Jasper,30.9221,-93.9947,848.000000,640.000000
Chester,30.9213,-94.6,831.000000,640.000000
Rogers,30.93,-97.2291,767.000000,639.000000
Iraan,30.9129,-101.9001,635.000000,639.000000
Salado,30.9462,-97.5281,758.000000,639.000000
Westwood Shores,30.9376,-95.3254,810.000000,639.000000
Trinity,30.9445,-95.3736,809.000000,638.000000
Madisonville,30.9538,-95.9091,794.000000,638.000000
Balmorhea,30.984,-103.7438,593.000000,638.000000
Little River-Academy,30.9876,-97.3531,763.000000,637.000000
Calvert,30.9791,-96.6716,783.000000,637.000000
Corrigan,30.9988,-94.8275,825.000000,637.000000
Pleasant Hill,31.0033,-94.7936,826.000000,637.000000
Van Horn,31.0407,-104.834,562.000000,636.000000
Franklin,31.0251,-96.4874,788.000000,636.000000
Midway,31.0252,-95.7539,798.000000,635.000000
Belton,31.0525,-97.479,760.000000,635.000000
Normangee,31.03,-96.1161,798.000000,635.000000
Harker Heights,31.0572,-97.6445,755.000000,635.000000
Lampasas,31.064,-98.1824,740.000000,635.000000
Groveton,31.0572,-95.1269,816.000000,635.000000
Kempner,31.0755,-97.9727,746.000000,635.000000
Killeen,31.0754,-97.7296,753.000000,635.000000
Nolanville,31.0754,-97.609,756.000000,634.000000
Sam Rayburn,31.0789,-94.0266,847.000000,634.000000
Rosebud,31.0756,-96.9749,774.000000,634.000000
Hilltop Lakes,31.0755,-96.1914,796.000000,634.000000
Temple,31.1076,-97.3894,762.000000,633.000000
Copperas Cove,31.1192,-97.914,748.000000,633.000000
Browndell,31.1254,-93.9802,848.000000,633.000000
Brady,31.1322,-99.3697,706.000000,633.000000
Fort Hood,31.1345,-97.7797,751.000000,633.000000
Lovelady,31.1279,-95.4456,807.000000,632.000000
South Toledo Bend,31.1568,-93.6074,859.000000,632.000000
Morgan's Point Resort,31.1518,-97.4581,760.000000,632.000000
McCamey,31.1325,-102.22,636.000000,632.000000
Zavalla,31.1584,-94.418,836.000000,632.000000
Sierra Blanca,31.1834,-105.3395,548.000000,631.000000
Bremond,31.1657,-96.676,782.000000,631.000000
Leona,31.1537,-95.976,792.000000,631.000000
San Saba,31.1965,-98.7244,725.000000,631.000000
Diboll,31.1881,-94.783,826.000000,631.000000
Melvin,31.1993,-99.5809,700.000000,631.000000
Christoval,31.1976,-100.4933,675.000000,630.000000
Troy,31.2,-97.3019,765.000000,630.000000
Big Lake,31.1941,-101.4534,648.000000,630.000000
Lometa,31.2166,-98.3925,734.000000,630.000000
Eden,31.2162,-99.844,693.000000,630.000000
Lott,31.2059,-97.0333,772.000000,630.000000
Burke,31.2345,-94.7665,826.000000,629.000000
Pineland,31.2467,-93.9744,849.000000,629.000000
Coyanosa,31.2409,-103.065,612.000000,629.000000
Rankin,31.2255,-101.9393,634.000000,629.000000
Marquez,31.2361,-96.2574,794.000000,628.000000
Richland Springs,31.2715,-98.9486,718.000000,628.000000
Mertzon,31.2619,-100.8208,665.000000,628.000000
Fort Hancock,31.2837,-105.8446,534.000000,628.000000
Imperial,31.2668,-102.6947,623.000000,628.000000
Huntington,31.2803,-94.5772,832.000000,627.000000
Centerville,31.258,-95.9797,792.000000,627.000000
Chilton,31.2848,-97.0608,772.000000,627.000000
Broaddus,31.3051,-94.2699,840.000000,627.000000
Toyah,31.3125,-103.7946,592.000000,627.000000
Moody,31.3086,-97.3596,763.000000,627.000000
Bruceville-Eddy,31.3103,-97.2478,766.000000,626.000000
Marlin,31.3085,-96.8934,776.000000,626.000000
Kosse,31.307,-96.6293,784.000000,626.000000
Lufkin,31.3217,-94.7277,827.000000,626.000000
Hudson,31.3285,-94.8014,825.000000,626.000000
Crockett,31.3177,-95.4564,807.000000,626.000000
Hemphill,31.3431,-93.8512,852.000000,626.000000
Grandfalls,31.3405,-102.8545,618.000000,625.000000
Kennard,31.3575,-95.1854,814.000000,625.000000
Golinda,31.3711,-97.0763,771.000000,624.000000
Lorena,31.3818,-97.2127,767.000000,624.000000
Jewett,31.3627,-96.1455,798.000000,624.000000
Latexo,31.3889,-95.4724,806.000000,623.000000
Pecos,31.4046,-103.5057,600.000000,623.000000
Redland,31.4033,-94.7182,828.000000,623.000000
Crane,31.3919,-102.3503,632.000000,623.000000
Oglesby,31.4187,-97.5113,759.000000,623.000000
McGregor,31.4187,-97.4283,761.000000,623.000000
Thornton,31.4111,-96.5738,785.000000,623.000000
Tornillo,31.4366,-106.1033,526.000000,622.000000
South Mountain,31.4398,-97.6793,754.000000,622.000000
Gatesville,31.4419,-97.7351,753.000000,622.000000
San Angelo,31.4424,-100.4506,676.000000,622.000000
Goldthwaite,31.4513,-98.5736,729.000000,622.000000
Milam,31.4541,-93.7979,854.000000,622.000000
Robinson,31.4501,-97.1201,770.000000,622.000000
Hewitt,31.452,-97.196,768.000000,622.000000
Barstow,31.4616,-103.3955,603.000000,621.000000
Evant,31.4762,-98.1501,741.000000,621.000000
Riesel,31.4763,-96.9304,775.000000,621.000000
Buffalo,31.46,-96.066,800.000000,621.000000
Chireno,31.4989,-94.3459,838.000000,620.000000
Wells,31.4916,-94.9473,821.000000,620.000000
Woodway,31.4988,-97.2314,767.000000,620.000000
Paint Rock,31.51,-99.9253,691.000000,620.000000
Grapeland,31.4948,-95.4765,806.000000,620.000000
Fabens,31.5136,-106.1521,525.000000,620.000000
San Augustine,31.5297,-94.1108,845.000000,619.000000
Beverly Hills,31.5224,-97.1563,769.000000,619.000000
Crawford,31.5385,-97.4448,761.000000,619.000000
Groesbeck,31.5259,-96.5284,787.000000,619.000000
Pyote,31.5381,-103.1225,611.000000,619.000000
Mullin,31.5552,-98.6657,726.000000,618.000000
Mart,31.5421,-96.8299,778.000000,618.000000
Morning Glory,31.5648,-106.2089,523.000000,618.000000
Waco,31.5598,-97.1881,768.000000,618.000000
Wickett,31.5673,-103.0059,614.000000,618.000000
Hallsburg,31.5684,-96.9464,775.000000,618.000000
San Elizario,31.5793,-106.2632,522.000000,617.000000
Grape Creek,31.5817,-100.5474,673.000000,617.000000
Thorntonville,31.5789,-102.9221,616.000000,617.000000
Clint,31.5901,-106.2289,523.000000,617.000000
Miles,31.6006,-100.1853,683.000000,617.000000
Oakwood,31.5848,-95.8499,796.000000,616.000000
Bellmead,31.6025,-97.0896,771.000000,616.000000
Carlsbad,31.6113,-100.6407,670.000000,616.000000
Nacogdoches,31.6134,-94.6528,829.000000,616.000000
Lacy-Lakeview,31.6292,-97.1052,770.000000,616.000000
Monahans,31.6289,-103.0403,613.000000,616.000000
Socorro,31.6384,-106.2601,522.000000,615.000000
Elkhart,31.6276,-95.5789,803.000000,615.000000
Teague,31.6295,-96.2801,794.000000,615.000000
Agua Dulce,31.6549,-106.1369,525.000000,615.000000
China Spring,31.6492,-97.3047,765.000000,615.000000
Valley Mills,31.6582,-97.4714,760.000000,615.000000
Alto,31.6509,-95.0708,818.000000,615.000000
Sparks,31.6727,-106.2399,522.000000,614.000000
Horizon City,31.6799,-106.1903,524.000000,614.000000
Redfield,31.6811,-94.6629,829.000000,614.000000
Hamilton,31.6997,-98.1208,742.000000,614.000000
Mexia,31.6809,-96.4833,788.000000,613.000000
Brownwood,31.7127,-98.9767,717.000000,613.000000
Mentone,31.7073,-103.5989,597.000000,613.000000
Bangs,31.7161,-99.1303,713.000000,613.000000
Gholson,31.7123,-97.2359,767.000000,613.000000
Appleby,31.717,-94.6078,831.000000,613.000000
Santa Anna,31.7369,-99.3254,708.000000,612.000000
Ross,31.7282,-97.1123,770.000000,612.000000
Ballinger,31.7395,-99.9559,690.000000,612.000000
Early,31.745,-98.9375,719.000000,612.000000
Leroy,31.7322,-97.0214,773.000000,612.000000
Fairfield,31.7184,-96.1697,797.000000,612.000000
Tehuacana,31.741,-96.5436,786.000000,611.000000
Huxley,31.7644,-93.8848,851.000000,611.000000
Wink,31.7545,-103.1541,610.000000,611.000000
Coolidge,31.7514,-96.6524,783.000000,611.000000
Mount Calm,31.7566,-96.8818,777.000000,611.000000
Cranfills Gap,31.7753,-97.8302,750.000000,611.000000
Palestine,31.7544,-95.6471,801.000000,611.000000
Clifton,31.7822,-97.5824,757.000000,611.000000
Kirvin,31.7671,-96.33,792.000000,610.000000
Center,31.793,-94.1796,843.000000,610.000000
Wortham,31.7897,-96.461,789.000000,610.000000
Rusk,31.7978,-95.1491,815.000000,610.000000
Homestead Meadows South,31.811,-106.1643,525.000000,610.000000
West,31.8032,-97.0942,771.000000,610.000000
Lake Brownwood,31.8177,-99.1045,714.000000,610.000000
Fort Bliss,31.8137,-106.4119,518.000000,610.000000
Blanket,31.8249,-98.7895,723.000000,609.000000
Cushing,31.8126,-94.8411,824.000000,609.000000
Coleman,31.8317,-99.4223,705.000000,609.000000
Garrison,31.8252,-94.4932,834.000000,609.000000
Gustine,31.8457,-98.4025,734.000000,609.000000
Butterfield,31.8426,-106.0822,527.000000,609.000000
Homestead Meadows North,31.8483,-106.1707,524.000000,608.000000
Sterling City,31.8392,-100.986,661.000000,608.000000
El Paso,31.8479,-106.4309,517.000000,608.000000
West Odessa,31.8388,-102.4996,628.000000,608.000000
Hubbard,31.847,-96.8003,779.000000,608.000000
Aquilla,31.8548,-97.22,767.000000,608.000000
Kermit,31.854,-103.0924,611.000000,608.000000
Laguna Park,31.8643,-97.3862,762.000000,608.000000
Penelope,31.8585,-96.9281,775.000000,608.000000
Reklaw,31.8662,-94.9834,820.000000,607.000000
Garden City,31.8674,-101.4864,646.000000,607.000000
Bronte,31.8857,-100.2954,680.000000,607.000000
Prado Verde,31.8898,-106.6135,512.000000,607.000000
Comanche,31.9005,-98.6044,728.000000,607.000000
Abbott,31.8869,-97.08,771.000000,607.000000
Robert Lee,31.8954,-100.4856,675.000000,607.000000
Streetman,31.8787,-96.3306,792.000000,607.000000
Thunderbird Bay,31.9087,-99.0207,716.000000,607.000000
Odessa,31.8831,-102.3406,633.000000,606.000000
Timpson,31.9065,-94.3971,837.000000,606.000000
Dawson,31.8941,-96.7151,781.000000,606.000000
Gallatin,31.8968,-95.152,815.000000,606.000000
Mount Enterprise,31.9113,-94.6826,829.000000,606.000000
Canutillo,31.9185,-106.6006,512.000000,606.000000
Meridian,31.9262,-97.6501,755.000000,606.000000
Malone,31.9168,-96.8947,776.000000,606.000000
Dell City,31.9349,-105.1998,552.000000,606.000000
Richland,31.9176,-96.4265,790.000000,605.000000
Tenaha,31.944,-94.2457,841.000000,605.000000
Winters,31.9564,-99.9293,691.000000,605.000000
Whitney,31.952,-97.3192,764.000000,605.000000
Vinton,31.9597,-106.5935,512.000000,604.000000
Westway,31.9603,-106.576,513.000000,604.000000
Joaquin,31.9659,-94.0504,846.000000,604.000000
Jacksonville,31.9642,-95.2617,812.000000,604.000000
Bynum,31.9689,-97.003,773.000000,604.000000
Novice,31.9872,-99.6251,699.000000,604.000000
Hico,31.9859,-98.0291,744.000000,604.000000
Iredell,31.9866,-97.8719,749.000000,604.000000
Anthony,31.9876,-106.5933,512.000000,604.000000
New Summerfield,31.9807,-95.115,816.000000,604.000000
Goldsmith,31.9833,-102.6164,625.000000,603.000000
Hillsboro,32.0091,-97.1151,770.000000,603.000000
Morgan,32.0156,-97.6061,756.000000,603.000000
Angus,31.9976,-96.427,790.000000,603.000000
Navarro,32.0007,-96.3826,791.000000,603.000000
Gary City,32.0277,-94.3679,837.000000,602.000000
Gardendale,32.0105,-102.3587,632.000000,602.000000
Mustang,32.0135,-96.4303,790.000000,602.000000
Eureka,32.012,-96.2855,794.000000,602.000000
Oak Valley,32.0331,-96.5116,787.000000,602.000000
Midland,32.0249,-102.1137,639.000000,602.000000
Cuney,32.0374,-95.4147,808.000000,601.000000
Walnut Springs,32.0562,-97.7507,752.000000,601.000000
Mildred,32.0411,-96.3483,792.000000,601.000000
Retreat,32.0507,-96.4787,788.000000,601.000000
Mertens,32.0588,-96.8937,776.000000,601.000000
Frankston,32.0561,-95.5043,805.000000,601.000000
Dublin,32.0875,-98.3391,736.000000,600.000000
Blackwell,32.0851,-100.3194,679.000000,600.000000
Rising Star,32.0976,-98.9665,718.000000,600.000000
Frost,32.0788,-96.8086,779.000000,600.000000
Poynor,32.0793,-95.5924,803.000000,600.000000
Corsicana,32.0824,-96.4665,789.000000,600.000000
Berryville,32.0876,-95.4667,806.000000,600.000000
De Leon,32.1114,-98.5351,730.000000,600.000000
Blooming Grove,32.0924,-96.7173,781.000000,600.000000
Barry,32.0998,-96.6377,784.000000,599.000000
Cross Plains,32.1271,-99.1658,712.000000,599.000000
Forsan,32.1104,-101.3668,650.000000,599.000000
Shadybrook,32.1108,-95.4212,808.000000,599.000000
Milford,32.1214,-96.9498,775.000000,599.000000
Lawn,32.1366,-99.7499,696.000000,599.000000
Goodlow,32.1091,-96.2152,796.000000,599.000000
Powell,32.1128,-96.3236,793.000000,599.000000
Blum,32.1419,-97.3972,762.000000,598.000000
Carthage,32.1526,-94.3368,838.000000,598.000000
Kerens,32.1308,-96.2251,795.000000,598.000000
Stanton,32.1316,-101.7925,638.000000,598.000000
Coffee City,32.1383,-95.4871,806.000000,598.000000
Troup,32.145,-95.1229,816.000000,598.000000
Bullard,32.1451,-95.3195,810.000000,598.000000
Henderson,32.1576,-94.796,825.000000,598.000000
Itasca,32.1586,-97.1478,769.000000,598.000000
Emerald Bay,32.1602,-95.438,807.000000,597.000000
Emhouse,32.1607,-96.5772,785.000000,597.000000
Trinidad,32.1562,-96.1054,799.000000,597.000000
Covington,32.1781,-97.2605,766.000000,597.000000
Italy,32.1858,-96.8866,777.000000,597.000000
Malakoff,32.1727,-96.0162,801.000000,596.000000
Tuscola,32.2106,-99.7994,694.000000,596.000000
Gorman,32.2136,-98.6721,726.000000,596.000000
Moore Station,32.1905,-95.5704,803.000000,596.000000
Stephenville,32.2148,-98.2205,739.000000,596.000000
Star Harbor,32.1927,-96.0541,800.000000,596.000000
Athens,32.2041,-95.8321,796.000000,595.000000
Whitehouse,32.2222,-95.2217,813.000000,595.000000
Caney City,32.2096,-96.038,801.000000,595.000000
Arp,32.2279,-95.0536,818.000000,595.000000
Rio Vista,32.2351,-97.3744,763.000000,595.000000
Beckville,32.2436,-94.4561,835.000000,595.000000
Glen Rose,32.2462,-97.7441,752.000000,595.000000
Log Cabin,32.2231,-96.0222,801.000000,595.000000
Big Spring,32.2387,-101.4802,647.000000,595.000000
Rice,32.2388,-96.4978,788.000000,595.000000
Noonday,32.2445,-95.397,808.000000,594.000000
Carbon,32.2684,-98.8272,722.000000,594.000000
Grandview,32.2685,-97.1775,768.000000,594.000000
New London,32.2687,-94.9296,822.000000,594.000000
Buffalo Gap,32.2833,-99.8342,693.000000,594.000000
Bardwell,32.2671,-96.6954,782.000000,594.000000
Overton,32.276,-94.9726,820.000000,594.000000
Enchanted Oaks,32.2667,-96.109,799.000000,593.000000
Sand Springs,32.2795,-101.3496,650.000000,593.000000
Alma,32.2813,-96.5506,786.000000,593.000000
Murchison,32.2751,-95.7561,798.000000,593.000000
Tool,32.2803,-96.1725,797.000000,593.000000
Coahoma,32.2956,-101.3089,651.000000,593.000000
New Chapel Hill,32.3012,-95.1674,815.000000,593.000000
McKinney Acres,32.2963,-102.5297,627.000000,593.000000
Payne Springs,32.2872,-96.0889,799.000000,593.000000
Tatum,32.3158,-94.5189,833.000000,592.000000
Brownsboro,32.2985,-95.613,802.000000,592.000000
Maypearl,32.314,-97.0052,773.000000,592.000000
Chandler,32.3065,-95.4781,806.000000,592.000000
Tyler,32.3184,-95.3062,811.000000,592.000000
Potosi,32.3404,-99.6789,698.000000,592.000000
Eustace,32.3075,-96.0139,801.000000,592.000000
Andrews,32.3208,-102.552,627.000000,592.000000
Ennis,32.3255,-96.635,784.000000,592.000000
Seven Points,32.3291,-96.2142,796.000000,591.000000
Gun Barrel City,32.3277,-96.1287,798.000000,591.000000
Lake Colorado City,32.3491,-100.9376,662.000000,591.000000
Coyote Flats,32.3528,-97.2944,765.000000,591.000000
Cleburne,32.357,-97.4152,762.000000,591.000000
Lake Cherokee,32.3569,-94.6513,829.000000,591.000000
Pecan Plantation,32.3628,-97.6554,755.000000,591.000000
Putnam,32.3702,-99.1955,711.000000,591.000000
Westbrook,32.3571,-101.0132,660.000000,591.000000
Cisco,32.3848,-98.9805,717.000000,590.000000
Garrett,32.3681,-96.6543,783.000000,590.000000
Easton,32.382,-94.5912,831.000000,590.000000
Tolar,32.3894,-97.9191,747.000000,590.000000
Callender Lake,32.3675,-95.6983,800.000000,590.000000
Baird,32.396,-99.3962,706.000000,590.000000
Canyon Creek,32.3927,-97.7406,752.000000,590.000000
Mabank,32.3681,-96.114,799.000000,590.000000
Edom,32.3743,-95.6099,802.000000,590.000000
Eastland,32.4024,-98.8176,722.000000,590.000000
Clyde,32.4056,-99.5039,703.000000,590.000000
Keene,32.3955,-97.3226,764.000000,590.000000
Kilgore,32.3979,-94.8603,823.000000,590.000000
Colorado City,32.3994,-100.8582,664.000000,589.000000
Lakeport,32.405,-94.7102,828.000000,589.000000
Alvarado,32.4068,-97.2149,767.000000,589.000000
Loraine,32.4087,-100.7125,668.000000,589.000000
Waxahachie,32.4032,-96.8444,778.000000,589.000000
DeCordova,32.428,-97.6911,754.000000,589.000000
Venus,32.4312,-97.102,771.000000,588.000000
Palmer,32.4259,-96.6724,783.000000,588.000000
Roscoe,32.4419,-100.5322,673.000000,588.000000
Granbury,32.4484,-97.7685,752.000000,588.000000
Tye,32.4522,-99.8665,692.000000,588.000000
Abilene,32.4543,-99.7384,696.000000,588.000000
Godley,32.4513,-97.5322,758.000000,588.000000
Liberty City,32.4502,-94.9438,821.000000,588.000000
Kemp,32.4349,-96.2234,796.000000,588.000000
Joshua,32.458,-97.3849,763.000000,588.000000
Ranger,32.4693,-98.6751,726.000000,588.000000
Merkel,32.4697,-100.0111,688.000000,587.000000
Sweetwater,32.4693,-100.4092,677.000000,587.000000
Bristol,32.455,-96.5672,786.000000,587.000000
Waskom,32.4766,-94.0646,846.000000,587.000000
Brazos Bend,32.4752,-97.7611,752.000000,587.000000
Midlothian,32.4668,-96.9892,774.000000,587.000000
Cottonwood,32.4622,-96.3954,791.000000,587.000000
Rosser,32.4648,-96.4431,789.000000,587.000000
Trent,32.4886,-100.1233,685.000000,587.000000
Oak Trail Shores,32.4885,-97.8357,750.000000,587.000000
Cross Timber,32.4833,-97.326,764.000000,587.000000
Grays Prairie,32.4734,-96.3502,792.000000,587.000000
Impact,32.5002,-99.7466,696.000000,586.000000
Briaroaks,32.4958,-97.3033,765.000000,586.000000
Pecan Hill,32.4906,-96.7815,780.000000,586.000000
Winona,32.4928,-95.173,815.000000,586.000000
Hallsville,32.5027,-94.57,832.000000,586.000000
Hideaway,32.489,-95.4578,807.000000,586.000000
Lindale,32.4934,-95.4069,808.000000,586.000000
Lipan,32.5187,-98.0471,744.000000,586.000000
Burleson,32.517,-97.3343,764.000000,586.000000
Longview,32.5193,-94.7621,826.000000,585.000000
Oak Leaf,32.5138,-96.8563,778.000000,585.000000
Cresson,32.5299,-97.6155,756.000000,585.000000
Mingus,32.5363,-98.4249,733.000000,585.000000
Scottsville,32.5319,-94.2465,841.000000,585.000000
Scurry,32.5127,-96.385,791.000000,585.000000
Red Oak,32.5207,-96.7864,780.000000,585.000000
Marshall,32.537,-94.3515,838.000000,585.000000
White Oak,32.5313,-94.8564,824.000000,585.000000
Gordon,32.5455,-98.3672,735.000000,585.000000
Clarksville City,32.5329,-94.8946,822.000000,585.000000
Moran,32.5471,-99.1663,712.000000,585.000000
Van,32.5242,-95.6373,801.000000,585.000000
Strawn,32.5509,-98.4978,731.000000,585.000000
Ovilla,32.5352,-96.8895,777.000000,585.000000
Ackerly,32.5251,-101.7158,640.000000,585.000000
Gladewater,32.5426,-94.9465,821.000000,585.000000
Ferris,32.5369,-96.6738,783.000000,585.000000
Oak Grove,32.5327,-96.3186,793.000000,584.000000
Warren City,32.553,-94.9056,822.000000,584.000000
Glenn Heights,32.5506,-96.8548,778.000000,584.000000
Horseshoe Bend,32.5752,-97.8782,749.000000,584.000000
Mansfield,32.569,-97.1211,770.000000,584.000000
Canton,32.5543,-95.864,795.000000,584.000000
Crowley,32.5781,-97.3585,763.000000,584.000000
Rendon,32.5789,-97.235,767.000000,583.000000
Union Grove,32.5798,-94.9095,822.000000,583.000000
Nesbitt,32.5886,-94.4469,835.000000,583.000000
Cedar Hill,32.581,-96.9591,775.000000,583.000000
Big Sandy,32.586,-95.1127,816.000000,583.000000
Kaufman,32.5769,-96.316,793.000000,583.000000
Hawley,32.6037,-99.8111,694.000000,583.000000
Hawkins,32.5917,-95.2027,814.000000,583.000000
Lancaster,32.5922,-96.7737,780.000000,583.000000
East Mountain,32.6008,-94.8528,824.000000,583.000000
Combine,32.5912,-96.5183,787.000000,583.000000
DeSoto,32.5992,-96.8633,777.000000,583.000000
Wilmer,32.5982,-96.6816,783.000000,583.000000
Western Lake,32.6215,-97.816,750.000000,582.000000
Everman,32.6296,-97.2827,765.000000,582.000000
Hermleigh,32.6365,-100.7523,667.000000,582.000000
Myrtle Springs,32.6151,-95.9329,793.000000,581.000000
Crandall,32.6279,-96.4535,789.000000,581.000000
Kennedale,32.6434,-97.2173,767.000000,581.000000
Post Oak Bend City,32.6343,-96.3186,793.000000,581.000000
Hutchins,32.6421,-96.7093,782.000000,581.000000
Duncanville,32.646,-96.9127,776.000000,581.000000
Edgecliff Village,32.6561,-97.3406,764.000000,581.000000
Mineola,32.6461,-95.4775,806.000000,581.000000
Forest Hill,32.6619,-97.2662,766.000000,581.000000
Seagoville,32.653,-96.5455,786.000000,581.000000
Oak Ridge,32.6489,-96.2598,795.000000,580.000000
Annetta South,32.6742,-97.6481,755.000000,580.000000
Benbrook,32.6787,-97.4638,760.000000,580.000000
Annetta,32.6938,-97.6581,755.000000,580.000000
Grand Prairie,32.6872,-97.0209,773.000000,580.000000
Aledo,32.6973,-97.607,756.000000,580.000000
Grand Saline,32.6776,-95.7114,799.000000,580.000000
Dalworthington Gardens,32.6936,-97.1565,769.000000,580.000000
Uncertain,32.7064,-94.1269,844.000000,579.000000
Arlington,32.6998,-97.125,770.000000,579.000000
Fruitvale,32.6834,-95.8036,797.000000,579.000000
Talty,32.6945,-96.4007,791.000000,579.000000
Annetta North,32.7193,-97.6723,754.000000,579.000000
Albany,32.7272,-99.2956,708.000000,579.000000
Edgewood,32.6947,-95.8833,794.000000,579.000000
Snyder,32.7133,-100.9113,663.000000,579.000000
Pantego,32.7147,-97.154,769.000000,579.000000
Holly Lake Ranch,32.7125,-95.2003,814.000000,579.000000
Balch Springs,32.7194,-96.6151,784.000000,578.000000
Seminole,32.7208,-102.6503,624.000000,578.000000
Wills Point,32.7093,-96.0052,802.000000,578.000000
Gilmer,32.7317,-94.946,821.000000,578.000000
Los Ybanez,32.7188,-101.9174,634.000000,578.000000
Millsap,32.7493,-98.0117,745.000000,578.000000
Roby,32.746,-100.3794,678.000000,578.000000
Westover Hills,32.7436,-97.4123,762.000000,578.000000
Cockrell Hill,32.7382,-96.8886,777.000000,578.000000
Breckenridge,32.7566,-98.9125,719.000000,578.000000
Hudson Oaks,32.7508,-97.6999,754.000000,578.000000
Anson,32.755,-99.8962,691.000000,578.000000
Weatherford,32.7536,-97.7723,752.000000,578.000000
Willow Park,32.7548,-97.6499,755.000000,578.000000
Terrell,32.7341,-96.2939,794.000000,578.000000
Elmo,32.7315,-96.159,797.000000,578.000000
White Settlement,32.7554,-97.4605,760.000000,578.000000
Lamesa,32.7333,-101.9542,633.000000,577.000000
Westworth Village,32.7599,-97.4239,762.000000,577.000000
Forney,32.744,-96.4529,789.000000,577.000000
Jefferson,32.7634,-94.3512,838.000000,577.000000
Palo Pinto,32.7692,-98.3007,737.000000,577.000000
Pine Harbor,32.7723,-94.4992,834.000000,577.000000
Mesquite,32.7623,-96.5889,785.000000,577.000000
River Oaks,32.7767,-97.3984,762.000000,577.000000
Gail,32.767,-101.4465,647.000000,577.000000
Fort Worth,32.7811,-97.3473,764.000000,577.000000
Lueders,32.8004,-99.6232,699.000000,576.000000
Cool,32.8001,-98.0113,745.000000,576.000000
Ore City,32.8008,-94.7182,827.000000,576.000000
Sansom Park,32.8028,-97.4021,762.000000,576.000000
Dallas,32.7936,-96.7662,780.000000,576.000000
Alba,32.7906,-95.6343,801.000000,576.000000
Quitman,32.7951,-95.4442,807.000000,576.000000
Mineral Wells,32.8169,-98.0776,743.000000,576.000000
Sunnyvale,32.7974,-96.5577,786.000000,576.000000
Richland Hills,32.8095,-97.2273,767.000000,576.000000
Lake Worth,32.813,-97.4306,761.000000,576.000000
Travis Ranch,32.8038,-96.4759,788.000000,575.000000
Haltom City,32.8176,-97.2707,766.000000,575.000000
Lakeside,32.8219,-97.4869,760.000000,575.000000
Hurst,32.8353,-97.1808,768.000000,575.000000
Highland Park,32.8311,-96.8012,779.000000,575.000000
Bedford,32.8464,-97.135,770.000000,574.000000
Rotan,32.854,-100.4655,675.000000,574.000000
Blue Mound,32.8543,-97.3383,764.000000,574.000000
Euless,32.8508,-97.0799,771.000000,574.000000
Heath,32.8444,-96.4679,789.000000,574.000000
University Park,32.8506,-96.7937,779.000000,574.000000
North Richland Hills,32.8605,-97.218,767.000000,574.000000
Irving,32.8584,-96.9702,774.000000,574.000000
Saginaw,32.8657,-97.3654,763.000000,574.000000
McLendon-Chisholm,32.8512,-96.3924,791.000000,574.000000
Watauga,32.8718,-97.2515,766.000000,574.000000
Hamlin,32.8898,-100.1329,685.000000,573.000000
Azle,32.8955,-97.5379,758.000000,573.000000
Colleyville,32.8913,-97.1486,769.000000,573.000000
Emory,32.8765,-95.7677,798.000000,573.000000
Avinger,32.8981,-94.5531,832.000000,573.000000
Hawk Cove,32.8839,-96.0833,800.000000,572.000000
Sanctuary,32.9132,-97.5877,757.000000,572.000000
Pelican Bay,32.9227,-97.5189,759.000000,572.000000
Garland,32.91,-96.6305,784.000000,572.000000
West Tawakoni,32.8976,-96.0217,801.000000,572.000000
East Tawakoni,32.9011,-95.9397,793.000000,572.000000
Graford,32.9374,-98.2476,738.000000,572.000000
Rowlett,32.9157,-96.5488,786.000000,572.000000
Loop,32.9142,-102.4147,631.000000,572.000000
Quinlan,32.909,-96.1312,798.000000,572.000000
Rockwall,32.9169,-96.4377,789.000000,572.000000
Farmers Branch,32.9272,-96.8804,777.000000,571.000000
Keller,32.9337,-97.2255,767.000000,571.000000
Grapevine,32.9343,-97.0744,771.000000,571.000000
Mobile City,32.9228,-96.4111,790.000000,571.000000
Lone Star,32.9392,-94.7091,828.000000,571.000000
Yantis,32.9305,-95.5761,803.000000,571.000000
Union Valley,32.9324,-96.2471,795.000000,571.000000
Point,32.9301,-95.8689,795.000000,571.000000
Welch,32.9306,-102.1256,639.000000,571.000000
Seagraves,32.9419,-102.5657,627.000000,571.000000
Southlake,32.9545,-97.1503,769.000000,571.000000
Fate,32.9429,-96.3858,791.000000,571.000000
Haslet,32.9609,-97.3382,764.000000,571.000000
Springtown,32.9693,-97.6803,754.000000,570.000000
Winnsboro,32.9557,-95.2909,811.000000,570.000000
Addison,32.959,-96.8355,778.000000,570.000000
Pecan Acres,32.9703,-97.4727,760.000000,570.000000
Coppell,32.9638,-96.9905,774.000000,570.000000
Denver City,32.968,-102.8318,619.000000,570.000000
Richardson,32.9717,-96.7093,782.000000,570.000000
Westlake,32.981,-97.2038,768.000000,570.000000
Sachse,32.9726,-96.5793,785.000000,570.000000
Briar,32.9884,-97.5528,758.000000,570.000000
O'Donnell,32.9652,-101.8309,637.000000,570.000000
Royse City,32.9762,-96.3175,793.000000,569.000000
Carrollton,32.989,-96.8999,776.000000,569.000000
Hughes Springs,32.9987,-94.631,830.000000,569.000000
Newark,33.0049,-97.4856,760.000000,569.000000
Woodson,33.0149,-99.0534,715.000000,569.000000
Pittsburg,32.9997,-94.9668,820.000000,569.000000
Trophy Club,33.0038,-97.1897,768.000000,569.000000
Stamford,33.0156,-99.6716,698.000000,569.000000
Linden,33.011,-94.3626,838.000000,569.000000
Roanoke,33.0148,-97.2268,767.000000,569.000000
Lone Oak,32.9961,-95.9406,793.000000,569.000000
Perrin,33.0348,-98.0693,743.000000,568.000000
Murphy,33.0186,-96.6105,785.000000,568.000000
Daingerfield,33.0306,-94.725,827.000000,568.000000
Rocky Mound,33.0287,-95.0291,819.000000,568.000000
Flower Mound,33.0344,-97.1146,770.000000,568.000000
Lavon,33.0245,-96.4397,789.000000,568.000000
Wylie,33.0362,-96.5161,787.000000,568.000000
Lewisville,33.0452,-96.9823,774.000000,568.000000
Hebron,33.0437,-96.8794,777.000000,568.000000
Aurora,33.056,-97.5096,759.000000,567.000000
St. Paul,33.0437,-96.5504,786.000000,567.000000
Plano,33.0502,-96.7487,781.000000,567.000000
Wellman,33.047,-102.4274,630.000000,567.000000
Nevada,33.0463,-96.3811,791.000000,567.000000
Rhome,33.0647,-97.4779,760.000000,567.000000
Double Oak,33.0633,-97.1117,770.000000,567.000000
Parker,33.057,-96.6248,784.000000,567.000000
Caddo Mills,33.0504,-96.2279,795.000000,567.000000
Como,33.0601,-95.4757,806.000000,567.000000
Josephine,33.0618,-96.3186,793.000000,567.000000
Northlake,33.0802,-97.2545,766.000000,567.000000
Boyd,33.0843,-97.5632,758.000000,566.000000
Bartonville,33.0795,-97.1506,769.000000,566.000000
Justin,33.0862,-97.3009,765.000000,566.000000
Graham,33.1017,-98.5778,729.000000,566.000000
Highland Village,33.0897,-97.0615,772.000000,566.000000
Lantana,33.092,-97.1216,770.000000,566.000000
The Colony,33.0925,-96.8977,776.000000,566.000000
Copper Canyon,33.0961,-97.0975,771.000000,566.000000
Corral City,33.0985,-97.2304,767.000000,566.000000
Lucas,33.0942,-96.5803,785.000000,566.000000
Atlanta,33.1136,-94.1672,843.000000,566.000000
New Fairview,33.1122,-97.4489,761.000000,566.000000
Argyle,33.1105,-97.1864,768.000000,565.000000
Hickory Creek,33.1114,-97.0313,773.000000,565.000000
Allen,33.1088,-96.6735,783.000000,565.000000
Bloomburg,33.1378,-94.0591,846.000000,565.000000
Lake Dallas,33.1277,-97.0234,773.000000,565.000000
DISH,33.133,-97.3014,765.000000,565.000000
Greenville,33.1116,-96.1098,799.000000,565.000000
Aspermont,33.1405,-100.2253,682.000000,565.000000
Lakewood Village,33.1377,-96.9751,774.000000,564.000000
Queen City,33.1507,-94.1524,843.000000,564.000000
Paradise,33.1504,-97.6887,754.000000,564.000000
Corinth,33.1435,-97.0681,772.000000,564.000000
Haskell,33.1597,-99.732,696.000000,564.000000
Fairview,33.1399,-96.6116,785.000000,564.000000
Bryson,33.1636,-98.3891,734.000000,564.000000
Hackberry,33.1501,-96.9184,776.000000,564.000000
Cumby,33.1354,-95.8399,796.000000,564.000000
Sulphur Springs,33.1421,-95.6124,802.000000,564.000000
Miller's Cove,33.156,-95.1147,816.000000,564.000000
Frisco,33.1555,-96.8215,779.000000,564.000000
Mount Pleasant,33.1613,-94.9717,820.000000,564.000000
Shady Shores,33.1627,-97.0394,772.000000,564.000000
Throckmorton,33.182,-99.1798,712.000000,563.000000
Runaway Bay,33.1773,-97.871,749.000000,563.000000
Marietta,33.1736,-94.5425,832.000000,563.000000
Campbell,33.1483,-95.9532,792.000000,563.000000
Winfield,33.1658,-95.1105,816.000000,563.000000
Rule,33.182,-99.8933,691.000000,563.000000
Farmersville,33.1609,-96.3608,792.000000,563.000000
Ponder,33.1775,-97.291,765.000000,563.000000
Omaha,33.182,-94.7402,827.000000,563.000000
Lowry Crossing,33.171,-96.5444,786.000000,563.000000
Newcastle,33.1951,-98.7436,724.000000,563.000000
Tahoka,33.164,-101.7951,638.000000,563.000000
Mount Vernon,33.176,-95.2253,813.000000,563.000000
Oak Point,33.1803,-96.9911,774.000000,563.000000
Douglassville,33.1917,-94.3519,838.000000,563.000000
Princeton,33.1778,-96.5044,788.000000,563.000000
Little Elm,33.1856,-96.929,776.000000,563.000000
Brownfield,33.1757,-102.273,635.000000,563.000000
Plains,33.1896,-102.8272,619.000000,563.000000
Lake Bridgeport,33.2074,-97.8311,750.000000,562.000000
Post,33.1911,-101.3814,649.000000,562.000000
Naples,33.203,-94.6776,829.000000,562.000000
Bridgeport,33.21,-97.7708,752.000000,562.000000
McKinney,33.2015,-96.6669,783.000000,562.000000
Paloma Creek South,33.21,-96.9327,775.000000,562.000000
Jacksboro,33.2256,-98.1594,741.000000,562.000000
Denton,33.2176,-97.1419,770.000000,562.000000
Decatur,33.2262,-97.5876,757.000000,562.000000
New Hope,33.2115,-96.5636,786.000000,562.000000
Neylandville,33.2003,-96.0059,802.000000,562.000000
Lincoln Park,33.224,-96.9727,774.000000,561.000000
Paloma Creek,33.2253,-96.9371,775.000000,561.000000
Savannah,33.2257,-96.9082,776.000000,561.000000
Cross Roads,33.229,-96.9985,774.000000,561.000000
Providence Village,33.2363,-96.9611,775.000000,561.000000
Domino,33.2495,-94.1163,844.000000,561.000000
Prosper,33.2394,-96.8087,779.000000,561.000000
Jayton,33.2502,-100.5748,672.000000,561.000000
Elbert,33.2748,-99.0021,717.000000,560.000000
Commerce,33.2421,-95.8991,794.000000,560.000000
Krum,33.2652,-97.2256,767.000000,560.000000
Krugerville,33.279,-96.9881,774.000000,560.000000
Chico,33.2961,-97.7986,751.000000,559.000000
Aubrey,33.2872,-96.9622,775.000000,559.000000
Melissa,33.2891,-96.5573,786.000000,559.000000
Rochester,33.3142,-99.8565,693.000000,559.000000
Celeste,33.2897,-96.1945,796.000000,559.000000
Blue Ridge,33.298,-96.3994,791.000000,559.000000
Weinert,33.3234,-99.6736,698.000000,559.000000
Maud,33.3299,-94.3461,838.000000,558.000000
Celina,33.3188,-96.7865,780.000000,558.000000
Tira,33.3222,-95.5606,803.000000,558.000000
Wilson,33.3192,-101.7274,639.000000,558.000000
Weston,33.33,-96.6676,783.000000,558.000000
New Home,33.3269,-101.9117,634.000000,557.000000
Alvord,33.3569,-97.696,754.000000,557.000000
Olney,33.3643,-98.7584,724.000000,557.000000
Redwater,33.3586,-94.2551,841.000000,557.000000
Meadow,33.3377,-102.2058,637.000000,557.000000
Anna,33.347,-96.5503,786.000000,557.000000
Girard,33.3636,-100.6598,670.000000,557.000000
Talco,33.3628,-95.1034,816.000000,557.000000
O'Brien,33.3801,-99.8438,693.000000,557.000000
Sanger,33.3716,-97.1677,769.000000,557.000000
Westminster,33.3649,-96.4598,789.000000,556.000000
Cooper,33.3716,-95.6912,800.000000,556.000000
Wolfe City,33.3687,-96.072,800.000000,556.000000
Pilot Point,33.3955,-96.9501,775.000000,556.000000
Leonard,33.383,-96.2467,795.000000,556.000000
Knox City,33.4176,-99.8157,694.000000,555.000000
Wake Village,33.424,-94.1188,844.000000,555.000000
Van Alstyne,33.4203,-96.5834,785.000000,555.000000
Ropesville,33.4132,-102.1552,638.000000,555.000000
Nash,33.4422,-94.1283,844.000000,554.000000
Munday,33.4471,-99.624,699.000000,554.000000
Texarkana,33.4487,-94.0815,845.000000,554.000000
Megargel,33.4535,-98.9298,719.000000,554.000000
Sunset,33.4479,-97.7663,752.000000,554.000000
Trenton,33.4273,-96.3409,792.000000,554.000000
Ladonia,33.4283,-95.9482,792.000000,554.000000
Bailey,33.4335,-96.1649,797.000000,554.000000
Goree,33.468,-99.5236,702.000000,554.000000
New Boston,33.4612,-94.4182,836.000000,554.000000
Slaton,33.4421,-101.6476,642.000000,554.000000
Pecan Gap,33.4382,-95.8519,795.000000,554.000000
Leary,33.469,-94.2191,842.000000,554.000000
Hooks,33.4707,-94.2841,840.000000,553.000000
Red Lick,33.4767,-94.1688,843.000000,553.000000
Sundown,33.4575,-102.4908,629.000000,553.000000
Spur,33.4701,-100.8556,664.000000,553.000000
Gunter,33.4646,-96.7646,780.000000,553.000000
Tioga,33.4718,-96.9187,776.000000,553.000000
Bogata,33.4698,-95.2135,813.000000,553.000000
Valley View,33.4892,-97.1534,769.000000,553.000000
De Kalb,33.5076,-94.6167,830.000000,552.000000
Howe,33.5066,-96.6155,784.000000,552.000000
Whitewright,33.5108,-96.3955,791.000000,551.000000
Tom Bean,33.5201,-96.4843,788.000000,551.000000
Deport,33.5291,-95.3174,810.000000,551.000000
Wolfforth,33.5148,-102.0066,642.000000,551.000000
Dorchester,33.5331,-96.696,782.000000,551.000000
Ransom Canyon,33.5303,-101.6838,641.000000,551.000000
Bowie,33.5566,-97.844,750.000000,551.000000
Buffalo Springs,33.5327,-101.7077,640.000000,551.000000
Avery,33.5522,-94.7803,826.000000,551.000000
Roxton,33.5453,-95.7247,799.000000,550.000000
Collinsville,33.5593,-96.9072,776.000000,550.000000
Windthorst,33.576,-98.4348,733.000000,550.000000
Benjamin,33.5837,-99.7929,694.000000,550.000000
Lake Kiowa,33.5703,-97.0129,773.000000,550.000000
Archer City,33.5937,-98.6257,727.000000,550.000000
Seymour,33.5955,-99.258,710.000000,549.000000
Annona,33.5818,-94.913,822.000000,549.000000
Lubbock,33.5659,-101.8878,635.000000,549.000000
Windom,33.5647,-95.9985,791.000000,549.000000
Levelland,33.5806,-102.3636,632.000000,549.000000
Ector,33.5793,-96.2731,794.000000,549.000000
Dodd City,33.5757,-96.0755,800.000000,549.000000
Bonham,33.588,-96.1901,797.000000,549.000000
Smyer,33.5874,-102.1635,638.000000,549.000000
Honey Grove,33.5866,-95.909,794.000000,549.000000
Opdyke West,33.5927,-102.3006,634.000000,549.000000
Whiteface,33.5995,-102.6134,625.000000,549.000000
Savoy,33.5999,-96.3662,792.000000,548.000000
Clarksville,33.611,-95.0561,818.000000,548.000000
Guthrie,33.6216,-100.329,679.000000,548.000000
Dickens,33.6213,-100.8368,665.000000,548.000000
Bellevue,33.6335,-98.0162,745.000000,548.000000
Bells,33.6166,-96.4126,790.000000,548.000000
Southmayd,33.6233,-96.7286,781.000000,548.000000
Sherman,33.6274,-96.6218,784.000000,548.000000
Scotland,33.6499,-98.4677,732.000000,548.000000
Gainesville,33.6391,-97.1488,769.000000,548.000000
Lindsay,33.6415,-97.2186,767.000000,547.000000
Crosbyton,33.6413,-101.2377,653.000000,547.000000
Muenster,33.6586,-97.3874,763.000000,547.000000
Montague,33.6652,-97.7209,753.000000,547.000000
Whitesboro,33.6612,-96.9022,776.000000,547.000000
Detroit,33.6602,-95.2664,812.000000,547.000000
Toco,33.6539,-95.6492,801.000000,547.000000
Blossom,33.6633,-95.3837,808.000000,546.000000
Reno,33.6659,-95.4768,806.000000,546.000000
Idalou,33.6624,-101.6838,641.000000,546.000000
Sun Valley,33.6704,-95.4286,807.000000,546.000000
Paris,33.6688,-95.546,804.000000,546.000000
Lorenzo,33.6703,-101.5361,645.000000,546.000000
Sadler,33.6821,-96.8487,778.000000,546.000000
Ravenna,33.6705,-96.2409,795.000000,546.000000
Ralls,33.6788,-101.3845,649.000000,546.000000
St. Jo,33.695,-97.5231,759.000000,546.000000
Knollwood,33.6893,-96.6185,784.000000,546.000000
Callisburg,33.6987,-97.0159,773.000000,545.000000
Shallowater,33.6901,-101.9893,632.000000,545.000000
Morton,33.7248,-102.7593,621.000000,544.000000
New Deal,33.7322,-101.8436,636.000000,544.000000
Nocona,33.7835,-97.7302,753.000000,543.000000
Denison,33.7672,-96.5807,786.000000,543.000000
Pottsboro,33.7708,-96.6714,783.000000,543.000000
Holliday,33.8142,-98.6899,726.000000,542.000000
Henrietta,33.8147,-98.1925,740.000000,542.000000
Lakeside City,33.8292,-98.5404,730.000000,542.000000
Powderly,33.8091,-95.5049,805.000000,541.000000
Anton,33.8113,-102.1622,638.000000,541.000000
Nocona Hills,33.8524,-97.6435,755.000000,541.000000
Sherwood Shores,33.8478,-96.8147,779.000000,540.000000
Abernathy,33.8389,-101.823,637.000000,540.000000
Jolly,33.8827,-98.3475,735.000000,540.000000
Preston,33.8671,-96.6596,783.000000,540.000000
Petersburg,33.871,-101.5974,643.000000,539.000000
Wichita Falls,33.9072,-98.5291,730.000000,539.000000
Roaring Springs,33.8992,-100.8561,664.000000,539.000000
Dean,33.9299,-98.3676,735.000000,538.000000
Pleasant Valley,33.9374,-98.5981,728.000000,538.000000
Littlefield,33.9191,-102.3349,633.000000,538.000000
Spade,33.926,-102.1542,638.000000,537.000000
Iowa Park,33.9622,-98.6819,726.000000,537.000000
Crowell,33.9839,-99.7241,696.000000,536.000000
Floydada,33.9835,-101.3367,650.000000,536.000000
Petrolia,34.0132,-98.2312,739.000000,535.000000
Paducah,34.0144,-100.3038,680.000000,535.000000
Matador,34.015,-100.8211,665.000000,535.000000
Electra,34.0325,-98.92,719.000000,535.000000
Cashion Community,34.0365,-98.5081,731.000000,535.000000
Amherst,34.012,-102.4148,631.000000,534.000000
Byers,34.0696,-98.1913,740.000000,533.000000
Burkburnett,34.0746,-98.5672,729.000000,533.000000
Sudan,34.0663,-102.5242,628.000000,533.000000
Hale Center,34.0662,-101.8462,636.000000,532.000000
Lockney,34.1231,-101.4424,647.000000,531.000000
Vernon,34.148,-99.3,708.000000,531.000000
Olton,34.1802,-102.137,639.000000,529.000000
Plainview,34.1911,-101.7234,639.000000,528.000000
Seth Ward,34.2163,-101.6945,640.000000,527.000000
Muleshoe,34.2292,-102.7284,622.000000,527.000000
Chillicothe,34.256,-99.5144,702.000000,527.000000
Earth,34.2338,-102.4091,631.000000,527.000000
Springlake,34.2316,-102.3057,634.000000,527.000000
Quanah,34.2954,-99.7429,696.000000,526.000000
Edmonson,34.2791,-101.8966,635.000000,525.000000
Quitaque,34.3674,-101.0555,658.000000,523.000000
Kress,34.3658,-101.7484,639.000000,522.000000
Farwell,34.3855,-103.0373,613.000000,522.000000
Turkey,34.3939,-100.8953,663.000000,522.000000
Hart,34.3857,-102.115,639.000000,522.000000
Childress,34.4293,-100.2516,681.000000,521.000000
Silverton,34.4714,-101.3041,651.000000,519.000000
Bovina,34.5157,-102.8846,618.000000,518.000000
Estelline,34.547,-100.44,676.000000,517.000000
Dimmitt,34.5324,-102.3111,634.000000,517.000000
Tulia,34.5374,-101.7742,638.000000,517.000000
Nazareth,34.5416,-102.1021,640.000000,516.000000
Friona,34.6394,-102.7232,622.000000,513.000000
Memphis,34.7268,-100.5417,673.000000,511.000000
Dodson,34.7654,-100.0204,688.000000,510.000000
Happy,34.7416,-101.8572,636.000000,510.000000
Hereford,34.8232,-102.4001,631.000000,507.000000
Wellington,34.8538,-100.2141,682.000000,507.000000
Hedley,34.8674,-100.6592,670.000000,506.000000
Quail,34.9151,-100.3919,677.000000,505.000000
Clarendon,34.9366,-100.8918,663.000000,504.000000
Canyon,34.9877,-101.9178,634.000000,501.000000
Howardwick,35.0347,-100.9077,663.000000,500.000000
Samnorwood,35.0503,-100.2812,680.000000,500.000000
Timbercreek Canyon,35.0539,-101.8186,637.000000,499.000000
Lake Tanglewood,35.057,-101.7816,638.000000,499.000000
Palisades,35.0614,-101.8032,637.000000,499.000000
Claude,35.1075,-101.3628,650.000000,498.000000
Shamrock,35.2153,-100.2461,681.000000,494.000000
Groom,35.205,-101.1071,657.000000,494.000000
Amarillo,35.1988,-101.8311,636.000000,494.000000
McLean,35.2323,-100.6001,671.000000,494.000000
Vega,35.2456,-102.4262,631.000000,493.000000
Adrian,35.2742,-102.6671,624.000000,492.000000
Bishop Hills,35.2614,-101.9519,633.000000,492.000000
Panhandle,35.346,-101.3804,649.000000,489.000000
Wheeler,35.4411,-100.2752,681.000000,487.000000
White Deer,35.4332,-101.1751,655.000000,487.000000
Lefors,35.4396,-100.804,666.000000,487.000000
Mobeetie,35.5292,-100.4393,676.000000,484.000000
Pampa,35.5479,-100.9651,661.000000,483.000000
Boys Ranch,35.5331,-102.2536,636.000000,483.000000
Skellytown,35.5704,-101.1728,655.000000,482.000000
Fritch,35.6431,-101.5964,643.000000,479.000000
Borger,35.6598,-101.4012,649.000000,479.000000
Lake Meredith Estates,35.6639,-101.6027,643.000000,479.000000
Miami,35.6923,-100.6416,670.000000,478.000000
Channing,35.6819,-102.3323,633.000000,478.000000
Sanford,35.7027,-101.5318,645.000000,477.000000
Stinnett,35.8231,-101.4436,647.000000,473.000000
Dumas,35.8613,-101.9642,633.000000,472.000000
Canadian,35.9096,-100.3838,678.000000,471.000000
Hartley,35.8914,-102.3934,632.000000,471.000000
Sunray,36.0182,-101.8245,637.000000,466.000000
Cactus,36.0444,-102.008,643.000000,465.000000
Dalhart,36.0579,-102.5123,628.000000,465.000000
Morse,36.066,-101.4769,646.000000,465.000000
Higgins,36.121,-100.0274,688.000000,464.000000
Spearman,36.1983,-101.1944,654.000000,461.000000
Lipscomb,36.2215,-100.2621,681.000000,460.000000
Gruver,36.2562,-101.4122,648.000000,459.000000
Stratford,36.3376,-102.076,641.000000,455.000000
Texline,36.3765,-103.0189,614.000000,455.000000
Perryton,36.393,-100.7976,666.000000,454.000000
Follett,36.434,-100.1408,684.000000,453.000000
Darrouzett,36.4449,-100.3258,679.000000,453.000000
Booker,36.4561,-100.5402,673.000000,452.000000
Texhoma,36.4937,-101.7937,637.000000,450.000000
