Virgilina,36.5463,-78.7755,1258.000000,449.000000
Sandy Level,36.5645,-79.7276,1231.000000,449.000000
Cana,36.5816,-80.6688,1204.000000,448.000000
Ridgeway,36.5781,-79.8583,1227.000000,448.000000
Branchville,36.57,-77.2501,1290.000000,448.000000
Gasburg,36.5588,-77.8722,1273.000000,448.000000
Danville,36.5831,-79.4087,1240.000000,448.000000
Boykins,36.5779,-77.1989,1292.000000,448.000000
Southampton Meadows,36.5916,-76.9293,1299.000000,448.000000
Bracey,36.5762,-78.1107,1277.000000,447.000000
Ebony,36.5759,-77.984,1269.000000,447.000000
Bristol,36.618,-82.1606,1162.000000,447.000000
Independence,36.6254,-81.1511,1191.000000,447.000000
Cluster Springs,36.6128,-78.9221,1254.000000,447.000000
Weber City,36.6236,-82.5631,1150.000000,447.000000
Damascus,36.6326,-81.7891,1172.000000,447.000000
Horse Pasture,36.6313,-79.9514,1225.000000,447.000000
Patrick Springs,36.6344,-80.1985,1218.000000,447.000000
Clarksville,36.6172,-78.5639,1264.000000,446.000000
Stuart,36.6404,-80.2687,1216.000000,446.000000
Newsoms,36.6262,-77.1248,1294.000000,446.000000
Gate City,36.6401,-82.5782,1150.000000,446.000000
Ewing,36.6381,-83.4291,1126.000000,446.000000
Galax,36.6661,-80.9176,1197.000000,446.000000
Fancy Gap,36.6771,-80.6997,1203.000000,445.000000
Chatmoss,36.6758,-79.7981,1229.000000,445.000000
Mount Hermon,36.6716,-79.4196,1240.000000,445.000000
Chesapeake,36.6778,-76.3024,1317.000000,445.000000
Martinsville,36.6827,-79.8636,1227.000000,445.000000
Clinchport,36.6781,-82.7451,1145.000000,445.000000
Laurel Park,36.6871,-79.7872,1229.000000,445.000000
Boydton,36.666,-78.3908,1269.000000,445.000000
Riverdale,36.6764,-78.8944,1255.000000,445.000000
Camptown,36.6833,-76.8964,1300.000000,444.000000
Franklin,36.6831,-76.9386,1299.000000,444.000000
Troutdale,36.7022,-81.4413,1182.000000,444.000000
Villa Heights,36.6981,-79.8994,1226.000000,444.000000
Fieldale,36.7009,-79.9424,1225.000000,444.000000
Jonesville,36.6871,-83.1154,1135.000000,444.000000
Suffolk,36.6953,-76.6398,1308.000000,444.000000
Blairs,36.6958,-79.3774,1241.000000,444.000000
Abingdon,36.7089,-81.9713,1167.000000,444.000000
Fries,36.714,-80.9752,1196.000000,444.000000
Baskerville,36.6844,-78.2732,1272.000000,444.000000
Emporia,36.6953,-77.5356,1282.000000,444.000000
Carrsville,36.7088,-76.8371,1302.000000,444.000000
Collinsville,36.7215,-79.9121,1226.000000,443.000000
Capron,36.7093,-77.2013,1292.000000,443.000000
Courtland,36.7123,-77.062,1296.000000,443.000000
South Boston,36.7132,-78.9135,1254.000000,443.000000
Duffield,36.7197,-82.7962,1144.000000,443.000000
La Crosse,36.7014,-78.0939,1277.000000,443.000000
Virginia Beach,36.7335,-76.0435,1325.000000,443.000000
Union Level,36.7071,-78.2319,1273.000000,443.000000
Brodnax,36.7033,-78.0318,1279.000000,443.000000
Stanleytown,36.7512,-79.9521,1225.000000,443.000000
South Hill,36.7254,-78.1287,1276.000000,442.000000
Nickelsville,36.7517,-82.416,1155.000000,442.000000
Hillsville,36.7613,-80.7372,1202.000000,442.000000
Bassett,36.7615,-79.9866,1224.000000,442.000000
Meadow View,36.7638,-81.8728,1170.000000,442.000000
Sugar Grove,36.7689,-81.4075,1183.000000,442.000000
Mountain Road,36.7585,-78.989,1252.000000,442.000000
Pennington Gap,36.7594,-83.03,1137.000000,442.000000
Halifax,36.7612,-78.9279,1254.000000,442.000000
Scottsburg,36.7588,-78.7914,1258.000000,442.000000
Emory,36.78,-81.828,1171.000000,442.000000
Lawrenceville,36.7564,-77.8539,1273.000000,441.000000
Sedley,36.7753,-76.9862,1298.000000,441.000000
Dryden,36.7764,-82.9433,1140.000000,441.000000
Glade Spring,36.7899,-81.7726,1173.000000,441.000000
Adwolf,36.793,-81.5927,1178.000000,441.000000
Oak Level,36.7944,-79.9392,1225.000000,441.000000
Chilhowie,36.8009,-81.6832,1175.000000,441.000000
Seven Mile Ford,36.8129,-81.6294,1177.000000,441.000000
McMullin,36.8179,-81.5775,1178.000000,440.000000
Windsor,36.8095,-76.7406,1305.000000,440.000000
St. Charles,36.8052,-83.0575,1136.000000,440.000000
Chase City,36.7998,-78.461,1267.000000,440.000000
Chatham,36.8185,-79.3967,1240.000000,440.000000
Dungannon,36.8285,-82.4681,1153.000000,440.000000
Marion,36.8389,-81.5135,1180.000000,440.000000
Jarratt,36.816,-77.4689,1284.000000,440.000000
Ivanhoe,36.8428,-80.9683,1196.000000,440.000000
Thynedale,36.8182,-78.4774,1266.000000,439.000000
Portsmouth,36.8468,-76.354,1316.000000,439.000000
Fairview,36.8292,-78.4653,1267.000000,439.000000
Clover,36.839,-78.7284,1259.000000,439.000000
Atkins,36.8674,-81.3992,1183.000000,439.000000
Big Stone Gap,36.8626,-82.7769,1144.000000,438.000000
Saltville,36.8751,-81.7642,1173.000000,438.000000
Keokee,36.8622,-82.9161,1140.000000,438.000000
Castlewood,36.8782,-82.2879,1158.000000,438.000000
Alberta,36.8552,-77.8937,1272.000000,438.000000
Norfolk,36.8945,-76.259,1318.000000,438.000000
Rural Retreat,36.901,-81.2765,1187.000000,438.000000
Lebanon,36.8993,-82.0777,1164.000000,437.000000
Floyd,36.9118,-80.3184,1214.000000,437.000000
St. Paul,36.9068,-82.3162,1157.000000,437.000000
Ivor,36.9052,-76.8978,1300.000000,437.000000
Appalachia,36.9098,-82.7882,1144.000000,437.000000
Warfield,36.8976,-77.8194,1274.000000,437.000000
Allisonia,36.9342,-80.7255,1203.000000,436.000000
Ferrum,36.9313,-80.0149,1223.000000,436.000000
Sussex,36.9173,-77.2719,1290.000000,436.000000
Riverview,36.9326,-82.4846,1153.000000,436.000000
Norton,36.9314,-82.6262,1149.000000,436.000000
Fort Chiswell,36.9444,-80.9577,1196.000000,436.000000
Benns Church,36.937,-76.5842,1309.000000,436.000000
Cleveland,36.9434,-82.1527,1162.000000,436.000000
Carrollton,36.9394,-76.5264,1311.000000,436.000000
Wytheville,36.953,-81.0881,1192.000000,436.000000
Coeburn,36.9444,-82.4698,1153.000000,436.000000
Nathalie,36.9381,-78.9422,1253.000000,436.000000
Gretna,36.9492,-79.3646,1241.000000,436.000000
Hiwassee,36.9682,-80.7044,1203.000000,435.000000
Stony Creek,36.948,-77.4,1286.000000,435.000000
Henry Fork,36.9679,-79.871,1227.000000,435.000000
Max Meadows,36.9798,-80.9678,1196.000000,435.000000
Dante,36.9792,-82.296,1158.000000,435.000000
Smithfield,36.9754,-76.6162,1308.000000,435.000000
Wise,36.9767,-82.5809,1150.000000,435.000000
Lunenburg,36.9584,-78.2682,1272.000000,435.000000
Kenbridge,36.9608,-78.1283,1276.000000,434.000000
Penhook,36.9905,-79.6318,1234.000000,434.000000
Draper,37.0012,-80.7373,1202.000000,434.000000
Rocky Mount,37.0045,-79.8854,1226.000000,434.000000
McKenney,36.9853,-77.7219,1277.000000,434.000000
Drakes Branch,36.9933,-78.6009,1263.000000,434.000000
Honaker,37.0156,-81.9685,1167.000000,434.000000
Snowville,37.026,-80.5739,1207.000000,433.000000
Victoria,36.9947,-78.2242,1274.000000,433.000000
Union Hall,37.0205,-79.6833,1232.000000,433.000000
Dendron,37.0364,-76.924,1300.000000,432.000000
Waverly,37.034,-77.0956,1295.000000,432.000000
Pulaski,37.0528,-80.7624,1202.000000,432.000000
Hampton,37.0551,-76.363,1315.000000,432.000000
Claypool Hill,37.0633,-81.7506,1174.000000,432.000000
Keysville,37.039,-78.4804,1266.000000,432.000000
Riner,37.0675,-80.4405,1211.000000,432.000000
Brookneal,37.0532,-78.9485,1253.000000,432.000000
Motley,37.0657,-79.3474,1242.000000,432.000000
Charlotte Court House,37.0563,-78.6377,1262.000000,432.000000
North Shore,37.0778,-79.6518,1233.000000,431.000000
Cedar Bluff,37.0876,-81.7632,1173.000000,431.000000
Richlands,37.0878,-81.808,1172.000000,431.000000
Rushmere,37.0836,-76.6747,1307.000000,431.000000
Raven,37.0937,-81.8601,1170.000000,431.000000
Dublin,37.0987,-80.6831,1204.000000,431.000000
Bland,37.1,-81.1161,1192.000000,431.000000
Phenix,37.0811,-78.7485,1259.000000,431.000000
Templeton,37.0811,-77.3563,1287.000000,431.000000
Bethel Manor,37.0973,-76.4244,1314.000000,431.000000
Hurt,37.0954,-79.3029,1243.000000,431.000000
Newport News,37.1051,-76.5185,1311.000000,430.000000
Blackstone,37.0821,-78.0029,1280.000000,430.000000
Boones Mill,37.1156,-79.9514,1225.000000,430.000000
Radford,37.1229,-80.5587,1207.000000,430.000000
Plum Creek,37.1268,-80.5047,1209.000000,430.000000
Tazewell,37.1268,-81.5134,1180.000000,430.000000
Westlake Corner,37.1234,-79.6971,1232.000000,430.000000
Altavista,37.1232,-79.2858,1243.000000,430.000000
Gratton,37.1351,-81.4212,1183.000000,430.000000
Pound,37.126,-82.6071,1149.000000,430.000000
Poquoson,37.1318,-76.3569,1316.000000,430.000000
New River,37.1409,-80.5929,1206.000000,429.000000
Christiansburg,37.1411,-80.4028,1212.000000,429.000000
Fairlawn,37.1476,-80.5567,1207.000000,429.000000
Surry,37.1371,-76.8333,1302.000000,429.000000
Clintwood,37.1507,-82.4573,1153.000000,429.000000
Nottoway Court House,37.1272,-78.0734,1278.000000,429.000000
Clinchco,37.1588,-82.3562,1156.000000,429.000000
Belview,37.1687,-80.511,1209.000000,428.000000
Shawsville,37.1707,-80.2527,1216.000000,428.000000
Merrimac,37.1904,-80.4244,1211.000000,428.000000
Belspring,37.1939,-80.6097,1206.000000,428.000000
Springville,37.194,-81.3999,1183.000000,428.000000
Scotland,37.1812,-76.7966,1303.000000,428.000000
Prices Fork,37.207,-80.4851,1209.000000,427.000000
Crewe,37.1812,-78.1307,1276.000000,427.000000
Parrott,37.2168,-80.6242,1205.000000,427.000000
Elliston,37.2163,-80.2245,1217.000000,427.000000
Burkeville,37.1879,-78.2012,1274.000000,427.000000
Haysi,37.2151,-82.2931,1158.000000,427.000000
Petersburg,37.2043,-77.3913,1286.000000,427.000000
Cave Spring,37.2254,-80.0073,1223.000000,426.000000
Blacksburg,37.23,-80.4279,1211.000000,426.000000
Bluefield,37.2351,-81.2751,1187.000000,426.000000
Lafayette,37.233,-80.2051,1217.000000,426.000000
Vansant,37.2358,-82.096,1164.000000,426.000000
Prince George,37.2209,-77.2683,1290.000000,426.000000
Claremont,37.2273,-76.9666,1298.000000,426.000000
Yorktown,37.2352,-76.5146,1311.000000,426.000000
Matoaca,37.2313,-77.4679,1284.000000,426.000000
Fort Lee,37.2357,-77.3325,1288.000000,425.000000
Cape Charles,37.257,-76.0093,1325.000000,425.000000
Ettrick,37.2435,-77.4287,1285.000000,425.000000
Hampden-Sydney,37.2416,-78.4693,1267.000000,425.000000
Glenvar,37.276,-80.1256,1220.000000,425.000000
Vinton,37.2746,-79.8887,1226.000000,425.000000
Grundy,37.2754,-82.0988,1164.000000,425.000000
Williamsburg,37.2692,-76.7076,1306.000000,425.000000
Roanoke,37.2785,-79.958,1224.000000,425.000000
Gloucester Point,37.2767,-76.5043,1311.000000,425.000000
Rustburg,37.2712,-79.0962,1249.000000,425.000000
Pamplin City,37.2642,-78.682,1261.000000,425.000000
Colonial Heights,37.265,-77.3969,1286.000000,424.000000
Salem,37.2864,-80.0555,1222.000000,424.000000
Cheriton,37.2919,-75.9679,1327.000000,424.000000
Pocahontas,37.3071,-81.3438,1185.000000,424.000000
Hopewell,37.2915,-77.2985,1289.000000,424.000000
Pembroke,37.3219,-80.6365,1205.000000,423.000000
Farmville,37.2959,-78.4002,1269.000000,423.000000
Pearisburg,37.3289,-80.7275,1203.000000,423.000000
Timberlake,37.3167,-79.2482,1245.000000,423.000000
Narrows,37.3315,-80.8083,1200.000000,423.000000
Bedford,37.336,-79.5179,1237.000000,423.000000
Hollins,37.3434,-79.9535,1225.000000,422.000000
Enon,37.3273,-77.3194,1288.000000,422.000000
Eastville,37.3511,-75.9416,1327.000000,422.000000
Concord,37.3426,-78.9862,1252.000000,422.000000
Cloverdale,37.3566,-79.9055,1226.000000,422.000000
Charles City,37.3441,-77.0687,1295.000000,422.000000
Laymantown,37.3628,-79.8525,1227.000000,422.000000
Glen Lyn,37.3727,-80.858,1199.000000,422.000000
Amelia Court House,37.3366,-77.9882,1269.000000,422.000000
Chester,37.3531,-77.4342,1285.000000,421.000000
Appomattox,37.3591,-78.8269,1256.000000,421.000000
Rich Creek,37.3832,-80.8204,1200.000000,421.000000
Blue Ridge,37.3783,-79.8206,1228.000000,421.000000
Forest,37.3728,-79.2831,1244.000000,421.000000
Montvale,37.3866,-79.7253,1231.000000,421.000000
Lynchburg,37.4003,-79.1909,1246.000000,420.000000
Gloucester Courthouse,37.4053,-76.526,1311.000000,420.000000
Daleville,37.415,-79.9132,1226.000000,420.000000
Troutville,37.4168,-79.8779,1227.000000,420.000000
Bellwood,37.406,-77.4363,1285.000000,420.000000
Mathews,37.4365,-76.3245,1317.000000,419.000000
Woodlake,37.4216,-77.6783,1278.000000,419.000000
Meadowbrook,37.4301,-77.474,1284.000000,419.000000
Brandermill,37.434,-77.6522,1279.000000,419.000000
Madison Heights,37.4487,-79.1057,1249.000000,419.000000
Bensley,37.447,-77.442,1285.000000,418.000000
Nassawadox,37.4763,-75.8591,1330.000000,418.000000
Rockwood,37.463,-77.5744,1281.000000,418.000000
New Castle,37.5013,-80.1119,1220.000000,417.000000
Fincastle,37.4994,-79.8757,1227.000000,417.000000
Gwynn,37.4984,-76.2883,1318.000000,417.000000
Manchester,37.4902,-77.5396,1282.000000,417.000000
Cumberland,37.4914,-78.2577,1273.000000,417.000000
New Kent,37.5095,-76.9862,1298.000000,416.000000
Buchanan,37.5211,-79.6894,1232.000000,416.000000
Exmore,37.5295,-75.8283,1331.000000,416.000000
Sandston,37.512,-77.3149,1288.000000,416.000000
Montrose,37.52,-77.3772,1287.000000,416.000000
Big Island,37.5351,-79.3615,1241.000000,416.000000
Bon Air,37.5187,-77.5713,1281.000000,416.000000
Cats Bridge,37.5491,-75.7797,1332.000000,416.000000
Savage Town,37.55,-75.7983,1331.000000,416.000000
Richmond,37.5295,-77.4756,1284.000000,415.000000
Quinby,37.5533,-75.7368,1333.000000,415.000000
Deltaville,37.5525,-76.3331,1316.000000,415.000000
West Point,37.5519,-76.8017,1303.000000,415.000000
Dillwyn,37.5411,-78.4613,1267.000000,415.000000
Highland Springs,37.5516,-77.3285,1288.000000,415.000000
Mappsburg,37.576,-75.7593,1333.000000,415.000000
Powhatan,37.5427,-77.9267,1271.000000,415.000000
Buckingham Courthouse,37.5541,-78.5514,1264.000000,415.000000
Painter,37.5852,-75.7837,1332.000000,414.000000
Amherst,37.5816,-79.0509,1250.000000,414.000000
East Highland Park,37.577,-77.3865,1286.000000,414.000000
Boston,37.6039,-75.8437,1330.000000,414.000000
Wachapreague,37.6064,-75.6898,1335.000000,414.000000
Saluda,37.6053,-76.5938,1309.000000,413.000000
Tuckahoe,37.5878,-77.5858,1281.000000,413.000000
Keller,37.6212,-75.7644,1332.000000,413.000000
Pungoteague,37.6291,-75.8172,1331.000000,413.000000
Lakeside,37.6133,-77.4768,1284.000000,413.000000
Dumbarton,37.613,-77.5065,1283.000000,413.000000
Glasgow,37.6348,-79.4514,1239.000000,412.000000
Mechanicsville,37.6262,-77.3561,1287.000000,412.000000
Urbanna,37.6395,-76.5747,1309.000000,412.000000
Melfa,37.6489,-75.7407,1333.000000,412.000000
Bobtown,37.6493,-75.7998,1331.000000,412.000000
White Stone,37.644,-76.3897,1315.000000,412.000000
Chamberlayne,37.628,-77.4288,1285.000000,412.000000
Harborton,37.6596,-75.8332,1331.000000,412.000000
Laurel,37.6375,-77.5062,1283.000000,412.000000
Irvington,37.6621,-76.4205,1314.000000,412.000000
King and Queen Court House,37.6683,-76.8782,1301.000000,411.000000
Innsbrook,37.6552,-77.5775,1281.000000,411.000000
Short Pump,37.6549,-77.6201,1280.000000,411.000000
Savageville,37.6826,-75.7591,1333.000000,411.000000
Yogaville,37.6654,-78.6946,1260.000000,411.000000
Glen Allen,37.666,-77.4838,1284.000000,411.000000
Arrington,37.6744,-78.8929,1255.000000,411.000000
Onley,37.6916,-75.718,1334.000000,411.000000
King William,37.6882,-77.0212,1297.000000,410.000000
Onancock,37.7102,-75.7433,1333.000000,410.000000
Tasley,37.7125,-75.6971,1334.000000,410.000000
Kilmarnock,37.7118,-76.3834,1315.000000,410.000000
Wyndham,37.6924,-77.6123,1280.000000,410.000000
Accomac,37.7196,-75.6674,1335.000000,410.000000
Goochland,37.6973,-77.8944,1272.000000,409.000000
Greenbush,37.7397,-75.6796,1335.000000,409.000000
Buena Vista,37.7319,-79.3569,1241.000000,409.000000
Pastoria,37.7446,-75.6352,1336.000000,409.000000
Southside Chesconessex,37.7439,-75.7786,1332.000000,409.000000
Shipman,37.7272,-78.8423,1256.000000,409.000000
Bayside,37.7548,-75.7129,1334.000000,409.000000
Chase Crossing,37.7604,-75.6658,1335.000000,408.000000
Central Garage,37.7458,-77.1315,1294.000000,408.000000
Deep Creek,37.763,-75.7549,1333.000000,408.000000
Metompkin,37.7671,-75.6054,1337.000000,408.000000
Lancaster,37.7675,-76.4549,1313.000000,408.000000
Lovingston,37.7605,-78.8689,1255.000000,408.000000
Lee Mont,37.7799,-75.6802,1335.000000,408.000000
Covington,37.7785,-79.9868,1224.000000,408.000000
Whitesville,37.7816,-75.6636,1335.000000,408.000000
Ashland,37.7596,-77.4715,1284.000000,408.000000
Columbia,37.7538,-78.1632,1275.000000,408.000000
Parksley,37.7862,-75.6538,1336.000000,408.000000
Hanover,37.7668,-77.3706,1287.000000,407.000000
Gargatha,37.7905,-75.5819,1338.000000,407.000000
Lexington,37.7825,-79.444,1239.000000,407.000000
Low Moor,37.7943,-79.8706,1227.000000,407.000000
Iron Gate,37.7985,-79.7903,1229.000000,407.000000
Selma,37.8033,-79.8499,1227.000000,407.000000
East Lexington,37.8009,-79.416,1240.000000,407.000000
Callaghan,37.8112,-80.0871,1221.000000,407.000000
Schuyler,37.7939,-78.7002,1260.000000,407.000000
Modest Town,37.8169,-75.561,1338.000000,407.000000
Nelsonia,37.8224,-75.5895,1337.000000,406.000000
Tangier,37.8235,-75.9934,1326.000000,406.000000
Clifton Forge,37.8232,-79.825,1228.000000,406.000000
Bloxom,37.8292,-75.6214,1337.000000,406.000000
Scottsville,37.8063,-78.4919,1266.000000,406.000000
Mappsville,37.8433,-75.5689,1338.000000,406.000000
Esmont,37.8284,-78.5959,1263.000000,405.000000
Hallwood,37.8774,-75.5898,1337.000000,404.000000
Palmyra,37.8652,-78.2627,1272.000000,404.000000
Temperanceville,37.8991,-75.5526,1338.000000,404.000000
Atlantic,37.9023,-75.5058,1340.000000,404.000000
Makemie Park,37.9106,-75.5845,1338.000000,403.000000
Saxis,37.9261,-75.7224,1334.000000,403.000000
Heathsville,37.92,-76.4785,1312.000000,403.000000
Wattsville,37.9304,-75.4953,1340.000000,403.000000
Sanford,37.9299,-75.662,1335.000000,403.000000
Nellysford,37.913,-78.8828,1255.000000,403.000000
Oak Hall,37.9308,-75.5469,1339.000000,403.000000
Tappahannock,37.9187,-76.8667,1301.000000,403.000000
Wintergreen,37.9161,-78.9382,1253.000000,403.000000
Lake Monticello,37.921,-78.3295,1271.000000,402.000000
Chincoteague,37.9591,-75.3496,1344.000000,402.000000
Horntown,37.9655,-75.4559,1341.000000,402.000000
Warsaw,37.9603,-76.761,1304.000000,401.000000
New Church,37.9826,-75.5291,1339.000000,401.000000
Goshen,37.9901,-79.5067,1237.000000,400.000000
Captains Cove,38.0003,-75.4173,1342.000000,400.000000
Sherando,37.9889,-78.9442,1253.000000,400.000000
Hot Springs,38.0013,-79.8239,1228.000000,400.000000
Greenbackville,38.0105,-75.3869,1343.000000,400.000000
Lake Caroline,37.9856,-77.5244,1283.000000,400.000000
Greenville,38.0036,-79.1522,1247.000000,400.000000
Rivanna,37.9945,-78.3788,1269.000000,400.000000
Lyndhurst,38.0221,-78.9516,1253.000000,399.000000
Stuarts Draft,38.0245,-79.0308,1251.000000,399.000000
Mineral,38.0068,-77.9061,1272.000000,399.000000
Lake Land'Or,38.017,-77.5593,1282.000000,399.000000
Pantops,38.0308,-78.4444,1267.000000,398.000000
Louisa,38.0212,-77.9985,1269.000000,398.000000
Charlottesville,38.0375,-78.4855,1266.000000,398.000000
University of Virginia,38.0405,-78.5163,1265.000000,398.000000
Middlebrook,38.0552,-79.2182,1245.000000,398.000000
Bowling Green,38.0535,-77.3473,1288.000000,398.000000
Ivy,38.0611,-78.5987,1263.000000,397.000000
Waynesboro,38.0674,-78.9014,1254.000000,397.000000
Crozet,38.0645,-78.6962,1260.000000,397.000000
Craigsville,38.0838,-79.3853,1241.000000,397.000000
Montross,38.0941,-76.8227,1302.000000,397.000000
Fishersville,38.1005,-78.9687,1252.000000,396.000000
Augusta Springs,38.1079,-79.3352,1242.000000,396.000000
Dooms,38.1027,-78.8495,1256.000000,396.000000
Jolivue,38.1149,-79.0668,1250.000000,396.000000
Blue Ridge Shores,38.1091,-78.0235,1279.000000,395.000000
Hollymead,38.1266,-78.4386,1267.000000,395.000000
Gordonsville,38.136,-78.1879,1275.000000,395.000000
Staunton,38.1593,-79.0611,1250.000000,394.000000
Free Union,38.1539,-78.5595,1264.000000,394.000000
Crimora,38.1618,-78.8413,1256.000000,394.000000
Port Royal,38.1657,-77.1989,1292.000000,394.000000
Piney Mountain,38.1591,-78.4156,1268.000000,394.000000
Deerfield,38.1954,-79.4105,1240.000000,393.000000
Verona,38.1939,-79.0087,1251.000000,393.000000
New Hope,38.1954,-78.9044,1254.000000,393.000000
Spotsylvania Courthouse,38.1982,-77.5885,1281.000000,393.000000
Harriston,38.212,-78.8283,1256.000000,393.000000
Churchville,38.2247,-79.1619,1247.000000,392.000000
Ruckersville,38.2314,-78.3756,1269.000000,392.000000
Colonial Beach,38.2565,-76.9784,1298.000000,391.000000
Mount Sidney,38.2586,-78.9654,1252.000000,391.000000
Twin Lakes,38.2505,-78.4417,1267.000000,391.000000
Orange,38.2486,-78.1127,1277.000000,391.000000
Grottoes,38.2692,-78.8252,1256.000000,391.000000
King George,38.2807,-77.1896,1292.000000,390.000000
Weyers Cave,38.2844,-78.9125,1254.000000,390.000000
Passapatanzy,38.2942,-77.3266,1288.000000,390.000000
Fredericksburg,38.2992,-77.4872,1284.000000,389.000000
Stanardsville,38.2991,-78.4367,1267.000000,389.000000
Lake Wilderness,38.3036,-77.7276,1277.000000,389.000000
Fairview Beach,38.3282,-77.2423,1291.000000,389.000000
Dahlgren Center,38.34,-77.0324,1297.000000,388.000000
Falmouth,38.3319,-77.4655,1284.000000,388.000000
Dahlgren,38.3444,-77.0624,1296.000000,388.000000
Lake of the Woods,38.3342,-77.7599,1276.000000,388.000000
Southern Gateway,38.3489,-77.5036,1283.000000,388.000000
Mount Crawford,38.3601,-78.9413,1253.000000,388.000000
Bridgewater,38.3862,-78.9674,1252.000000,387.000000
Massanetta Springs,38.3899,-78.834,1256.000000,386.000000
Madison,38.3794,-78.2586,1273.000000,386.000000
Monterey,38.4116,-79.5809,1235.000000,386.000000
Massanutten,38.4115,-78.7269,1259.000000,386.000000
Elkton,38.4106,-78.616,1262.000000,386.000000
Dayton,38.4173,-78.9412,1253.000000,386.000000
Stafford Courthouse,38.417,-77.4207,1286.000000,385.000000
Brightwood,38.4132,-78.188,1275.000000,385.000000
Harrisonburg,38.4361,-78.8735,1255.000000,385.000000
Belmont Estates,38.4465,-78.9228,1254.000000,385.000000
Aquia Harbour,38.4597,-77.3806,1287.000000,384.000000
Culpeper,38.4705,-78.0001,1280.000000,383.000000
Shenandoah,38.4875,-78.6171,1262.000000,383.000000
Quantico,38.5224,-77.2901,1289.000000,382.000000
Quantico Base,38.5228,-77.3187,1288.000000,382.000000
Remington,38.5346,-77.8083,1275.000000,381.000000
Triangle,38.5483,-77.3195,1288.000000,381.000000
Dumfries,38.567,-77.3233,1288.000000,380.000000
Cherry Hill,38.5696,-77.2895,1289.000000,380.000000
Stanley,38.5769,-78.5027,1266.000000,380.000000
Bealeton,38.5822,-77.7781,1275.000000,380.000000
Broadway,38.6083,-78.8016,1257.000000,379.000000
Midland,38.5984,-77.7213,1277.000000,379.000000
Neabsco,38.6083,-77.2847,1289.000000,379.000000
Montclair,38.6111,-77.34,1288.000000,379.000000
Opal,38.6201,-77.8049,1275.000000,378.000000
Timberville,38.634,-78.773,1258.000000,378.000000
Independent Hill,38.6404,-77.409,1286.000000,378.000000
Calverton,38.6355,-77.6661,1279.000000,378.000000
New Market,38.6459,-78.6709,1261.000000,378.000000
Dale City,38.6473,-77.3459,1288.000000,378.000000
Mason Neck,38.6556,-77.1819,1292.000000,377.000000
Potomac Mills,38.6547,-77.3012,1289.000000,377.000000
Woodbridge,38.6569,-77.2403,1291.000000,377.000000
Catlett,38.654,-77.637,1279.000000,377.000000
Sperryville,38.6562,-78.2322,1273.000000,377.000000
Luray,38.665,-78.4546,1267.000000,377.000000
Occoquan,38.6825,-77.2606,1290.000000,377.000000
Lake Ridge,38.6843,-77.3059,1289.000000,376.000000
County Center,38.6917,-77.3507,1288.000000,376.000000
Lorton,38.6984,-77.2163,1291.000000,376.000000
Nokesville,38.694,-77.5757,1281.000000,376.000000
Laurel Hill,38.7026,-77.2422,1291.000000,376.000000
Fort Belvoir,38.7119,-77.1459,1293.000000,376.000000
Mount Vernon,38.714,-77.1043,1295.000000,376.000000
Washington,38.7121,-78.1599,1275.000000,375.000000
Crosspointe,38.7253,-77.2638,1290.000000,375.000000
Buckhall,38.725,-77.4472,1285.000000,375.000000
Warrenton,38.7176,-77.7975,1275.000000,375.000000
Woodlawn,38.7332,-77.1149,1294.000000,375.000000
Fort Hunt,38.7361,-77.0589,1296.000000,375.000000
Newington,38.7358,-77.1993,1292.000000,375.000000
Newington Forest,38.7371,-77.2339,1291.000000,375.000000
Mount Jackson,38.7394,-78.6513,1261.000000,375.000000
Hybla Valley,38.7485,-77.0822,1295.000000,374.000000
South Run,38.7467,-77.2754,1290.000000,374.000000
Hayfield,38.7536,-77.1321,1294.000000,374.000000
Manassas,38.7479,-77.4839,1284.000000,374.000000
Groveton,38.7605,-77.098,1295.000000,374.000000
New Baltimore,38.7495,-77.7151,1277.000000,374.000000
Kingstowne,38.7625,-77.1445,1293.000000,374.000000
Linton Hall,38.7551,-77.575,1281.000000,374.000000
Franconia,38.7682,-77.1587,1293.000000,374.000000
Belle Haven,38.7775,-77.0574,1296.000000,373.000000
Manassas Park,38.7719,-77.445,1285.000000,373.000000
West Springfield,38.7771,-77.2268,1291.000000,373.000000
Burke,38.7773,-77.2633,1290.000000,373.000000
Springfield,38.7809,-77.1839,1292.000000,373.000000
Flint Hill,38.7666,-78.1028,1277.000000,373.000000
Clifton,38.7802,-77.3866,1287.000000,373.000000
Rose Hill,38.7872,-77.1085,1294.000000,373.000000
Bull Run,38.7802,-77.5204,1283.000000,373.000000
Loch Lomond,38.7812,-77.4817,1284.000000,373.000000
Huntington,38.7916,-77.074,1295.000000,373.000000
Burke Centre,38.7903,-77.2999,1289.000000,373.000000
Yorkshire,38.7882,-77.4495,1285.000000,373.000000
Sudley,38.7878,-77.4961,1283.000000,373.000000
Fairfax Station,38.7942,-77.3358,1288.000000,373.000000
Gainesville,38.7931,-77.6347,1280.000000,373.000000
North Springfield,38.8024,-77.2028,1292.000000,372.000000
Kings Park,38.8026,-77.2396,1291.000000,372.000000
Ravensworth,38.8032,-77.2223,1291.000000,372.000000
Lincolnia,38.8158,-77.1543,1293.000000,372.000000
Alexandria,38.8185,-77.0861,1295.000000,372.000000
Kings Park West,38.8151,-77.296,1289.000000,372.000000
Basye,38.8181,-78.7659,1258.000000,372.000000
Haymarket,38.8122,-77.6363,1279.000000,372.000000
Wakefield,38.823,-77.2407,1291.000000,372.000000
Edinburg,38.8235,-78.5634,1264.000000,372.000000
Long Branch,38.8302,-77.2713,1290.000000,372.000000
Annandale,38.8324,-77.196,1292.000000,371.000000
George Mason,38.8355,-77.3185,1288.000000,371.000000
Centreville,38.8391,-77.4388,1285.000000,371.000000
Bailey's Crossroads,38.8477,-77.1305,1294.000000,371.000000
Lake Barcroft,38.8514,-77.1579,1293.000000,371.000000
Woodburn,38.8503,-77.2322,1291.000000,371.000000
Mantua,38.8526,-77.2571,1290.000000,371.000000
Fairfax,38.8531,-77.2998,1289.000000,371.000000
Fair Lakes,38.853,-77.3885,1287.000000,371.000000
West Falls Church,38.8648,-77.1878,1292.000000,370.000000
Seven Corners,38.8658,-77.1445,1293.000000,370.000000
Chester Gap,38.8534,-78.1325,1276.000000,370.000000
Fair Oaks,38.8653,-77.3586,1287.000000,370.000000
Merrifield,38.8731,-77.2426,1291.000000,370.000000
The Plains,38.8621,-77.7741,1276.000000,370.000000
Greenbriar,38.8717,-77.397,1286.000000,370.000000
Arlington,38.8786,-77.1011,1295.000000,370.000000
Marshall,38.8661,-77.8453,1274.000000,370.000000
Woodstock,38.875,-78.516,1265.000000,370.000000
Falls Church,38.8847,-77.1751,1293.000000,370.000000
Idylwood,38.8896,-77.2055,1292.000000,370.000000
Oakton,38.8887,-77.3016,1289.000000,370.000000
Chantilly,38.8868,-77.4453,1285.000000,369.000000
Dunn Loring,38.8945,-77.2316,1291.000000,369.000000
Vienna,38.8996,-77.2597,1290.000000,369.000000
Pimmit Hills,38.9105,-77.1991,1292.000000,369.000000
Franklin Farm,38.9133,-77.3969,1286.000000,369.000000
South Riding,38.912,-77.5132,1283.000000,369.000000
Bull Run Mountain Estates,38.9107,-77.6638,1279.000000,368.000000
Tysons,38.9215,-77.2273,1291.000000,368.000000
Stone Ridge,38.9295,-77.5553,1282.000000,368.000000
Apple Mountain Lake,38.9231,-78.1033,1277.000000,368.000000
Floris,38.9347,-77.4083,1286.000000,368.000000
Front Royal,38.926,-78.1838,1275.000000,368.000000
Maurertown,38.9325,-78.4615,1267.000000,368.000000
Wolf Trap,38.9395,-77.2842,1289.000000,368.000000
McLean,38.9436,-77.1943,1292.000000,368.000000
Skyland Estates,38.9329,-78.085,1277.000000,368.000000
Arcola,38.9447,-77.5306,1282.000000,367.000000
Reston,38.9497,-77.3461,1288.000000,367.000000
Toms Brook,38.9466,-78.44,1267.000000,367.000000
McNair,38.9513,-77.4116,1286.000000,367.000000
Herndon,38.9699,-77.3867,1287.000000,367.000000
Shenandoah Shores,38.9621,-78.1414,1276.000000,367.000000
Middleburg,38.9715,-77.7429,1276.000000,366.000000
Loudoun Valley Estates,38.9801,-77.5082,1283.000000,366.000000
Brambleton,38.9802,-77.5323,1282.000000,366.000000
Oak Grove,38.9845,-77.4174,1286.000000,366.000000
Shenandoah Farms,38.9793,-78.0469,1278.000000,366.000000
Dranesville,38.9955,-77.3693,1287.000000,366.000000
Moorefield Station,38.9981,-77.4971,1283.000000,366.000000
Strasburg,38.9961,-78.3548,1270.000000,366.000000
Sterling,39.0052,-77.405,1286.000000,365.000000
Great Falls,39.011,-77.3013,1289.000000,365.000000
Broadlands,39.0168,-77.5167,1283.000000,365.000000
Dulles Town Center,39.0265,-77.4196,1286.000000,365.000000
Sugarland Run,39.0309,-77.3762,1287.000000,365.000000
Ashburn,39.03,-77.4711,1284.000000,365.000000
Middletown,39.0288,-78.278,1272.000000,364.000000
Lowes Island,39.0471,-77.3524,1288.000000,364.000000
Cascades,39.0464,-77.3874,1287.000000,364.000000
Countryside,39.0518,-77.4124,1286.000000,364.000000
University Center,39.0601,-77.4445,1285.000000,364.000000
Belmont,39.065,-77.4965,1283.000000,363.000000
Lansdowne,39.0846,-77.4839,1284.000000,363.000000
Stephens City,39.0902,-78.223,1273.000000,362.000000
Boyce,39.0933,-78.0601,1278.000000,362.000000
Leesburg,39.1058,-77.5544,1282.000000,362.000000
Round Hill,39.1319,-77.7681,1276.000000,361.000000
Hamilton,39.1349,-77.6642,1279.000000,361.000000
Purcellville,39.1378,-77.7109,1277.000000,361.000000
Shenandoah Retreat,39.1373,-77.8637,1273.000000,361.000000
Berryville,39.1504,-77.9824,1270.000000,360.000000
Winchester,39.1735,-78.1746,1275.000000,359.000000
Shawneeland,39.1976,-78.3464,1270.000000,359.000000
Hillsboro,39.1987,-77.7239,1277.000000,359.000000
Lovettsville,39.2736,-77.6399,1279.000000,356.000000
Lake Holiday,39.3092,-78.3245,1270.000000,355.000000
